filter_reason,source_province_id,source_name,source_root_title,source_kingdom,source_duchy,source_county,source_barony,source_rgb,target_province_id,target_rgb,target_name,target_root_title,target_kingdom,target_duchy,target_county,target_barony,target_title_path,classification,status,apply_to_history,confidence,overlap_score,centroid_score,neighbor_score,name_score,target_coverage,overlap_pixels,source_pixel_count,target_pixel_count,candidate_count,target_source_count_all,target_best_source_id,target_best_overlap_score,target_second_best_overlap_score,target_overlap_gap,target_is_best_source,source_history_exists,source_history_file,live_target_history_exists,test_target_history_exists,target_kind,promotion_hint,notes,top_candidates
target_title_block,830,Pattikera,h_india,k_bengal_east,d_chattogram,c_samatata,b_pattikera,"0,147,15",830,"0,147,15",Pattikera,h_india,k_bengal_east,d_chattogram,c_samatata,b_pattikera,h_india > e_bengal > k_bengal_east > d_chattogram > c_samatata > b_pattikera,exact,mapped,yes,1.000000,1.000000,1.000000,1.000000,1.000000,1.000000,509,509,509,1,1,830,1.000000,0.000000,1.000000,yes,yes,00_MB_PROVINCES.txt,yes,yes,playable,ready:exact,auto: dominant_overlap,1:830:1.0000:1.0000
target_title_block,9657,Udaipur,h_india,k_bengal_east,d_vanga,c_karmanta,b_udaipur,"93,3,156",9657,"93,3,156",Udaipur,h_india,k_bengal_east,d_vanga,c_karmanta,b_udaipur,h_india > e_bengal > k_bengal_east > d_vanga > c_karmanta > b_udaipur,exact,mapped,yes,0.990861,1.000000,0.999716,1.000000,1.000000,0.939266,665,665,708,1,1,9657,1.000000,0.000000,1.000000,yes,yes,00_MB_PROVINCES.txt,yes,yes,playable,ready:exact,auto: dominant_overlap,1:9657:1.0000:0.9393
target_title_block,9586,Ramree,e_ramanya,k_arakan,d_sandoway,c_ramree,b_ramree,"51,3,93",9586,"51,3,93",Ramree,e_suvarnabhumi,k_pagan,d_arakan,c_sandoway,b_ramree,e_suvarnabhumi > k_pagan > d_arakan > c_sandoway > b_ramree,exact,mapped,yes,0.981000,0.963576,0.999808,1.000000,1.000000,0.994872,582,604,585,3,1,9586,0.963576,0.000000,0.963576,yes,yes,00_MB_PROVINCES.txt,yes,yes,playable,ready:exact,auto: dominant_overlap,1:9586:0.9636:0.9949 | 2:9585:0.0298:0.0166 | 3:9587:0.0066:0.0044
target_title_block,9589,Myede,e_burma,k_pagan,d_sriksetra,c_sriksetra,b_letpadan,"177,12,222",9589,"177,12,222",Myede,e_suvarnabhumi,k_pagan,d_sriksetra,c_sriksetra,b_myede,e_suvarnabhumi > k_pagan > d_sriksetra > c_sriksetra > b_myede,exact,mapped,yes,0.958530,0.968468,0.999381,1.000000,1.000000,0.829049,645,666,778,4,1,9589,0.968468,0.000000,0.968468,yes,yes,00_MB_PROVINCES.txt,yes,yes,playable,ready:exact,auto: dominant_overlap,1:9589:0.9685:0.8290 | 2:9635:0.0150:0.0081 | 3:8608:0.0090:0.0118 | 4:9588:0.0075:0.0039
target_title_block,9577,Launggyet,e_ramanya,k_arakan,d_arakan,c_launggyet,b_launggyet,"93,189,216",9577,"93,189,216",Launggyet,e_suvarnabhumi,k_pagan,d_arakan,c_vaisali,b_launggyet,e_suvarnabhumi > k_pagan > d_arakan > c_vaisali > b_launggyet,exact,mapped,yes,0.957094,0.970917,0.999531,1.000000,1.000000,0.811215,434,447,535,2,1,9577,0.970917,0.000000,0.970917,yes,yes,00_MB_PROVINCES.txt,yes,yes,playable,ready:exact,auto: dominant_overlap,1:9577:0.9709:0.8112 | 2:9578:0.0291:0.0353
target_title_block,9631,Negrais,e_ramanya,k_pegu,d_krapan,c_myaungmya,b_negrais,"51,138,143",9631,"51,138,143",Negrais,e_suvarnabhumi,k_pagan,d_ramannadesa,c_kusumi,b_negrais,e_suvarnabhumi > k_pagan > d_ramannadesa > c_kusumi > b_negrais,exact,mapped,yes,0.951567,0.966495,0.998982,1.000000,1.000000,0.789474,375,388,475,2,1,9631,0.966495,0.000000,0.966495,yes,yes,00_MB_PROVINCES.txt,yes,yes,playable,ready:exact,auto: dominant_overlap,1:9631:0.9665:0.7895 | 2:8686:0.0335:0.0012
target_title_block,829,Candranatha,h_india,k_bengal_east,d_chattogram,c_samatata,b_candranatha,"168,144,142",829,"168,144,142",Candranatha,h_india,k_bengal_east,d_chattogram,c_samatata,b_candranatha,h_india > e_bengal > k_bengal_east > d_chattogram > c_samatata > b_candranatha,exact,mapped,yes,0.947415,0.930845,0.999048,1.000000,1.000000,0.880582,848,911,963,4,1,829,0.930845,0.000000,0.930845,yes,yes,00_MB_PROVINCES.txt,yes,yes,playable,ready:exact,auto: dominant_overlap,1:829:0.9308:0.8806 | 2:9657:0.0472:0.0607 | 3:854:0.0198:0.0092 | 4:828:0.0022:0.0031
target_title_block,9560,Maingmaw,e_burma,k_pagan,d_binnaka,c_binnaka,b_meiktila,"9,138,80",9560,"9,138,80",Maingmaw,e_suvarnabhumi,k_pagan,d_pagan,c_kyaukse,b_maingmaw,e_suvarnabhumi > k_pagan > d_pagan > c_kyaukse > b_maingmaw,exact,mapped,yes,0.935325,0.919231,0.999204,1.000000,1.000000,0.838596,717,780,855,4,1,9560,0.919231,0.000000,0.919231,yes,yes,00_MB_PROVINCES.txt,yes,yes,playable,ready:exact,auto: dominant_overlap,1:9560:0.9192:0.8386 | 2:9570:0.0449:0.0260 | 3:9573:0.0333:0.0355 | 4:9552:0.0026:0.0039
target_title_block,9582,Dianga,e_ramanya,k_arakan,d_ramu,c_ramu,b_dianga,"93,204,91",9582,"93,204,91",Dianga,e_suvarnabhumi,k_pagan,d_arakan,c_ramu,b_dianga,e_suvarnabhumi > k_pagan > d_arakan > c_ramu > b_dianga,exact,mapped,yes,0.929017,0.910803,0.998719,1.000000,1.000000,0.824955,919,1009,1114,4,1,9582,0.910803,0.000000,0.910803,yes,yes,00_MB_PROVINCES.txt,yes,yes,playable,ready:exact,auto: dominant_overlap,1:9582:0.9108:0.8250 | 2:8722:0.0496:0.0467 | 3:828:0.0307:0.0486 | 4:9581:0.0089:0.0065
target_title_block,9576,Vaisali,e_ramanya,k_arakan,d_arakan,c_vaisali,b_vaisali,"51,186,88",9576,"51,186,88",Vaisali,e_suvarnabhumi,k_pagan,d_arakan,c_vaisali,b_vaisali,e_suvarnabhumi > k_pagan > d_arakan > c_vaisali > b_vaisali,exact,mapped,yes,0.925532,0.959016,0.999772,0.800000,1.000000,0.906977,468,488,516,4,1,9576,0.959016,0.000000,0.959016,yes,yes,00_MB_PROVINCES.txt,yes,yes,playable,ready:exact,auto: dominant_overlap,1:9576:0.9590:0.9070 | 2:9577:0.0184:0.0168 | 3:9580:0.0143:0.0067 | 4:9578:0.0082:0.0109
target_title_block,9556,Ava,e_burma,k_pagan,d_maingmaw,c_maingmaw,b_ava,"51,126,78",9556,"51,126,78",Ava,e_suvarnabhumi,k_pagan,d_pagan,c_ava,b_ava,e_suvarnabhumi > k_pagan > d_pagan > c_ava > b_ava,exact,mapped,yes,0.924979,0.996656,0.998466,1.000000,1.000000,0.512027,298,299,582,2,1,9556,0.996656,0.000000,0.996656,yes,yes,00_MB_PROVINCES.txt,yes,yes,playable,ready:exact,manual: same_id_name_unique_target_high_overlap,1:9556:0.9967:0.5120 | 2:9559:0.0033:0.0014
target_title_block,9580,Akyab,e_ramanya,k_arakan,d_arakan,c_vaisali,b_akyab,"9,198,90",9580,"9,198,90",Akyab,e_suvarnabhumi,k_pagan,d_arakan,c_vaisali,b_akyab,e_suvarnabhumi > k_pagan > d_arakan > c_vaisali > b_akyab,exact,mapped,yes,0.923122,0.933526,0.999325,0.833333,1.000000,0.931731,969,1038,1040,4,1,9580,0.933526,0.000000,0.933526,yes,yes,00_MB_PROVINCES.txt,yes,yes,playable,ready:exact,auto: dominant_overlap,1:9580:0.9335:0.9317 | 2:9576:0.0318:0.0640 | 3:9583:0.0299:0.0240 | 4:9579:0.0048:0.0120
target_title_block,9579,Mahamuni,e_ramanya,k_arakan,d_arakan,c_vaisali,b_mahamuni,"177,195,217",9579,"177,195,217",Mahamuni,e_suvarnabhumi,k_pagan,d_arakan,c_vaisali,b_mahamuni,e_suvarnabhumi > k_pagan > d_arakan > c_vaisali > b_mahamuni,exact,mapped,yes,0.915980,0.966102,0.999079,0.800000,1.000000,0.820144,342,354,417,2,1,9579,0.966102,0.000000,0.966102,yes,yes,00_MB_PROVINCES.txt,yes,yes,playable,ready:exact,auto: dominant_overlap,1:9579:0.9661:0.8201 | 2:9583:0.0339:0.0093
target_title_block,9552,Nyaung_U,e_burma,k_pagan,d_pagan,c_pagan,b_nyaung_u,"93,114,76",9552,"93,114,76",Nyaung_U,e_suvarnabhumi,k_pagan,d_pagan,c_pagan,b_nyaung_u,e_suvarnabhumi > k_pagan > d_pagan > c_pagan > b_nyaung_u,exact,mapped,yes,0.913106,0.924324,0.999595,1.000000,1.000000,0.673228,342,370,508,3,1,9552,0.924324,0.000000,0.924324,yes,yes,00_MB_PROVINCES.txt,yes,yes,playable,ready:exact,auto: dominant_overlap,1:9552:0.9243:0.6732 | 2:9551:0.0541:0.0398 | 3:9550:0.0216:0.0163
target_title_block,9647,Hanlan,e_burma,k_tagaung,d_myinmu,c_mingin,b_tabayin,"93,186,151",9647,"93,186,151",Hanlan,e_suvarnabhumi,k_pagan,d_tagaung,c_hanlan,b_hanlan,e_suvarnabhumi > k_pagan > d_tagaung > c_hanlan > b_hanlan,exact,mapped,yes,0.908846,0.847005,0.998230,1.000000,1.000000,0.903472,1301,1536,1440,4,1,9647,0.847005,0.000000,0.847005,yes,yes,00_MB_PROVINCES.txt,yes,yes,playable,ready:exact,auto: dominant_overlap,1:9647:0.8470:0.9035 | 2:9622:0.0729:0.0503 | 3:9646:0.0664:0.0814 | 4:9569:0.0137:0.0289
target_title_block,9558,Taungbyon,e_burma,k_tagaung,d_myinmu,c_madaya,b_mandalay,"135,132,79",9558,"135,132,79",Taungbyon,e_suvarnabhumi,k_pagan,d_pagan,c_ava,b_taungbyon,e_suvarnabhumi > k_pagan > d_pagan > c_ava > b_taungbyon,exact,mapped,yes,0.906116,0.889140,0.998985,1.000000,1.000000,0.744318,393,442,528,5,1,9558,0.889140,0.000000,0.889140,yes,yes,00_MB_PROVINCES.txt,yes,yes,playable,ready:exact,auto: dominant_overlap,1:9558:0.8891:0.7443 | 2:9561:0.0475:0.0395 | 3:9556:0.0407:0.0309 | 4:9559:0.0181:0.0115 | 5:8611:0.0045:0.0056
target_title_block,9623,Mingiu,e_burma,k_tagaung,d_myinmu,c_mingin,b_mingin,"135,114,139",9623,"135,114,139",Mingiu,e_suvarnabhumi,k_pagan,d_tagaung,c_hanlan,b_mingiu,e_suvarnabhumi > k_pagan > d_tagaung > c_hanlan > b_mingiu,exact,mapped,yes,0.903654,0.919970,0.998266,0.857143,1.000000,0.816092,1207,1312,1479,5,1,9623,0.919970,0.000000,0.919970,yes,yes,00_MB_PROVINCES.txt,yes,yes,playable,ready:exact,auto: dominant_overlap,1:9623:0.9200:0.8161 | 2:9625:0.0328:0.0400 | 3:9622:0.0229:0.0135 | 4:9624:0.0145:0.0113 | 5:9647:0.0099:0.0090
target_title_block,9572,Shwemyo,e_burma,k_pagan,d_toungoo,c_swa,b_taungnyo,"93,174,86",9572,"93,174,86",Shwemyo,e_suvarnabhumi,k_pagan,d_sriksetra,c_magwe,b_shwemyo,e_suvarnabhumi > k_pagan > d_sriksetra > c_magwe > b_shwemyo,exact,mapped,yes,0.901712,0.984483,0.999246,0.714286,1.000000,0.777929,571,580,734,2,1,9572,0.984483,0.000000,0.984483,yes,yes,00_MB_PROVINCES.txt,yes,yes,playable,ready:exact,auto: dominant_overlap,1:9572:0.9845:0.7779 | 2:9593:0.0155:0.0069
target_title_block,9575,Magwe,e_burma,k_pagan,d_toungoo,c_beikthano,b_sinbaungwe,"9,183,215",9575,"9,183,215",Magwe,e_suvarnabhumi,k_pagan,d_sriksetra,c_magwe,b_magwe,e_suvarnabhumi > k_pagan > d_sriksetra > c_magwe > b_magwe,exact,mapped,yes,0.894964,0.882707,0.999732,0.800000,1.000000,0.957586,587,665,613,5,1,9575,0.882707,0.000000,0.882707,yes,yes,00_MB_PROVINCES.txt,yes,yes,playable,ready:exact,auto: dominant_overlap,1:9575:0.8827:0.9576 | 2:9574:0.0722:0.0372 | 3:9634:0.0195:0.0154 | 4:9572:0.0150:0.0136 | 5:8609:0.0105:0.0157
target_title_block,9571,Yamethin,e_burma,k_pagan,d_binnaka,c_yamethin,b_yamethin,"51,171,213",9571,"51,171,213",Yamethin,e_suvarnabhumi,k_pagan,d_pagan,c_yamethin,b_yamethin,e_suvarnabhumi > k_pagan > d_pagan > c_yamethin > b_yamethin,exact,mapped,yes,0.881986,0.956298,0.997418,0.857143,1.000000,0.551111,372,389,675,3,2,9571,0.956298,0.506203,0.450095,yes,yes,00_MB_PROVINCES.txt,yes,yes,playable,ready:exact,manual: same_county_barony_dominant_self_target,1:9571:0.9563:0.5511 | 2:9572:0.0334:0.0177 | 3:9593:0.0103:0.0031
target_title_block,9562,Minbu,e_burma,k_pagan,d_pagan,c_minbu,b_shwesettaw,"93,144,81",9562,"93,144,81",Minbu,e_suvarnabhumi,k_pagan,d_pagan,c_minbu,b_minbu,e_suvarnabhumi > k_pagan > d_pagan > c_minbu > b_minbu,exact,mapped,yes,0.877908,0.961702,0.999101,0.800000,1.000000,0.580977,452,470,778,3,1,9562,0.961702,0.000000,0.961702,yes,yes,00_MB_PROVINCES.txt,yes,yes,playable,ready:exact,manual: same_id_name_unique_target_high_overlap,1:9562:0.9617:0.5810 | 2:9563:0.0362:0.0164 | 3:9564:0.0021:0.0022
target_title_block,8722,Karnaphuli,h_india,k_bengal_east,d_chattogram,c_chatigama,b_karnaphuli,"92,180,61",8722,"92,180,61",Karnaphuli,h_india,k_bengal_east,d_chattogram,c_chatigama,b_karnaphuli,h_india > e_bengal > k_bengal_east > d_chattogram > c_chatigama > b_karnaphuli,exact,mapped,yes,0.852979,0.786573,0.997481,1.000000,1.000000,0.732960,785,998,1071,4,1,8722,0.786573,0.000000,0.786573,yes,yes,00_MB_PROVINCES.txt,yes,yes,playable,ready:exact,manual: same_county_barony_unique_target,1:8722:0.7866:0.7330 | 2:854:0.1864:0.0951 | 3:828:0.0160:0.0251 | 4:829:0.0110:0.0114
target_title_block,9578,Mrauk_U,e_ramanya,k_arakan,d_arakan,c_vaisali,b_mrauk_u,"135,192,89",9578,"135,192,89",Mrauk_U,e_suvarnabhumi,k_pagan,d_arakan,c_vaisali,b_mrauk_u,e_suvarnabhumi > k_pagan > d_arakan > c_vaisali > b_mrauk_u,exact,mapped,yes,0.849176,0.792325,0.999429,0.800000,1.000000,0.953804,351,443,368,4,1,9578,0.792325,0.000000,0.792325,yes,yes,00_MB_PROVINCES.txt,yes,yes,playable,ready:exact,manual: same_county_barony_high_coverage,1:9578:0.7923:0.9538 | 2:9579:0.1580:0.1679 | 3:9576:0.0339:0.0291 | 4:9577:0.0158:0.0131
target_title_block,9634,Taungdwingyi,e_burma,k_pagan,d_sriksetra,c_myede,b_aunglan,"177,147,17",9634,"177,147,17",Taungdwingyi,e_suvarnabhumi,k_pagan,d_sriksetra,c_sriksetra,b_taungdwingyi,e_suvarnabhumi > k_pagan > d_sriksetra > c_sriksetra > b_taungdwingyi,exact,mapped,yes,0.849162,0.962373,0.999285,0.500000,1.000000,0.786982,665,691,845,4,1,9634,0.962373,0.000000,0.962373,yes,yes,00_MB_PROVINCES.txt,yes,yes,playable,ready:exact,auto: dominant_overlap,1:9634:0.9624:0.7870 | 2:9575:0.0289:0.0326 | 3:9588:0.0072:0.0039 | 4:8609:0.0014:0.0022
target_title_block,9643,Takon,e_burma,k_tagaung,d_tagaung,c_takon,b_takon,"135,174,149",9643,"135,174,149",Takon,e_suvarnabhumi,k_pagan,d_tagaung,c_takon,b_takon,e_suvarnabhumi > k_pagan > d_tagaung > c_takon > b_takon,exact,mapped,yes,0.848285,0.971579,0.997026,0.625000,1.000000,0.585289,923,950,1577,4,2,9643,0.971579,0.876640,0.094939,yes,yes,00_MB_PROVINCES.txt,yes,yes,playable,ready:exact,manual: same_county_barony_dominant_self_target,1:9643:0.9716:0.5853 | 2:9642:0.0221:0.0211 | 3:11452:0.0042:0.0022 | 4:8611:0.0021:0.0056
target_title_block,9597,Syriam,e_ramanya,k_pegu,d_dagon,c_syriam,b_laganpahun,"93,36,226",9597,"93,36,226",Syriam,e_suvarnabhumi,k_pagan,d_ramannadesa,c_dagon,b_syriam,e_suvarnabhumi > k_pagan > d_ramannadesa > c_dagon > b_syriam,exact,mapped,yes,0.843162,0.898413,0.998317,0.750000,1.000000,0.627494,283,315,451,4,1,9597,0.898413,0.000000,0.898413,yes,yes,00_MB_PROVINCES.txt,yes,yes,playable,ready:exact,auto: dominant_overlap,1:9597:0.8984:0.6275 | 2:8686:0.0413:0.0012 | 3:12768:0.0349:0.0017 | 4:9596:0.0254:0.0091
target_title_block,9627,Thaton,e_ramanya,k_thaton,d_thaton,c_thaton,b_thaton,"93,126,141",9627,"93,126,141",Thaton,e_suvarnabhumi,k_pagan,d_ramannadesa,c_thaton,b_thaton,e_suvarnabhumi > k_pagan > d_ramannadesa > c_thaton > b_thaton,exact,mapped,yes,0.832960,0.921788,0.999376,0.571429,1.000000,0.718954,330,358,459,3,1,9627,0.921788,0.000000,0.921788,yes,yes,00_MB_PROVINCES.txt,yes,yes,playable,ready:exact,auto: dominant_overlap,1:9627:0.9218:0.7190 | 2:9630:0.0670:0.0390 | 3:12768:0.0112:0.0006
target_title_block,9573,Binnaka,e_burma,k_pagan,d_binnaka,c_binnaka,b_binnaka,"135,177,214",9573,"135,177,214",Binnaka,e_suvarnabhumi,k_pagan,d_pagan,c_yamethin,b_binnaka,e_suvarnabhumi > k_pagan > d_pagan > c_yamethin > b_binnaka,exact,mapped,yes,0.831681,0.854244,0.996820,0.800000,1.000000,0.632514,463,542,732,4,1,9573,0.854244,0.000000,0.854244,yes,yes,00_MB_PROVINCES.txt,yes,yes,playable,ready:exact,auto: dominant_overlap,1:9573:0.8542:0.6325 | 2:9571:0.0775:0.0622 | 3:9570:0.0664:0.0268 | 4:9560:0.0018:0.0012
target_title_block,9641,Singu,e_burma,k_tagaung,d_myinmu,c_madaya,b_singu,"51,168,148",9641,"51,168,148",Singu,e_suvarnabhumi,k_pagan,d_tagaung,c_madaya,b_singu,e_suvarnabhumi > k_pagan > d_tagaung > c_madaya > b_singu,exact,mapped,yes,0.828427,0.792453,0.996322,1.000000,1.000000,0.550459,420,530,763,4,1,9641,0.792453,0.000000,0.792453,yes,yes,00_MB_PROVINCES.txt,yes,yes,playable,ready:exact,manual: same_county_barony_unique_target,1:9641:0.7925:0.5505 | 2:9643:0.1094:0.0368 | 3:9642:0.0868:0.0462 | 4:8611:0.0113:0.0167
target_title_block,9568,Sagaing,e_burma,k_tagaung,d_myinmu,c_myinmu,b_sagaing,"135,162,84",9568,"135,162,84",Sagaing,e_suvarnabhumi,k_pagan,d_pagan,c_sagaing,b_sagaing,e_suvarnabhumi > k_pagan > d_pagan > c_sagaing > b_sagaing,exact,mapped,yes,0.810123,0.924638,0.997452,0.600000,1.000000,0.520392,319,345,613,4,2,9568,0.924638,0.894915,0.029723,yes,yes,00_MB_PROVINCES.txt,yes,yes,playable,ready:exact,manual: same_id_name_dominant_self_target,1:9568:0.9246:0.5204 | 2:8610:0.0435:0.0341 | 3:8611:0.0174:0.0167 | 4:9639:0.0145:0.0054
target_title_block,828,Chatigama,h_india,k_bengal_east,d_chattogram,c_chatigama,b_chatigama,"126,141,14",828,"126,141,14",Chatigama,h_india,k_bengal_east,d_chattogram,c_chatigama,b_chatigama,h_india > e_bengal > k_bengal_east > d_chattogram > c_chatigama > b_chatigama,exact,mapped,yes,0.809343,0.980132,0.996843,0.500000,1.000000,0.463950,296,302,638,2,2,828,0.980132,0.818436,0.161696,yes,yes,00_MB_PROVINCES.txt,yes,yes,playable,ready:exact,manual: same_county_barony_dominant_self_target,1:828:0.9801:0.4639 | 2:829:0.0199:0.0062
target_title_block,9639,Myinmu,e_burma,k_tagaung,d_myinmu,c_myinmu,b_myinmu,"177,162,147",9639,"177,162,147",Myinmu,e_suvarnabhumi,k_pagan,d_pagan,c_sagaing,b_myinmu,e_suvarnabhumi > k_pagan > d_pagan > c_sagaing > b_myinmu,exact,mapped,yes,0.807219,0.951724,0.995713,0.571429,1.000000,0.450000,414,435,920,3,2,9639,0.951724,0.826235,0.125489,yes,yes,00_MB_PROVINCES.txt,yes,yes,playable,ready:exact,manual: same_id_name_dominant_self_target,1:9639:0.9517:0.4500 | 2:8610:0.0368:0.0364 | 3:9554:0.0115:0.0054
target_title_block,9599,Krapan,e_ramanya,k_pegu,d_dagon,c_dala,b_krapan,"177,42,227",9599,"177,42,227",Krapan,e_suvarnabhumi,k_pagan,d_ramannadesa,c_dagon,b_krapan,e_suvarnabhumi > k_pagan > d_ramannadesa > c_dagon > b_krapan,exact,mapped,yes,0.799981,0.887892,0.996978,0.600000,1.000000,0.575581,396,446,688,4,2,9599,0.887892,0.711429,0.176463,yes,yes,00_MB_PROVINCES.txt,yes,yes,playable,ready:exact,manual: same_id_name_dominant_self_target,1:9599:0.8879:0.5756 | 2:9598:0.0426:0.0373 | 3:8607:0.0404:0.1000 | 4:8686:0.0291:0.0012
target_title_block,9624,Kale,e_burma,k_tagaung,d_kale,c_kale,b_kale,"177,117,12",9624,"177,117,12",Kale,e_suvarnabhumi,k_pagan,d_tagaung,c_kale,b_kale,e_suvarnabhumi > k_pagan > d_tagaung > c_kale > b_kale,exact,mapped,yes,0.795222,0.997085,0.997120,0.428571,1.000000,0.408358,684,686,1675,2,3,9624,0.997085,0.893268,0.103817,yes,yes,00_MB_PROVINCES.txt,yes,yes,playable,ready:exact,manual: same_county_barony_dominant_self_target,1:9624:0.9971:0.4084 | 2:9622:0.0029:0.0009
target_title_block,9557,Pinya,e_burma,k_pagan,d_maingmaw,c_maingmaw,b_myingyan,"93,129,206",9557,"93,129,206",Pinya,e_suvarnabhumi,k_pagan,d_pagan,c_ava,b_pinya,e_suvarnabhumi > k_pagan > d_pagan > c_ava > b_pinya,exact,mapped,yes,0.761247,0.860806,0.998096,0.500000,1.000000,0.540230,235,273,435,3,2,9557,0.860806,0.351005,0.509801,yes,yes,00_MB_PROVINCES.txt,yes,yes,playable,ready:exact,manual: same_id_name_dominant_self_target,1:9557:0.8608:0.5402 | 2:9556:0.0842:0.0395 | 3:9552:0.0549:0.0295
target_title_block,9658,Thaungdut,e_burma,k_tagaung,d_kale,c_thaungdut,b_thaungdut,"135,6,29",9658,"135,6,29",Thaungdut,e_suvarnabhumi,k_pagan,d_tagaung,c_kale,b_hsawnghsup,e_suvarnabhumi > k_pagan > d_tagaung > c_kale > b_hsawnghsup,exact,mapped,yes,0.756459,0.616393,0.998574,0.800000,1.000000,0.922699,752,1220,815,5,1,9658,0.616393,0.000000,0.616393,yes,yes,00_MB_PROVINCES.txt,yes,yes,playable,ready:exact,manual: same_id_name_unique_target_high_coverage,1:9658:0.6164:0.9227 | 2:9567:0.2057:0.0284 | 3:826:0.1639:0.1060 | 4:9622:0.0090:0.0049 | 5:9624:0.0049:0.0036
target_title_block,9622,Maukkadaw,e_burma,k_tagaung,d_tagaung,c_maukkadaw,b_maukkadaw,"93,111,11",9622,"93,111,11",Maukkadaw,e_suvarnabhumi,k_pagan,d_tagaung,c_hanlan,b_maukkadaw,e_suvarnabhumi > k_pagan > d_tagaung > c_hanlan > b_maukkadaw,exact,mapped,yes,0.755978,0.981333,0.990933,0.333333,1.000000,0.330341,736,750,2228,2,2,9622,0.981333,0.874906,0.106427,yes,yes,00_MB_PROVINCES.txt,yes,yes,playable,ready:exact,manual: same_id_name_dominant_self_target,1:9622:0.9813:0.3303 | 2:9647:0.0187:0.0097
target_title_block,9561,Mekkhaya,e_burma,k_pagan,d_maingmaw,c_kyaukse,b_remyo,"51,141,208",9561,"51,141,208",Mekkhaya,e_suvarnabhumi,k_pagan,d_pagan,c_kyaukse,b_mekkhaya,e_suvarnabhumi > k_pagan > d_pagan > c_kyaukse > b_mekkhaya,exact,mapped,yes,0.751685,0.737500,0.997897,0.666667,1.000000,0.665414,354,480,532,4,1,9561,0.737500,0.000000,0.737500,yes,yes,00_MB_PROVINCES.txt,yes,yes,playable,ready:exact,manual: same_county_name_unique_target,1:9561:0.7375:0.6654 | 2:10965:0.1313:0.0337 | 3:10975:0.0708:0.0115 | 4:9559:0.0604:0.0416
target_title_block,9625,Chin,e_burma,k_tagaung,d_kale,c_kale,b_kan_ch,"9,120,140",9625,"9,120,140",Chin,e_suvarnabhumi,k_pagan,d_tagaung,c_kale,b_chin,e_suvarnabhumi > k_pagan > d_tagaung > c_kale > b_chin,exact,mapped,yes,0.751210,0.692026,0.998485,0.750000,1.000000,0.702326,755,1091,1075,3,1,9625,0.692026,0.000000,0.692026,yes,yes,00_MB_PROVINCES.txt,yes,yes,playable,ready:exact,manual: same_county_name_unique_target,1:9625:0.6920:0.7023 | 2:9566:0.2502:0.0431 | 3:9624:0.0577:0.0376
target_title_block,11535,Taikkala,e_ramanya,k_thaton,d_thaton,c_thaton,b_taikkala,"31,143,28",9630,"9,135,15",Taikkala,e_suvarnabhumi,k_pagan,d_ramannadesa,c_thaton,b_taikkala,e_suvarnabhumi > k_pagan > d_ramannadesa > c_thaton > b_taikkala,exact,mapped,yes,0.749207,0.970297,0.995865,0.333333,1.000000,0.318699,196,202,615,2,2,11535,0.970297,0.887789,0.082508,yes,yes,00_MB_PROVINCES.txt,yes,yes,playable,ready:exact,manual: same_barony_path_id_reuse_to_current_target,1:9630:0.9703:0.3187 | 2:12768:0.0297:0.0009
target_title_block,9638,Shwegyin,e_ramanya,k_pegu,d_ramannadesa,c_sittaung,b_nyaunglebin,"135,159,19",9638,"135,159,19",Shwegyin,e_suvarnabhumi,k_pagan,d_ramannadesa,c_sittaung,b_shwegyin,e_suvarnabhumi > k_pagan > d_ramannadesa > c_sittaung > b_shwegyin,exact,mapped,yes,0.747720,0.890819,0.998282,0.375000,1.000000,0.516547,359,403,695,2,2,9638,0.890819,0.404494,0.486325,yes,yes,00_MB_PROVINCES.txt,yes,yes,playable,ready:exact,manual: same_id_name_dominant_self_target,1:9638:0.8908:0.5165 | 2:12862:0.1092:0.0586
target_title_block,9628,Muttina,e_ramanya,k_thaton,d_thaton,c_mawlamyine,b_muttama,"135,129,14",9628,"135,129,14",Muttina,e_suvarnabhumi,k_pagan,d_ramannadesa,c_thaton,b_muttina,e_suvarnabhumi > k_pagan > d_ramannadesa > c_thaton > b_muttina,exact,mapped,yes,0.745743,0.833333,0.999027,0.400000,1.000000,0.661157,160,192,242,4,2,9628,0.833333,0.512500,0.320833,yes,yes,00_MB_PROVINCES.txt,yes,yes,playable,ready:exact,manual: same_id_name_dominant_self_target,1:9628:0.8333:0.6612 | 2:9627:0.0938:0.0392 | 3:12768:0.0573:0.0017 | 4:9629:0.0156:0.0040
target_title_block,9590,Thayetmyo,e_burma,k_pagan,d_sriksetra,c_myede,b_thayetmyo,"9,15,95",9590,"9,15,95",Thayetmyo,e_suvarnabhumi,k_pagan,d_sriksetra,c_sriksetra,b_thayetmyo,e_suvarnabhumi > k_pagan > d_sriksetra > c_sriksetra > b_thayetmyo,exact,mapped,yes,0.740200,0.993213,0.996005,0.222222,1.000000,0.330324,439,442,1329,3,2,9590,0.993213,0.877419,0.115794,yes,yes,00_MB_PROVINCES.txt,yes,yes,playable,ready:exact,manual: same_id_name_dominant_self_target,1:9590:0.9932:0.3303 | 2:8609:0.0045:0.0045 | 3:9565:0.0023:0.0015
target_title_block,9564,Ngape,e_burma,k_pagan,d_pagan,c_mindon,b_ngape,"177,150,82",9564,"177,150,82",Ngape,e_suvarnabhumi,k_pagan,d_pagan,c_minbu,b_ngape,e_suvarnabhumi > k_pagan > d_pagan > c_minbu > b_ngape,exact,mapped,yes,0.713986,0.723776,0.997647,0.666667,1.000000,0.460000,207,286,450,3,1,9564,0.723776,0.000000,0.723776,yes,yes,00_MB_PROVINCES.txt,yes,yes,playable,ready:exact,manual: same_barony_name_unique_target,1:9564:0.7238:0.4600 | 2:9562:0.2098:0.0771 | 3:9565:0.0664:0.0291
target_title_block,11061,Dagon,e_ramanya,k_pegu,d_dagon,c_dagon,b_dagon,"189,177,75",9598,"135,39,99",Dagon,e_suvarnabhumi,k_pagan,d_ramannadesa,c_dagon,b_dagon,e_suvarnabhumi > k_pagan > d_ramannadesa > c_dagon > b_dagon,exact,mapped,yes,0.705179,0.896104,0.997927,0.333333,1.000000,0.271120,138,154,509,3,3,11061,0.896104,0.751825,0.144279,yes,yes,00_MB_PROVINCES.txt,yes,yes,playable,ready:exact,manual: same_barony_path_id_reuse_to_current_target,1:9598:0.8961:0.2711 | 2:9599:0.0909:0.0203 | 3:9635:0.0130:0.0016
target_title_block,9551,Popa,e_burma,k_pagan,d_pagan,c_pagan,b_popa,"51,111,203",9551,"51,111,203",Popa,e_suvarnabhumi,k_pagan,d_pagan,c_pagan,b_popa,e_suvarnabhumi > k_pagan > d_pagan > c_pagan > b_popa,exact,mapped,yes,0.674048,0.620690,0.996923,0.666667,1.000000,0.537849,270,435,502,4,1,9551,0.620690,0.000000,0.620690,yes,yes,00_MB_PROVINCES.txt,yes,yes,playable,ready:exact,manual: same_county_barony_unique_target,1:9551:0.6207:0.5378 | 2:9552:0.2115:0.1811 | 3:9573:0.1149:0.0683 | 4:9560:0.0529:0.0269
target_title_block,9581,Ramu,e_ramanya,k_arakan,d_ramu,c_ramu,b_ramu,"51,201,218",9581,"51,201,218",Ramu,e_suvarnabhumi,k_pagan,d_arakan,c_ramu,b_ramu,e_suvarnabhumi > k_pagan > d_arakan > c_ramu > b_ramu,merge,manual_review,no,0.819466,0.955714,0.995182,0.600000,1.000000,0.480603,669,700,1392,2,2,11543,0.955908,0.955714,0.000194,no,yes,00_MB_PROVINCES.txt,yes,yes,playable,blocked:shared_target_low_coverage,auto: best_target_shared_by_multiple_sources,1:9581:0.9557:0.4806 | 2:9580:0.0443:0.0298
target_title_block,9591,Hinthada,e_burma,k_pagan,d_sriksetra,c_henzada,b_henzada,"51,18,223",9591,"51,18,223",Hinthada,e_suvarnabhumi,k_pagan,d_sriksetra,c_hinthada,b_hinthada,e_suvarnabhumi > k_pagan > d_sriksetra > c_hinthada > b_hinthada,merge,manual_review,no,0.798804,1.000000,0.998076,0.571429,1.000000,0.231405,392,392,1694,1,4,9591,1.000000,1.000000,0.000000,yes,yes,00_MB_PROVINCES.txt,yes,yes,playable,blocked:shared_target_low_coverage,auto: best_target_shared_by_multiple_sources,1:9591:1.0000:0.2314
target_title_block,11585,Khabaungkyo,e_burma,k_pagan,d_toungoo,c_toungoo,b_khabaungkyo,"74,44,183",9595,"9,30,225",Swa,e_suvarnabhumi,k_pagan,d_sriksetra,c_toungoo,b_swa,e_suvarnabhumi > k_pagan > d_sriksetra > c_toungoo > b_swa,split,manual_review,no,0.796040,0.962312,0.998694,0.500000,0.000000,0.766767,766,796,999,4,1,11585,0.962312,0.000000,0.962312,yes,yes,00_MB_PROVINCES.txt,yes,yes,playable,review:high_overlap,auto: top_two_overlap_share,1:9595:0.9623:0.7668 | 2:9636:0.0176:0.0076 | 3:9572:0.0138:0.0150 | 4:9593:0.0063:0.0038
target_title_block,9588,Sriksetra,e_burma,k_pagan,d_sriksetra,c_sriksetra,b_sriksetra,"135,9,94",9588,"135,9,94",Sriksetra,e_suvarnabhumi,k_pagan,d_sriksetra,c_sriksetra,b_sriksetra,e_suvarnabhumi > k_pagan > d_sriksetra > c_sriksetra > b_sriksetra,merge,manual_review,no,0.779089,0.916824,0.995549,0.571429,1.000000,0.378906,485,529,1280,3,3,10960,0.977169,0.918831,0.058338,no,yes,00_MB_PROVINCES.txt,yes,yes,playable,blocked:shared_target_low_coverage,auto: best_target_shared_by_multiple_sources,1:9588:0.9168:0.3789 | 2:9634:0.0737:0.0462 | 3:8609:0.0095:0.0112
target_title_block,11059,Maubin,e_ramanya,k_pegu,d_krapan,c_bogale,b_maubin,"165,223,135",9626,"51,123,13",Bogale,e_suvarnabhumi,k_pagan,d_ramannadesa,c_dagon,b_bogale,e_suvarnabhumi > k_pagan > d_ramannadesa > c_dagon > b_bogale,merge,manual_review,no,0.776161,1.000000,0.995460,0.600000,0.000000,0.377437,639,639,1693,1,3,11059,1.000000,0.942804,0.057196,yes,yes,00_MB_PROVINCES.txt,yes,yes,playable,blocked:shared_target_low_coverage,auto: best_target_shared_by_multiple_sources,1:9626:1.0000:0.3774
target_title_block,11589,Paungbyin,e_burma,k_tagaung,d_tagaung,c_maukkadaw,b_paungbyin,"126,142,55",9622,"93,111,11",Maukkadaw,e_suvarnabhumi,k_pagan,d_tagaung,c_hanlan,b_maukkadaw,e_suvarnabhumi > k_pagan > d_tagaung > c_hanlan > b_maukkadaw,merge,manual_review,no,0.770492,0.874906,0.993197,0.777778,0.000000,0.521095,1161,1327,2228,5,2,9622,0.981333,0.874906,0.106427,no,yes,00_MB_PROVINCES.txt,yes,yes,playable,blocked:not_primary_target_source,auto: best_target_shared_by_multiple_sources,1:9622:0.8749:0.5211 | 2:9567:0.0799:0.0120 | 3:9644:0.0384:0.0345 | 4:9645:0.0060:0.0058 | 5:9658:0.0008:0.0012
target_title_block,9595,Swa,e_burma,k_pagan,d_toungoo,c_swa,b_swa,"9,30,225",9593,"135,24,224",Toungoo,e_suvarnabhumi,k_pagan,d_sriksetra,c_toungoo,b_toungoo,e_suvarnabhumi > k_pagan > d_sriksetra > c_toungoo > b_toungoo,merge,manual_review,no,0.747524,0.993333,0.992801,0.500000,0.000000,0.343846,447,450,1300,3,4,9593,1.000000,0.993333,0.006667,no,yes,00_MB_PROVINCES.txt,yes,yes,playable,blocked:shared_target_low_coverage,auto: best_target_shared_by_multiple_sources,1:9593:0.9933:0.3438 | 2:9571:0.0044:0.0030 | 3:9595:0.0022:0.0010
target_title_block,9592,Myanaung,e_burma,k_pagan,d_sriksetra,c_kanaung,b_myanaung,"93,21,96",9592,"93,21,96",Myanaung,e_suvarnabhumi,k_pagan,d_sriksetra,c_hinthada,b_myanaung,e_suvarnabhumi > k_pagan > d_sriksetra > c_hinthada > b_myanaung,merge,manual_review,no,0.747024,1.000000,0.994565,0.285714,1.000000,0.269495,432,432,1603,1,4,9592,1.000000,0.955056,0.044944,yes,yes,00_MB_PROVINCES.txt,yes,yes,playable,blocked:shared_target_low_coverage,auto: best_target_shared_by_multiple_sources,1:9592:1.0000:0.2695
target_title_block,9635,Tharrawaddy,e_ramanya,k_pegu,d_dagon,c_tharrawaddy,b_tharrawaddy,"9,150,145",9635,"9,150,145",Tharrawaddy,e_suvarnabhumi,k_pagan,d_ramannadesa,c_pegu,b_tharrawaddy,e_suvarnabhumi > k_pagan > d_ramannadesa > c_pegu > b_tharrawaddy,merge,manual_review,no,0.745516,0.926357,0.995149,0.375000,1.000000,0.385484,478,516,1240,3,2,11062,0.947183,0.926357,0.020826,no,yes,00_MB_PROVINCES.txt,yes,yes,playable,blocked:shared_target_low_coverage,auto: best_target_shared_by_multiple_sources,1:9635:0.9264:0.3855 | 2:9589:0.0523:0.0347 | 3:8608:0.0213:0.0217
target_title_block,9554,Myitche,e_burma,k_pagan,d_pagan,c_salin,b_salin,"176,120,80",9563,"135,147,209",Salin,e_suvarnabhumi,k_pagan,d_pagan,c_minbu,b_salin,e_suvarnabhumi > k_pagan > d_pagan > c_minbu > b_salin,merge,manual_review,no,0.741133,0.982906,0.996803,0.500000,0.000000,0.333333,345,351,1035,2,3,9554,0.982906,0.823171,0.159735,yes,yes,00_MB_PROVINCES.txt,yes,yes,playable,blocked:shared_target_low_coverage,auto: best_target_shared_by_multiple_sources,1:9563:0.9829:0.3333 | 2:9553:0.0171:0.0035
target_title_block,9593,Toungoo,e_burma,k_pagan,d_toungoo,c_toungoo,b_toungoo,"135,24,224",9593,"135,24,224",Toungoo,e_suvarnabhumi,k_pagan,d_sriksetra,c_toungoo,b_toungoo,e_suvarnabhumi > k_pagan > d_sriksetra > c_toungoo > b_toungoo,merge,manual_review,no,0.740784,1.000000,0.995921,0.250000,1.000000,0.274615,357,357,1300,1,4,9593,1.000000,0.993333,0.006667,yes,yes,00_MB_PROVINCES.txt,yes,yes,playable,blocked:shared_target_low_coverage,auto: best_target_shared_by_multiple_sources,1:9593:1.0000:0.2746
target_title_block,11062,Mopi,e_ramanya,k_pegu,d_dagon,c_tharrawaddy,b_hmawbi,"49,225,128",9635,"9,150,145",Tharrawaddy,e_suvarnabhumi,k_pagan,d_ramannadesa,c_pegu,b_tharrawaddy,e_suvarnabhumi > k_pagan > d_ramannadesa > c_pegu > b_tharrawaddy,merge,manual_review,no,0.738422,0.947183,0.997500,0.500000,0.000000,0.433871,538,568,1240,4,2,11062,0.947183,0.926357,0.020826,yes,yes,00_MB_PROVINCES.txt,yes,yes,playable,blocked:shared_target_low_coverage,auto: best_target_shared_by_multiple_sources,1:9635:0.9472:0.4339 | 2:9599:0.0352:0.0291 | 3:9636:0.0106:0.0033 | 4:8608:0.0070:0.0079
target_title_block,11546,Toungup,e_ramanya,k_arakan,d_sandoway,c_ramree,b_toungup,"40,56,123",9585,"9,0,220",Sandoway,e_suvarnabhumi,k_pagan,d_arakan,c_sandoway,b_sandoway,e_suvarnabhumi > k_pagan > d_arakan > c_sandoway > b_sandoway,merge,manual_review,no,0.736961,0.818302,0.996533,0.714286,0.000000,0.568664,617,754,1085,3,2,11547,1.000000,0.818302,0.181698,no,yes,00_MB_PROVINCES.txt,yes,yes,playable,blocked:not_primary_target_source,auto: best_target_shared_by_multiple_sources,1:9585:0.8183:0.5687 | 2:9590:0.1446:0.0820 | 3:9587:0.0371:0.0306
target_title_block,11755,Mingun,e_burma,k_tagaung,d_myinmu,c_hanlin,b_mingun,"68,163,8",9568,"135,162,84",Sagaing,e_suvarnabhumi,k_pagan,d_pagan,c_sagaing,b_sagaing,e_suvarnabhumi > k_pagan > d_pagan > c_sagaing > b_sagaing,merge,manual_review,no,0.731769,0.894915,0.997113,0.600000,0.000000,0.430669,264,295,613,2,2,9568,0.924638,0.894915,0.029723,no,yes,00_MB_PROVINCES.txt,yes,yes,playable,blocked:not_primary_target_source,auto: best_target_shared_by_multiple_sources,1:9568:0.8949:0.4307 | 2:9569:0.1051:0.0427
target_title_block,11536,Bikalaeng,e_ramanya,k_thaton,d_thaton,c_thaton,b_bikalaeng,"77,169,62",9630,"9,135,15",Taikkala,e_suvarnabhumi,k_pagan,d_ramannadesa,c_thaton,b_taikkala,e_suvarnabhumi > k_pagan > d_ramannadesa > c_thaton > b_taikkala,merge,manual_review,no,0.729273,0.887789,0.997684,0.600000,0.000000,0.437398,269,303,615,3,2,11535,0.970297,0.887789,0.082508,no,yes,00_MB_PROVINCES.txt,yes,yes,playable,blocked:not_primary_target_source,auto: best_target_shared_by_multiple_sources,1:9630:0.8878:0.4374 | 2:9627:0.1089:0.0719 | 3:9637:0.0033:0.0011
target_title_block,9633,Myaungmya,e_ramanya,k_pegu,d_krapan,c_myaungmya,b_myaungmya,"135,144,144",9633,"135,144,144",Myaungmya,e_suvarnabhumi,k_pagan,d_ramannadesa,c_kusumi,b_myaungmya,e_suvarnabhumi > k_pagan > d_ramannadesa > c_kusumi > b_myaungmya,merge,manual_review,no,0.728262,0.850806,0.999238,0.600000,1.000000,0.219563,211,248,961,4,3,11527,0.872832,0.850806,0.022026,no,yes,00_MB_PROVINCES.txt,yes,yes,playable,blocked:not_primary_target_source,auto: best_target_shared_by_multiple_sources,1:9633:0.8508:0.2196 | 2:9632:0.1129:0.0304 | 3:8606:0.0282:0.0383 | 4:8686:0.0081:0.0002
target_title_block,11542,Kaptai,h_india,k_bengal_east,d_chattogram,c_chatigama,b_kaptai,"142,198,87",828,"126,141,14",Chatigama,h_india,k_bengal_east,d_chattogram,c_chatigama,b_chatigama,h_india > e_bengal > k_bengal_east > d_chattogram > c_chatigama > b_chatigama,merge,manual_review,no,0.727752,0.818436,0.996472,0.750000,0.000000,0.459248,293,358,638,3,2,828,0.980132,0.818436,0.161696,no,yes,00_MB_PROVINCES.txt,yes,yes,playable,blocked:not_primary_target_source,auto: best_target_shared_by_multiple_sources,1:828:0.8184:0.4592 | 2:829:0.1089:0.0405 | 3:8722:0.0726:0.0243
target_title_block,13002,Shwebontha,e_burma,k_pagan,d_binnaka,c_binnaka,b_shwebontha,"196,196,120",9570,"9,168,85",Yawnghwe,e_suvarnabhumi,k_pagan,d_pagan,c_kyaukse,b_yawnghwe,e_suvarnabhumi > k_pagan > d_pagan > c_kyaukse > b_yawnghwe,merge,manual_review,no,0.725464,0.955654,0.995343,0.500000,0.000000,0.320685,431,451,1344,3,3,13005,0.997382,0.955654,0.041728,no,yes,00_MB_PROVINCES.txt,yes,yes,playable,blocked:shared_target_low_coverage,auto: best_target_shared_by_multiple_sources,1:9570:0.9557:0.3207 | 2:9571:0.0377:0.0252 | 3:9573:0.0067:0.0041
target_title_block,9636,Phyu,e_ramanya,k_pegu,d_ramannadesa,c_phyu,b_phyu,"51,153,18",9636,"51,153,18",Phyu,e_suvarnabhumi,k_pagan,d_ramannadesa,c_pegu,b_phyu,e_suvarnabhumi > k_pagan > d_ramannadesa > c_pegu > b_phyu,merge,manual_review,no,0.722964,0.954972,0.994157,0.272727,1.000000,0.276781,509,533,1839,3,3,11531,0.980749,0.954972,0.025777,no,yes,00_MB_PROVINCES.txt,yes,yes,playable,blocked:shared_target_low_coverage,auto: best_target_shared_by_multiple_sources,1:9636:0.9550:0.2768 | 2:9638:0.0413:0.0317 | 3:12768:0.0038:0.0003
target_title_block,11581,Paletwa,e_ramanya,k_arakan,d_ramu,c_matamuhuri,b_paletwa,"148,169,94",9584,"177,210,92",Matamuhuri,e_suvarnabhumi,k_pagan,d_arakan,c_thabeik_taung,b_matamuhuri,e_suvarnabhumi > k_pagan > d_arakan > c_thabeik_taung > b_matamuhuri,merge,manual_review,no,0.721544,0.936747,0.995495,0.500000,0.000000,0.357471,622,664,1740,2,2,11581,0.936747,0.670079,0.266668,yes,yes,00_MB_PROVINCES.txt,yes,yes,playable,blocked:shared_target_low_coverage,auto: best_target_shared_by_multiple_sources,1:9584:0.9367:0.3575 | 2:8722:0.0633:0.0392
target_title_block,9598,Dagon,e_ramanya,k_pegu,d_dagon,c_syriam,b_syriam,"135,39,99",9598,"135,39,99",Dagon,e_suvarnabhumi,k_pagan,d_ramannadesa,c_dagon,b_dagon,e_suvarnabhumi > k_pagan > d_ramannadesa > c_dagon > b_dagon,merge,manual_review,no,0.719611,0.751825,0.996582,0.666667,1.000000,0.404715,206,274,509,4,3,11061,0.896104,0.751825,0.144279,no,yes,00_MB_PROVINCES.txt,yes,yes,playable,blocked:not_primary_target_source,auto: best_target_shared_by_multiple_sources,1:9598:0.7518:0.4047 | 2:9597:0.1715:0.1042 | 3:8686:0.0547:0.0014 | 4:9599:0.0219:0.0087
target_title_block,13504,,,,,,,"20,93,129",9594,"177,27,97",Mong_Pai,e_suvarnabhumi,k_pagan,d_sriksetra,c_toungoo,b_mong_pai,e_suvarnabhumi > k_pagan > d_sriksetra > c_toungoo > b_mong_pai,merge,manual_review,no,0.718109,0.987421,0.998419,0.500000,0.000000,0.163712,157,159,959,2,4,13504,0.987421,0.867816,0.119605,yes,no,,yes,yes,playable,blocked:no_source_history,auto: best_target_shared_by_multiple_sources,1:9594:0.9874:0.1637 | 2:11493:0.0126:0.0012
target_title_block,9596,Pegu,e_ramanya,k_pegu,d_ramannadesa,c_pegu,b_pegu,"51,33,98",9596,"51,33,98",Pegu,e_suvarnabhumi,k_pagan,d_ramannadesa,c_pegu,b_pegu,e_suvarnabhumi > k_pagan > d_ramannadesa > c_pegu > b_pegu,merge,manual_review,no,0.718063,0.918519,0.996229,0.333333,1.000000,0.283429,248,270,875,3,5,11533,0.979592,0.918519,0.061073,no,yes,00_MB_PROVINCES.txt,yes,yes,playable,blocked:shared_target_low_coverage,auto: best_target_shared_by_multiple_sources,1:9596:0.9185:0.2834 | 2:9636:0.0741:0.0109 | 3:9635:0.0074:0.0016
target_title_block,11521,Tanyaung,e_burma,k_pagan,d_pagan,c_salin,b_tanyaung,"148,176,80",9553,"135,117,204",Tantkyitaung,e_suvarnabhumi,k_pagan,d_pagan,c_pagan,b_tantkyitaung,e_suvarnabhumi > k_pagan > d_pagan > c_pagan > b_tantkyitaung,merge,manual_review,no,0.717348,0.983193,0.993752,0.375000,0.000000,0.342506,585,595,1708,3,3,11521,0.983193,0.801900,0.181293,yes,yes,00_MB_PROVINCES.txt,yes,yes,playable,blocked:shared_target_low_coverage,auto: best_target_shared_by_multiple_sources,1:9553:0.9832:0.3425 | 2:9563:0.0134:0.0077 | 3:9566:0.0034:0.0003
target_title_block,13005,Loi Long,e_burma,k_shan,d_yawnghwe,c_loi_long,b_myelat,"213,199,19",9570,"9,168,85",Yawnghwe,e_suvarnabhumi,k_pagan,d_pagan,c_kyaukse,b_yawnghwe,e_suvarnabhumi > k_pagan > d_pagan > c_kyaukse > b_yawnghwe,merge,manual_review,no,0.715775,0.997382,0.995611,0.375000,0.000000,0.283482,381,382,1344,2,3,13005,0.997382,0.955654,0.041728,yes,yes,00_MB_PROVINCES.txt,yes,yes,playable,blocked:shared_target_low_coverage,auto: best_target_shared_by_multiple_sources,1:9570:0.9974:0.2835 | 2:10965:0.0026:0.0005
target_title_block,11543,Chakaria,e_ramanya,k_arakan,d_ramu,c_ramu,b_chakaria,"103,156,137",9581,"51,201,218",Ramu,e_suvarnabhumi,k_pagan,d_arakan,c_ramu,b_ramu,e_suvarnabhumi > k_pagan > d_arakan > c_ramu > b_ramu,merge,manual_review,no,0.715765,0.955908,0.994058,0.400000,0.000000,0.389368,542,567,1392,2,2,11543,0.955908,0.955714,0.000194,yes,no,,yes,yes,playable,blocked:no_source_history,auto: best_target_shared_by_multiple_sources,1:9581:0.9559:0.3894 | 2:9582:0.0441:0.0224
target_title_block,11531,Bago Yoma,e_ramanya,k_pegu,d_ramannadesa,c_phyu,b_bago_yoma,"42,105,21",9636,"51,153,18",Phyu,e_suvarnabhumi,k_pagan,d_ramannadesa,c_pegu,b_phyu,e_suvarnabhumi > k_pagan > d_ramannadesa > c_pegu > b_phyu,merge,manual_review,no,0.715000,0.980749,0.998293,0.250000,0.000000,0.498641,917,935,1839,3,3,11531,0.980749,0.954972,0.025777,yes,yes,00_MB_PROVINCES.txt,yes,yes,playable,blocked:shared_target_low_coverage,auto: best_target_shared_by_multiple_sources,1:9636:0.9807:0.4986 | 2:9596:0.0182:0.0194 | 3:9589:0.0011:0.0013
target_title_block,9574,Peikthanomyo,e_burma,k_pagan,d_toungoo,c_beikthano,b_beikthano,"177,180,87",9574,"177,180,87",Peikthanomyo,e_suvarnabhumi,k_pagan,d_pagan,c_yamethin,b_peikthanomyo,e_suvarnabhumi > k_pagan > d_pagan > c_yamethin > b_peikthanomyo,merge,manual_review,no,0.714890,0.902116,0.991806,0.375000,1.000000,0.264341,341,378,1290,3,3,11588,0.964467,0.952282,0.012185,no,yes,00_MB_PROVINCES.txt,yes,yes,playable,blocked:shared_target_low_coverage,auto: best_target_shared_by_multiple_sources,1:9574:0.9021:0.2643 | 2:9572:0.0688:0.0354 | 3:9571:0.0291:0.0163
target_title_block,11547,Shwehle,e_ramanya,k_arakan,d_sandoway,c_sandoway,b_shwehle,"122,118,213",9585,"9,0,220",Sandoway,e_suvarnabhumi,k_pagan,d_arakan,c_sandoway,b_sandoway,e_suvarnabhumi > k_pagan > d_arakan > c_sandoway > b_sandoway,merge,manual_review,no,0.710265,1.000000,0.996355,0.333333,0.000000,0.293088,318,318,1085,1,2,11547,1.000000,0.818302,0.181698,yes,yes,00_MB_PROVINCES.txt,yes,yes,playable,blocked:shared_target_low_coverage,auto: best_target_shared_by_multiple_sources,1:9585:1.0000:0.2931
target_title_block,11754,Monywa,e_burma,k_tagaung,d_myinmu,c_myinmu,b_monywa,"132,84,3",9639,"177,162,147",Myinmu,e_suvarnabhumi,k_pagan,d_pagan,c_sagaing,b_myinmu,e_suvarnabhumi > k_pagan > d_pagan > c_sagaing > b_myinmu,merge,manual_review,no,0.706065,0.826235,0.995854,0.571429,0.000000,0.527174,485,587,920,4,2,9639,0.951724,0.826235,0.125489,no,yes,00_MB_PROVINCES.txt,yes,yes,playable,blocked:not_primary_target_source,auto: best_target_shared_by_multiple_sources,1:9639:0.8262:0.5272 | 2:9647:0.1039:0.0424 | 3:9568:0.0358:0.0343 | 4:9569:0.0341:0.0275
target_title_block,10962,Nagwe,e_burma,k_pagan,d_toungoo,c_magwe,b_magwe,"183,192,106",9574,"177,180,87",Peikthanomyo,e_suvarnabhumi,k_pagan,d_pagan,c_yamethin,b_peikthanomyo,e_suvarnabhumi > k_pagan > d_pagan > c_yamethin > b_peikthanomyo,merge,manual_review,no,0.703872,0.952282,0.993592,0.375000,0.000000,0.355814,459,482,1290,4,3,11588,0.964467,0.952282,0.012185,no,yes,00_MB_PROVINCES.txt,yes,yes,playable,blocked:shared_target_low_coverage,auto: best_target_shared_by_multiple_sources,1:9574:0.9523:0.3558 | 2:8609:0.0249:0.0269 | 3:9573:0.0166:0.0109 | 4:9550:0.0062:0.0061
target_title_block,9583,Thabeik_Taung,e_ramanya,k_arakan,d_ramu,c_thabeik_taung,b_thabeik_taung,"135,207,219",9583,"135,207,219",Thabeik_Taung,e_suvarnabhumi,k_pagan,d_arakan,c_thabeik_taung,b_thabeik_taung,e_suvarnabhumi > k_pagan > d_arakan > c_thabeik_taung > b_thabeik_taung,merge,manual_review,no,0.702086,0.729913,0.996584,0.500000,1.000000,0.583140,754,1033,1293,4,2,11580,0.828047,0.729913,0.098134,no,yes,00_MB_PROVINCES.txt,yes,yes,playable,blocked:not_primary_target_source,auto: best_target_shared_by_multiple_sources,1:9583:0.7299:0.5831 | 2:9584:0.1588:0.0943 | 3:9581:0.0881:0.0654 | 4:9580:0.0232:0.0231
target_title_block,11588,Htanpinsu,e_burma,k_pagan,d_toungoo,c_magwe,b_htanpinsu,"160,143,75",9574,"177,180,87",Peikthanomyo,e_suvarnabhumi,k_pagan,d_pagan,c_yamethin,b_peikthanomyo,e_suvarnabhumi > k_pagan > d_pagan > c_yamethin > b_peikthanomyo,merge,manual_review,no,0.701276,0.964467,0.998560,0.375000,0.000000,0.294574,380,394,1290,4,3,11588,0.964467,0.952282,0.012185,yes,yes,00_MB_PROVINCES.txt,yes,yes,playable,blocked:shared_target_low_coverage,auto: best_target_shared_by_multiple_sources,1:9574:0.9645:0.2946 | 2:8609:0.0152:0.0135 | 3:9575:0.0127:0.0082 | 4:9573:0.0076:0.0041
target_title_block,11528,Pyapon,e_ramanya,k_pegu,d_krapan,c_bogale,b_pyapon,"66,108,118",9626,"51,123,13",Bogale,e_suvarnabhumi,k_pagan,d_ramannadesa,c_dagon,b_bogale,e_suvarnabhumi > k_pagan > d_ramannadesa > c_dagon > b_bogale,merge,manual_review,no,0.696222,0.942804,0.995448,0.400000,0.000000,0.301831,511,542,1693,2,3,11059,1.000000,0.942804,0.057196,no,yes,00_MB_PROVINCES.txt,yes,yes,playable,blocked:shared_target_low_coverage,auto: best_target_shared_by_multiple_sources,1:9626:0.9428:0.3018 | 2:8686:0.0572:0.0028
target_title_block,10960,Nattalin,e_burma,k_pagan,d_sriksetra,c_sriksetra,b_nattalin,"159,97,191",9588,"135,9,94",Sriksetra,e_suvarnabhumi,k_pagan,d_sriksetra,c_sriksetra,b_sriksetra,e_suvarnabhumi > k_pagan > d_sriksetra > c_sriksetra > b_sriksetra,merge,manual_review,no,0.695378,0.977169,0.994945,0.285714,0.000000,0.334375,428,438,1280,3,3,10960,0.977169,0.918831,0.058338,yes,yes,00_MB_PROVINCES.txt,yes,yes,playable,blocked:shared_target_low_coverage,auto: best_target_shared_by_multiple_sources,1:9588:0.9772:0.3344 | 2:9589:0.0160:0.0090 | 3:9595:0.0068:0.0030
target_title_block,9646,Myedu,e_burma,k_tagaung,d_myinmu,c_myedu,b_myedu,"51,183,23",9646,"51,183,23",Myedu,e_suvarnabhumi,k_pagan,d_tagaung,c_takon,b_myedu,e_suvarnabhumi > k_pagan > d_tagaung > c_takon > b_myedu,merge,manual_review,no,0.695290,0.665666,0.995148,0.666667,1.000000,0.530726,665,999,1253,3,2,10971,0.692483,0.665666,0.026817,no,yes,00_MB_PROVINCES.txt,yes,yes,playable,blocked:not_primary_target_source,auto: best_target_shared_by_multiple_sources,1:9646:0.6657:0.5307 | 2:9645:0.1992:0.1434 | 3:9622:0.1351:0.0606
target_title_block,9584,Matamuhuri,e_ramanya,k_arakan,d_ramu,c_matamuhuri,b_matamuhuri,"177,210,92",9584,"177,210,92",Matamuhuri,e_suvarnabhumi,k_pagan,d_arakan,c_thabeik_taung,b_matamuhuri,e_suvarnabhumi > k_pagan > d_arakan > c_thabeik_taung > b_matamuhuri,merge,manual_review,no,0.691272,0.670079,0.995373,0.666667,1.000000,0.489080,851,1270,1740,4,2,11581,0.936747,0.670079,0.266668,no,yes,00_MB_PROVINCES.txt,yes,yes,playable,blocked:not_primary_target_source,auto: best_target_shared_by_multiple_sources,1:9584:0.6701:0.4891 | 2:9582:0.1339:0.1526 | 3:8722:0.1323:0.1569 | 4:9581:0.0638:0.0582
target_title_block,9587,An,e_ramanya,k_arakan,d_sandoway,c_ramree,b_an,"93,6,221",9587,"93,6,221",An,e_suvarnabhumi,k_pagan,d_arakan,c_sandoway,b_an,e_suvarnabhumi > k_pagan > d_arakan > c_sandoway > b_an,merge,manual_review,no,0.686098,0.695373,0.996259,0.500000,1.000000,0.591904,541,778,914,4,3,11544,0.738739,0.695373,0.043366,no,yes,00_MB_PROVINCES.txt,yes,yes,playable,blocked:not_primary_target_source,auto: best_target_shared_by_multiple_sources,1:9587:0.6954:0.5919 | 2:9590:0.2931:0.1716 | 3:9564:0.0077:0.0133 | 4:9586:0.0039:0.0051
target_title_block,12993,Hpa An,e_ramanya,k_thaton,d_thaton,c_hpa_an,b_hpa_an,"19,204,132",9629,"177,132,142",Mawlamyine,e_suvarnabhumi,k_pagan,d_ramannadesa,c_thaton,b_mawlamyine,e_suvarnabhumi > k_pagan > d_ramannadesa > c_thaton > b_mawlamyine,merge,manual_review,no,0.684068,0.773019,0.997759,0.625000,0.000000,0.485215,361,467,744,3,2,9629,0.851735,0.773019,0.078716,no,yes,00_MB_PROVINCES.txt,yes,yes,playable,blocked:not_primary_target_source,auto: best_target_shared_by_multiple_sources,1:9629:0.7730:0.4852 | 2:10964:0.2120:0.0589 | 3:12768:0.0150:0.0011
target_title_block,11586,Thalaingma,e_burma,k_pagan,d_toungoo,c_swa,b_thalaingma,"44,183,142",9594,"177,27,97",Mong_Pai,e_suvarnabhumi,k_pagan,d_sriksetra,c_toungoo,b_mong_pai,e_suvarnabhumi > k_pagan > d_sriksetra > c_toungoo > b_mong_pai,merge,manual_review,no,0.680674,0.867816,0.995288,0.500000,0.000000,0.314911,302,348,959,3,4,13504,0.987421,0.867816,0.119605,no,yes,00_MB_PROVINCES.txt,yes,yes,playable,blocked:not_primary_target_source,auto: best_target_shared_by_multiple_sources,1:9594:0.8678:0.3149 | 2:9593:0.0718:0.0192 | 3:11493:0.0603:0.0125
target_title_block,11575,Sunle,e_burma,k_tagaung,d_kale,c_thaungdut,b_sunle,"131,66,27",9624,"177,117,12",Kale,e_suvarnabhumi,k_pagan,d_tagaung,c_kale,b_kale,e_suvarnabhumi > k_pagan > d_tagaung > c_kale > b_kale,merge,manual_review,no,0.680193,0.893268,0.991282,0.428571,0.000000,0.324776,544,609,1675,4,3,9624,0.997085,0.893268,0.103817,no,yes,00_MB_PROVINCES.txt,yes,yes,playable,blocked:not_primary_target_source,auto: best_target_shared_by_multiple_sources,1:9624:0.8933:0.3248 | 2:9658:0.0739:0.0552 | 3:826:0.0181:0.0058 | 4:9622:0.0148:0.0040
target_title_block,9626,Bogale,e_ramanya,k_pegu,d_krapan,c_bogale,b_bogale,"51,123,13",9626,"51,123,13",Bogale,e_suvarnabhumi,k_pagan,d_ramannadesa,c_dagon,b_bogale,e_suvarnabhumi > k_pagan > d_ramannadesa > c_dagon > b_bogale,merge,manual_review,no,0.675991,0.810764,0.992331,0.400000,1.000000,0.275842,467,576,1693,3,3,11059,1.000000,0.942804,0.057196,no,yes,00_MB_PROVINCES.txt,yes,yes,playable,blocked:not_primary_target_source,auto: best_target_shared_by_multiple_sources,1:9626:0.8108:0.2758 | 2:8686:0.0955:0.0050 | 3:9633:0.0938:0.0562
target_title_block,9645,Htigyaing,e_burma,k_tagaung,d_tagaung,c_takon,b_kawlin,"9,180,150",9645,"9,180,150",Htigyaing,e_suvarnabhumi,k_pagan,d_tagaung,c_takon,b_htigyaing,e_suvarnabhumi > k_pagan > d_tagaung > c_takon > b_htigyaing,merge,manual_review,no,0.674385,0.645982,0.994369,0.666667,1.000000,0.457493,635,983,1388,4,2,11752,0.690635,0.645982,0.044653,no,yes,00_MB_PROVINCES.txt,yes,yes,playable,blocked:not_primary_target_source,auto: best_target_shared_by_multiple_sources,1:9645:0.6460:0.4575 | 2:9644:0.2584:0.1720 | 3:9643:0.0936:0.0583 | 4:8611:0.0020:0.0056
target_title_block,10797,Gwa,e_ramanya,k_arakan,d_sandoway,c_sandoway,b_kyeintali,"210,9,46",9592,"93,21,96",Myanaung,e_suvarnabhumi,k_pagan,d_sriksetra,c_hinthada,b_myanaung,e_suvarnabhumi > k_pagan > d_sriksetra > c_hinthada > b_myanaung,merge,manual_review,no,0.673806,0.955056,0.993661,0.285714,0.000000,0.265128,425,445,1603,2,4,9592,1.000000,0.955056,0.044944,no,yes,00_MB_PROVINCES.txt,yes,yes,playable,blocked:shared_target_low_coverage,auto: best_target_shared_by_multiple_sources,1:9592:0.9551:0.2651 | 2:9591:0.0449:0.0118
target_title_block,9563,Salin,e_burma,k_pagan,d_pagan,c_minbu,b_minbu,"135,147,209",9563,"135,147,209",Salin,e_suvarnabhumi,k_pagan,d_pagan,c_minbu,b_salin,e_suvarnabhumi > k_pagan > d_pagan > c_minbu > b_salin,merge,manual_review,no,0.666883,0.823171,0.995004,0.333333,1.000000,0.260870,270,328,1035,2,3,9554,0.982906,0.823171,0.159735,no,yes,00_MB_PROVINCES.txt,yes,yes,playable,blocked:not_primary_target_source,auto: best_target_shared_by_multiple_sources,1:9563:0.8232:0.2609 | 2:9562:0.1768:0.0746
target_title_block,11522,Gwa,e_ramanya,k_arakan,d_sandoway,c_sandoway,b_gwa,"99,56,165",9591,"51,18,223",Hinthada,e_suvarnabhumi,k_pagan,d_sriksetra,c_hinthada,b_hinthada,e_suvarnabhumi > k_pagan > d_sriksetra > c_hinthada > b_hinthada,merge,manual_review,no,0.665859,0.916870,0.992183,0.375000,0.000000,0.221370,375,409,1694,3,4,9591,1.000000,1.000000,0.000000,no,no,,yes,yes,playable,blocked:no_source_history,auto: best_target_shared_by_multiple_sources,1:9591:0.9169:0.2214 | 2:9632:0.0758:0.0336 | 3:8685:0.0073:0.0002
target_title_block,10961,Hpo U,e_burma,k_pagan,d_sriksetra,c_myede,b_hpo_u,"87,110,136",9590,"9,15,95",Thayetmyo,e_suvarnabhumi,k_pagan,d_sriksetra,c_sriksetra,b_thayetmyo,e_suvarnabhumi > k_pagan > d_sriksetra > c_sriksetra > b_thayetmyo,merge,manual_review,no,0.657598,0.877419,0.992996,0.444444,0.000000,0.204665,272,310,1329,3,2,9590,0.993213,0.877419,0.115794,no,yes,00_MB_PROVINCES.txt,yes,yes,playable,blocked:not_primary_target_source,auto: best_target_shared_by_multiple_sources,1:9590:0.8774:0.2047 | 2:9592:0.1032:0.0200 | 3:8608:0.0194:0.0118
target_title_block,11524,Thabaung,e_ramanya,k_pegu,d_krapan,c_kusima,b_thabaung,"120,129,96",9632,"93,141,16",Kusumi,e_suvarnabhumi,k_pagan,d_ramannadesa,c_kusumi,b_kusumi,e_suvarnabhumi > k_pagan > d_ramannadesa > c_kusumi > b_kusumi,merge,manual_review,no,0.655610,0.930818,0.994567,0.333333,0.000000,0.160521,148,159,922,3,4,11523,0.997984,0.930818,0.067166,no,yes,00_MB_PROVINCES.txt,yes,yes,playable,blocked:shared_target_low_coverage,auto: best_target_shared_by_multiple_sources,1:9632:0.9308:0.1605 | 2:9633:0.0440:0.0073 | 3:9591:0.0252:0.0024
target_title_block,11060,Pantanaw,e_ramanya,k_pegu,d_krapan,c_pantanaw,b_pantanaw,"99,190,161",9591,"51,18,223",Hinthada,e_suvarnabhumi,k_pagan,d_sriksetra,c_hinthada,b_hinthada,e_suvarnabhumi > k_pagan > d_sriksetra > c_hinthada > b_hinthada,merge,manual_review,no,0.655173,0.868085,0.992885,0.428571,0.000000,0.240850,408,470,1694,4,4,9591,1.000000,1.000000,0.000000,no,yes,00_MB_PROVINCES.txt,yes,yes,playable,blocked:not_primary_target_source,auto: best_target_shared_by_multiple_sources,1:9591:0.8681:0.2409 | 2:9633:0.0957:0.0468 | 3:8606:0.0213:0.0546 | 4:8608:0.0149:0.0138
target_title_block,10970,Shwebo,e_burma,k_tagaung,d_myinmu,c_hanlin,b_shwebo,"130,164,209",9569,"177,165,212",Halin,e_suvarnabhumi,k_pagan,d_pagan,c_sagaing,b_halin,e_suvarnabhumi > k_pagan > d_pagan > c_sagaing > b_halin,merge,manual_review,no,0.652891,0.705882,0.996738,0.666667,0.000000,0.446281,324,459,726,3,2,9569,0.779904,0.705882,0.074022,no,yes,00_MB_PROVINCES.txt,yes,yes,playable,blocked:not_primary_target_source,auto: best_target_shared_by_multiple_sources,1:9569:0.7059:0.4463 | 2:9646:0.1961:0.0718 | 3:9647:0.0980:0.0312
target_title_block,9637,Sittaung,e_ramanya,k_pegu,d_ramannadesa,c_sittaung,b_sittaung,"93,156,146",9637,"93,156,146",Sittaung,e_suvarnabhumi,k_pagan,d_ramannadesa,c_sittaung,b_sittaung,e_suvarnabhumi > k_pagan > d_ramannadesa > c_sittaung > b_sittaung,merge,manual_review,no,0.651195,0.736842,0.995912,0.333333,1.000000,0.443439,392,532,884,4,2,9630,0.851010,0.736842,0.114168,no,yes,00_MB_PROVINCES.txt,yes,yes,playable,blocked:not_primary_target_source,auto: best_target_shared_by_multiple_sources,1:9637:0.7368:0.4434 | 2:9638:0.1466:0.1122 | 3:12862:0.1034:0.0732 | 4:12768:0.0132:0.0011
target_title_block,11533,Ohn Hne,e_ramanya,k_pegu,d_ramannadesa,c_pegu,b_ohn_hne,"103,102,144",9596,"51,33,98",Pegu,e_suvarnabhumi,k_pagan,d_ramannadesa,c_pegu,b_pegu,e_suvarnabhumi > k_pagan > d_ramannadesa > c_pegu > b_pegu,merge,manual_review,no,0.650863,0.979592,0.995815,0.142857,0.000000,0.219429,192,196,875,2,5,11533,0.979592,0.918519,0.061073,yes,yes,00_MB_PROVINCES.txt,yes,yes,playable,blocked:shared_target_low_coverage,auto: best_target_shared_by_multiple_sources,1:9596:0.9796:0.2194 | 2:12768:0.0204:0.0006
target_title_block,9553,Tantkyitaung,e_burma,k_pagan,d_pagan,c_salin,b_tantkyitaung,"135,117,204",9553,"135,117,204",Tantkyitaung,e_suvarnabhumi,k_pagan,d_pagan,c_pagan,b_tantkyitaung,e_suvarnabhumi > k_pagan > d_pagan > c_pagan > b_tantkyitaung,merge,manual_review,no,0.649663,0.798913,0.993866,0.375000,1.000000,0.172131,294,368,1708,2,3,11521,0.983193,0.801900,0.181293,no,yes,00_MB_PROVINCES.txt,yes,yes,playable,blocked:not_primary_target_source,auto: best_target_shared_by_multiple_sources,1:9553:0.7989:0.1721 | 2:9554:0.2011:0.0802
target_title_block,10959,Shwetaung,e_burma,k_pagan,d_sriksetra,c_sriksetra,b_shwetaung,"186,118,145",9588,"135,9,94",Sriksetra,e_suvarnabhumi,k_pagan,d_sriksetra,c_sriksetra,b_sriksetra,e_suvarnabhumi > k_pagan > d_sriksetra > c_sriksetra > b_sriksetra,merge,manual_review,no,0.649181,0.918831,0.994582,0.285714,0.000000,0.221094,283,308,1280,3,3,10960,0.977169,0.918831,0.058338,no,yes,00_MB_PROVINCES.txt,yes,yes,playable,blocked:shared_target_low_coverage,auto: best_target_shared_by_multiple_sources,1:9588:0.9188:0.2211 | 2:8608:0.0552:0.0335 | 3:9589:0.0260:0.0103
target_title_block,11579,Kyonpyaw,e_burma,k_pagan,d_sriksetra,c_henzada,b_kyonpyaw,"110,63,202",9591,"51,18,223",Hinthada,e_suvarnabhumi,k_pagan,d_sriksetra,c_hinthada,b_hinthada,e_suvarnabhumi > k_pagan > d_sriksetra > c_hinthada > b_hinthada,merge,manual_review,no,0.646335,1.000000,0.997295,0.125000,0.000000,0.144038,244,244,1694,1,4,9591,1.000000,1.000000,0.000000,no,yes,00_MB_PROVINCES.txt,yes,yes,playable,blocked:shared_target_low_coverage,auto: best_target_shared_by_multiple_sources,1:9591:1.0000:0.1440
target_title_block,10972,Myataung,e_burma,k_tagaung,d_tagaung,c_myataung,b_myataung,"118,216,153",9643,"135,174,149",Takon,e_suvarnabhumi,k_pagan,d_tagaung,c_takon,b_takon,e_suvarnabhumi > k_pagan > d_tagaung > c_takon > b_takon,merge,manual_review,no,0.644287,0.876640,0.991980,0.375000,0.000000,0.211795,334,381,1577,4,2,9643,0.971579,0.876640,0.094939,no,yes,00_MB_PROVINCES.txt,yes,yes,playable,blocked:not_primary_target_source,auto: best_target_shared_by_multiple_sources,1:9643:0.8766:0.2118 | 2:11452:0.0656:0.0138 | 3:10986:0.0472:0.0187 | 4:9644:0.0105:0.0027
target_title_block,11519,Pauk,e_burma,k_pagan,d_pagan,c_salin,b_pauk,"101,88,155",9553,"135,117,204",Tantkyitaung,e_suvarnabhumi,k_pagan,d_pagan,c_pagan,b_tantkyitaung,e_suvarnabhumi > k_pagan > d_pagan > c_pagan > b_tantkyitaung,merge,manual_review,no,0.627234,0.801900,0.993815,0.375000,0.000000,0.346019,591,737,1708,6,3,11521,0.983193,0.801900,0.181293,no,yes,00_MB_PROVINCES.txt,yes,yes,playable,blocked:not_primary_target_source,auto: best_target_shared_by_multiple_sources,1:9553:0.8019:0.3460 | 2:9555:0.0746:0.0446 | 3:9554:0.0733:0.0585 | 4:9623:0.0176:0.0088 | 5:9566:0.0176:0.0021
target_title_block,11576,Sidoktaya,e_burma,k_pagan,d_pagan,c_minbu,b_sidoktaya,"89,86,210",9563,"135,147,209",Salin,e_suvarnabhumi,k_pagan,d_pagan,c_minbu,b_salin,e_suvarnabhumi > k_pagan > d_pagan > c_minbu > b_salin,merge,manual_review,no,0.623113,0.761079,0.996126,0.428571,0.000000,0.381643,395,519,1035,3,3,9554,0.982906,0.823171,0.159735,no,no,,yes,yes,playable,blocked:no_source_history,auto: best_target_shared_by_multiple_sources,1:9563:0.7611:0.3816 | 2:9562:0.2139:0.1427 | 3:9553:0.0250:0.0076
target_title_block,11529,Nyaundon,e_ramanya,k_pegu,d_dagon,c_dala,b_nyaungdon,"148,112,202",9599,"177,42,227",Krapan,e_suvarnabhumi,k_pagan,d_ramannadesa,c_dagon,b_krapan,e_suvarnabhumi > k_pagan > d_ramannadesa > c_dagon > b_krapan,merge,manual_review,no,0.609478,0.711429,0.994762,0.500000,0.000000,0.361919,249,350,688,5,2,9599,0.887892,0.711429,0.176463,no,yes,00_MB_PROVINCES.txt,yes,yes,playable,blocked:not_primary_target_source,auto: best_target_shared_by_multiple_sources,1:9599:0.7114:0.3619 | 2:9635:0.2343:0.0661 | 3:8607:0.0371:0.0722 | 4:8608:0.0086:0.0059 | 5:9598:0.0086:0.0059
target_title_block,11526,Laputta,e_ramanya,k_pegu,d_krapan,c_myaungmya,b_laputta,"195,141,172",9633,"135,144,144",Myaungmya,e_suvarnabhumi,k_pagan,d_ramannadesa,c_kusumi,b_myaungmya,e_suvarnabhumi > k_pagan > d_ramannadesa > c_kusumi > b_myaungmya,merge,manual_review,no,0.598282,0.843972,0.991477,0.200000,0.000000,0.247659,238,282,961,2,3,11527,0.872832,0.850806,0.022026,no,yes,00_MB_PROVINCES.txt,yes,yes,playable,blocked:not_primary_target_source,auto: best_target_shared_by_multiple_sources,1:9633:0.8440:0.2477 | 2:8686:0.1560:0.0040
target_title_block,11516,Indaw,e_burma,k_tagaung,d_tagaung,c_myataung,b_indaw,"125,125,40",9644,"177,177,22",Katha,e_suvarnabhumi,k_pagan,d_tagaung,c_takon,b_wuntho,e_suvarnabhumi > k_pagan > d_tagaung > c_takon > b_wuntho,merge,manual_review,no,0.591582,0.635484,0.995345,0.571429,0.000000,0.400135,591,930,1477,3,2,9644,0.746479,0.635484,0.110995,no,yes,00_MB_PROVINCES.txt,yes,yes,playable,blocked:not_primary_target_source,auto: best_target_shared_by_multiple_sources,1:9644:0.6355:0.4001 | 2:10982:0.3591:0.1113 | 3:9567:0.0054:0.0006
target_title_block,13013,Monglong,e_burma,k_shan,d_hsipaw,c_hsipaw,b_monglong,"208,101,181",9640,"9,165,20",Madaya,e_suvarnabhumi,k_pagan,d_tagaung,c_madaya,b_madaya,e_suvarnabhumi > k_pagan > d_tagaung > c_madaya > b_madaya,merge,manual_review,no,0.580503,0.606349,0.995457,0.500000,0.000000,0.518552,573,945,1105,6,2,9640,0.627688,0.606349,0.021339,no,yes,00_MB_PROVINCES.txt,yes,yes,playable,blocked:not_primary_target_source,auto: best_target_shared_by_multiple_sources,1:9640:0.6063:0.5186 | 2:9642:0.3005:0.2851 | 3:10975:0.0455:0.0145 | 4:9561:0.0201:0.0357 | 5:9558:0.0169:0.0303
target_title_block,10965,Myinkaba,e_burma,k_pagan,d_pagan,c_pagan,b_myinkaba,"105,136,164",9550,"9,108,75",Pagan,e_suvarnabhumi,k_pagan,d_pagan,c_pagan,b_pagan,e_suvarnabhumi > k_pagan > d_pagan > c_pagan > b_pagan,merge,manual_review,no,0.567689,0.652381,0.997298,0.500000,0.000000,0.278455,137,210,492,2,3,9550,0.765714,0.652381,0.113333,no,yes,00_MB_PROVINCES.txt,yes,yes,playable,blocked:not_primary_target_source,auto: best_target_shared_by_multiple_sources,1:9550:0.6524:0.2785 | 2:9551:0.3476:0.1454
target_title_block,9565,Shwesettaw,e_burma,k_pagan,d_pagan,c_mindon,b_mindon,"9,153,210",9565,"9,153,210",Shwesettaw,e_suvarnabhumi,k_pagan,d_pagan,c_minbu,b_shwesettaw,e_suvarnabhumi > k_pagan > d_pagan > c_minbu > b_shwesettaw,merge,manual_review,no,0.566940,0.609091,0.995566,0.333333,1.000000,0.307810,201,330,653,3,2,11577,0.810707,0.609091,0.201616,no,yes,00_MB_PROVINCES.txt,yes,yes,playable,blocked:not_primary_target_source,auto: best_target_shared_by_multiple_sources,1:9565:0.6091:0.3078 | 2:9590:0.2727:0.0677 | 3:9564:0.1182:0.0867
target_title_block,11525,Ngapudaw,e_ramanya,k_pegu,d_krapan,c_kusima,b_ngapudaw,"148,160,102",9632,"93,141,16",Kusumi,e_suvarnabhumi,k_pagan,d_ramannadesa,c_kusumi,b_kusumi,e_suvarnabhumi > k_pagan > d_ramannadesa > c_kusumi > b_kusumi,merge,manual_review,no,0.548892,0.586066,0.992615,0.666667,0.000000,0.155098,143,244,922,3,4,11523,0.997984,0.930818,0.067166,no,yes,00_MB_PROVINCES.txt,yes,yes,playable,blocked:not_primary_target_source,auto: best_target_shared_by_multiple_sources,1:9632:0.5861:0.1551 | 2:9631:0.4016:0.2063 | 3:8686:0.0123:0.0003
target_title_block,13004,Kalaw,e_burma,k_shan,d_yawnghwe,c_loi_long,b_kalaw,"239,179,206",9570,"9,168,85",Yawnghwe,e_suvarnabhumi,k_pagan,d_pagan,c_kyaukse,b_yawnghwe,e_suvarnabhumi > k_pagan > d_pagan > c_kyaukse > b_yawnghwe,merge,manual_review,no,0.547253,0.679724,0.994667,0.375000,0.000000,0.219494,295,434,1344,4,3,13005,0.997382,0.955654,0.041728,no,yes,00_MB_PROVINCES.txt,yes,yes,playable,blocked:not_primary_target_source,auto: best_target_shared_by_multiple_sources,1:9570:0.6797:0.2195 | 2:11493:0.2604:0.0672 | 3:10965:0.0369:0.0086 | 4:9594:0.0230:0.0104
target_title_block,10963,Sale,e_burma,k_pagan,d_pagan,c_pagan,b_sale,"33,144,127",9550,"9,108,75",Pagan,e_suvarnabhumi,k_pagan,d_pagan,c_pagan,b_pagan,e_suvarnabhumi > k_pagan > d_pagan > c_pagan > b_pagan,merge,manual_review,no,0.545520,0.535897,0.995665,0.571429,0.000000,0.424797,209,390,492,4,3,9550,0.765714,0.652381,0.113333,no,yes,00_MB_PROVINCES.txt,yes,yes,playable,blocked:not_primary_target_source,auto: best_target_shared_by_multiple_sources,1:9550:0.5359:0.4248 | 2:9551:0.3564:0.2769 | 3:9574:0.0795:0.0240 | 4:9573:0.0282:0.0150
target_title_block,11063,Vaan,e_ramanya,k_pegu,d_ramannadesa,c_pegu,b_vaan,"176,104,174",9596,"51,33,98",Pegu,e_suvarnabhumi,k_pagan,d_ramannadesa,c_pegu,b_pegu,e_suvarnabhumi > k_pagan > d_ramannadesa > c_pegu > b_pegu,merge,manual_review,no,0.541715,0.751969,0.996550,0.166667,0.000000,0.218286,191,254,875,2,5,11533,0.979592,0.918519,0.061073,no,yes,00_MB_PROVINCES.txt,yes,yes,playable,blocked:not_primary_target_source,auto: best_target_shared_by_multiple_sources,1:9596:0.7520:0.2183 | 2:9636:0.2480:0.0343
target_title_block,9594,Mong_Pai,e_burma,k_shan,d_mongpai,c_mong_pai,b_mong_pai,"177,27,97",9594,"177,27,97",Mong_Pai,e_suvarnabhumi,k_pagan,d_sriksetra,c_toungoo,b_mong_pai,e_suvarnabhumi > k_pagan > d_sriksetra > c_toungoo > b_mong_pai,merge,manual_review,no,0.510586,0.526316,0.994785,0.333333,1.000000,0.208551,200,380,959,3,4,13504,0.987421,0.867816,0.119605,no,yes,00_MB_PROVINCES.txt,yes,yes,playable,blocked:not_primary_target_source,auto: best_target_shared_by_multiple_sources,1:9594:0.5263:0.2086 | 2:11496:0.4053:0.1002 | 3:11493:0.0684:0.0155
target_title_block,11578,Kanaung,e_burma,k_pagan,d_sriksetra,c_kanaung,b_kanaung,"123,66,144",9592,"93,21,96",Myanaung,e_suvarnabhumi,k_pagan,d_sriksetra,c_hinthada,b_myanaung,e_suvarnabhumi > k_pagan > d_sriksetra > c_hinthada > b_myanaung,merge,manual_review,no,0.503002,0.638767,0.993396,0.285714,0.000000,0.180911,290,454,1603,2,4,9592,1.000000,0.955056,0.044944,no,yes,00_MB_PROVINCES.txt,yes,yes,playable,blocked:not_primary_target_source,auto: best_target_shared_by_multiple_sources,1:9592:0.6388:0.1809 | 2:9591:0.3612:0.0968
target_title_block,11545,Thanphanbin,e_ramanya,k_arakan,d_arakan,c_launggyet,b_thanphanbin,"70,58,141",9587,"93,6,221",An,e_suvarnabhumi,k_pagan,d_arakan,c_sandoway,b_an,e_suvarnabhumi > k_pagan > d_arakan > c_sandoway > b_an,merge,manual_review,no,0.487169,0.567308,0.994672,0.375000,0.000000,0.193654,177,312,914,4,3,11544,0.738739,0.695373,0.043366,no,yes,00_MB_PROVINCES.txt,yes,yes,playable,blocked:not_primary_target_source,auto: best_target_shared_by_multiple_sources,1:9587:0.5673:0.1937 | 2:9564:0.3205:0.2222 | 3:9577:0.0865:0.0505 | 4:9590:0.0256:0.0060
target_title_block,11530,Hlegu,e_ramanya,k_pegu,d_dagon,c_dagon,b_hlegu,"146,140,93",9598,"135,39,99",Dagon,e_suvarnabhumi,k_pagan,d_ramannadesa,c_dagon,b_dagon,e_suvarnabhumi > k_pagan > d_ramannadesa > c_dagon > b_dagon,merge,manual_review,no,0.485989,0.574297,0.995563,0.285714,0.000000,0.280943,143,249,509,4,3,11061,0.896104,0.751825,0.144279,no,yes,00_MB_PROVINCES.txt,yes,yes,playable,blocked:not_primary_target_source,auto: best_target_shared_by_multiple_sources,1:9598:0.5743:0.2809 | 2:9635:0.2530:0.0508 | 3:9597:0.0884:0.0488 | 4:9596:0.0843:0.0240
target_title_block,11582,Myitnge,e_burma,k_pagan,d_maingmaw,c_kyaukse,b_myitnge,"104,201,157",9559,"177,135,207",Kyaukse,e_suvarnabhumi,k_pagan,d_pagan,c_kyaukse,b_kyaukse,e_suvarnabhumi > k_pagan > d_pagan > c_kyaukse > b_kyaukse,merge,manual_review,no,0.483599,0.481928,0.995935,0.500000,0.000000,0.286944,200,415,697,3,2,10967,0.846354,0.481928,0.364426,no,yes,00_MB_PROVINCES.txt,yes,yes,playable,blocked:not_primary_target_source,auto: best_target_shared_by_multiple_sources,1:9559:0.4819:0.2869 | 2:9561:0.3253:0.2538 | 3:9556:0.1928:0.1375
target_title_block,9559,Kyaukse,e_burma,k_pagan,d_maingmaw,c_maingmaw,b_maingmaw,"177,135,207",9557,"93,129,206",Pinya,e_suvarnabhumi,k_pagan,d_pagan,c_ava,b_pinya,e_suvarnabhumi > k_pagan > d_pagan > c_ava > b_pinya,merge,manual_review,no,0.474480,0.351005,0.994372,0.666667,0.000000,0.441379,192,547,435,5,2,9557,0.860806,0.351005,0.509801,no,yes,00_MB_PROVINCES.txt,yes,yes,playable,blocked:not_primary_target_source,auto: best_target_shared_by_multiple_sources,1:9557:0.3510:0.4414 | 2:9556:0.2578:0.2423 | 3:9559:0.2102:0.1650 | 4:9560:0.1773:0.1135 | 5:9552:0.0037:0.0039
target_title_block,9585,Sandoway,e_ramanya,k_arakan,d_sandoway,c_sandoway,b_sandoway,"9,0,220",9592,"93,21,96",Myanaung,e_suvarnabhumi,k_pagan,d_sriksetra,c_hinthada,b_myanaung,e_suvarnabhumi > k_pagan > d_sriksetra > c_hinthada > b_myanaung,merge,manual_review,no,0.469332,0.593750,0.993127,0.285714,0.000000,0.106675,171,288,1603,2,4,9592,1.000000,0.955056,0.044944,no,yes,00_MB_PROVINCES.txt,yes,yes,playable,blocked:not_primary_target_source,auto: best_target_shared_by_multiple_sources,1:9592:0.5938:0.1067 | 2:9585:0.4062:0.1078
target_title_block,11594,Shan Hills,,,,,,"62,36,53",9594,"177,27,97",Mong_Pai,e_suvarnabhumi,k_pagan,d_sriksetra,c_toungoo,b_mong_pai,e_suvarnabhumi > k_pagan > d_sriksetra > c_toungoo > b_mong_pai,merge,manual_review,no,0.464188,0.506667,0.989674,0.500000,0.000000,0.079249,76,150,959,4,4,13504,0.987421,0.867816,0.119605,no,no,,yes,yes,playable,blocked:no_source_history,auto: best_target_shared_by_multiple_sources,1:9594:0.5067:0.0792 | 2:9570:0.1867:0.0208 | 3:9571:0.1800:0.0400 | 4:9593:0.1267:0.0146
target_title_block,11574,Hakha,e_burma,k_tagaung,d_kale,c_kale,b_hakha,"171,140,65",9624,"177,117,12",Kale,e_suvarnabhumi,k_pagan,d_tagaung,c_kale,b_kale,e_suvarnabhumi > k_pagan > d_tagaung > c_kale > b_kale,merge,manual_review,no,0.461192,0.552860,0.990521,0.285714,0.000000,0.190448,319,577,1675,3,3,9624,0.997085,0.893268,0.103817,no,yes,00_MB_PROVINCES.txt,yes,yes,playable,blocked:not_primary_target_source,auto: best_target_shared_by_multiple_sources,1:9624:0.5529:0.1904 | 2:9566:0.3085:0.0281 | 3:9625:0.1386:0.0744
target_title_block,11518,Myaing,e_burma,k_pagan,d_pagan,c_pakokku,b_myaing,"81,122,110",9555,"9,123,205",Powundaung,e_suvarnabhumi,k_pagan,d_pagan,c_pagan,b_powundaung,e_suvarnabhumi > k_pagan > d_pagan > c_pagan > b_powundaung,merge,manual_review,no,0.456111,0.432083,0.994041,0.500000,0.000000,0.271104,334,773,1232,4,2,11517,0.721129,0.432083,0.289046,no,yes,00_MB_PROVINCES.txt,yes,yes,playable,blocked:not_primary_target_source,auto: best_target_shared_by_multiple_sources,1:9555:0.4321:0.2711 | 2:9554:0.3506:0.2936 | 3:9553:0.1462:0.0662 | 4:9623:0.0712:0.0372
target_title_block,9632,Kusumi,e_ramanya,k_pegu,d_krapan,c_kusima,b_kusima,"93,141,16",9632,"93,141,16",Kusumi,e_suvarnabhumi,k_pagan,d_ramannadesa,c_kusumi,b_kusumi,e_suvarnabhumi > k_pagan > d_ramannadesa > c_kusumi > b_kusumi,merge,manual_review,no,0.455488,0.521739,0.995711,0.166667,1.000000,0.078091,72,138,922,2,4,11523,0.997984,0.930818,0.067166,no,yes,00_MB_PROVINCES.txt,yes,yes,playable,blocked:not_primary_target_source,auto: best_target_shared_by_multiple_sources,1:9632:0.5217:0.0781 | 2:9633:0.4783:0.0687
target_title_block,11532,Mi Chen,e_ramanya,k_pegu,d_ramannadesa,c_pegu,b_mi_chen,"87,80,185",9596,"51,33,98",Pegu,e_suvarnabhumi,k_pagan,d_ramannadesa,c_pegu,b_pegu,e_suvarnabhumi > k_pagan > d_ramannadesa > c_pegu > b_pegu,merge,manual_review,no,0.449268,0.530928,0.994801,0.333333,0.000000,0.117714,103,194,875,2,5,11533,0.979592,0.918519,0.061073,no,yes,00_MB_PROVINCES.txt,yes,yes,playable,blocked:not_primary_target_source,auto: best_target_shared_by_multiple_sources,1:9596:0.5309:0.1177 | 2:9597:0.4691:0.2018
target_title_block,11537,Yan Tamim,e_ramanya,k_thaton,d_thaton,c_thaton,b_yan_tamim,"79,162,200",9628,"135,129,14",Muttina,e_suvarnabhumi,k_pagan,d_ramannadesa,c_thaton,b_muttina,e_suvarnabhumi > k_pagan > d_ramannadesa > c_thaton > b_muttina,merge,manual_review,no,0.446815,0.512500,0.997381,0.200000,0.000000,0.338843,82,160,242,3,2,9628,0.833333,0.512500,0.320833,no,yes,00_MB_PROVINCES.txt,yes,yes,playable,blocked:not_primary_target_source,auto: best_target_shared_by_multiple_sources,1:9628:0.5125:0.3388 | 2:9627:0.4313:0.1503 | 3:12768:0.0563:0.0014
target_title_block,11753,Mogok,e_burma,k_tagaung,d_myinmu,c_madaya,b_mogok,"137,101,30",9642,"93,171,21",Momeik,e_suvarnabhumi,k_pagan,d_tagaung,c_madaya,b_momeik,e_suvarnabhumi > k_pagan > d_tagaung > c_madaya > b_momeik,merge,manual_review,no,0.445636,0.496420,0.994336,0.333333,0.000000,0.208835,208,419,996,3,2,9642,0.603329,0.496420,0.106909,no,yes,00_MB_PROVINCES.txt,yes,yes,playable,blocked:not_primary_target_source,auto: best_target_shared_by_multiple_sources,1:9642:0.4964:0.2088 | 2:9641:0.4105:0.2254 | 3:9640:0.0931:0.0353
target_title_block,11583,Natmauk,e_burma,k_pagan,d_binnaka,c_yamethin,b_natmauk,"73,196,200",9571,"51,171,213",Yamethin,e_suvarnabhumi,k_pagan,d_pagan,c_yamethin,b_yamethin,e_suvarnabhumi > k_pagan > d_pagan > c_yamethin > b_yamethin,merge,manual_review,no,0.442111,0.506203,0.992312,0.222222,0.000000,0.302222,204,403,675,3,2,9571,0.956298,0.506203,0.450095,no,yes,00_MB_PROVINCES.txt,yes,yes,playable,blocked:not_primary_target_source,auto: best_target_shared_by_multiple_sources,1:9571:0.5062:0.3022 | 2:9573:0.4169:0.2295 | 3:9574:0.0769:0.0240
target_title_block,11587,Oktwin,e_burma,k_pagan,d_toungoo,c_toungoo,b_oktwin,"104,83,212",9593,"135,24,224",Toungoo,e_suvarnabhumi,k_pagan,d_sriksetra,c_toungoo,b_toungoo,e_suvarnabhumi > k_pagan > d_sriksetra > c_toungoo > b_toungoo,merge,manual_review,no,0.432252,0.541958,0.989441,0.222222,0.000000,0.119231,155,286,1300,4,4,9593,1.000000,0.993333,0.006667,no,yes,00_MB_PROVINCES.txt,yes,yes,playable,blocked:not_primary_target_source,auto: best_target_shared_by_multiple_sources,1:9593:0.5420:0.1192 | 2:9638:0.4476:0.1842 | 3:9595:0.0070:0.0020 | 4:9636:0.0035:0.0005
target_title_block,11584,Bwihikho,e_burma,k_pagan,d_toungoo,c_toungoo,b_bwihikho,"170,86,188",9593,"135,24,224",Toungoo,e_suvarnabhumi,k_pagan,d_sriksetra,c_toungoo,b_toungoo,e_suvarnabhumi > k_pagan > d_sriksetra > c_toungoo > b_toungoo,merge,manual_review,no,0.426243,0.473193,0.995567,0.333333,0.000000,0.156154,203,429,1300,3,4,9593,1.000000,0.993333,0.006667,no,yes,00_MB_PROVINCES.txt,yes,yes,playable,blocked:not_primary_target_source,auto: best_target_shared_by_multiple_sources,1:9593:0.4732:0.1562 | 2:9594:0.4056:0.1814 | 3:11496:0.1212:0.0338
target_title_block,11534,Thongwa,e_ramanya,k_pegu,d_ramannadesa,c_pegu,b_thongwa,"136,79,115",9596,"51,33,98",Pegu,e_suvarnabhumi,k_pagan,d_ramannadesa,c_pegu,b_pegu,e_suvarnabhumi > k_pagan > d_ramannadesa > c_pegu > b_pegu,merge,manual_review,no,0.401543,0.518293,0.992541,0.142857,0.000000,0.097143,85,164,875,3,5,11533,0.979592,0.918519,0.061073,no,yes,00_MB_PROVINCES.txt,yes,yes,playable,blocked:not_primary_target_source,auto: best_target_shared_by_multiple_sources,1:9596:0.5183:0.0971 | 2:9636:0.4512:0.0402 | 3:12768:0.0305:0.0008
target_title_block,11591,Kayah Mountains,,,,,,"41,50,53",9638,"135,159,19",Shwegyin,e_suvarnabhumi,k_pagan,d_ramannadesa,c_sittaung,b_shwegyin,e_suvarnabhumi > k_pagan > d_ramannadesa > c_sittaung > b_shwegyin,merge,manual_review,no,0.350002,0.404494,0.994451,0.125000,0.000000,0.155396,108,267,695,4,2,9638,0.890819,0.404494,0.486325,no,no,,yes,yes,playable,blocked:no_source_history,auto: best_target_shared_by_multiple_sources,1:9638:0.4045:0.1554 | 2:12862:0.2846:0.1012 | 3:9593:0.2809:0.0577 | 4:11496:0.0300:0.0052
target_title_block,11592,Bago Yoma Hills,,,,,,"59,43,34",9636,"51,153,18",Phyu,e_suvarnabhumi,k_pagan,d_ramannadesa,c_pegu,b_phyu,e_suvarnabhumi > k_pagan > d_ramannadesa > c_pegu > b_phyu,merge,manual_review,no,0.327739,0.253552,0.987062,0.416667,0.000000,0.126156,232,915,1839,9,3,11531,0.980749,0.954972,0.025777,no,no,,yes,yes,playable,blocked:no_source_history,auto: best_target_shared_by_multiple_sources,1:9636:0.2536:0.1262 | 2:9595:0.2481:0.2272 | 3:9634:0.1388:0.1503 | 4:9572:0.1126:0.1403 | 5:9589:0.0984:0.1157
target_title_block,9555,Powundaung,e_burma,k_pagan,d_pagan,c_pakokku,b_pakokku,"9,123,205",9554,"177,120,77",Myitche,e_suvarnabhumi,k_pagan,d_pagan,c_pagan,b_myitche,e_suvarnabhumi > k_pagan > d_pagan > c_pagan > b_myitche,split,manual_review,no,0.853710,0.972093,0.997332,1.000000,0.000000,0.452871,418,430,923,3,1,9555,0.972093,0.000000,0.972093,yes,yes,00_MB_PROVINCES.txt,yes,yes,playable,review:manual,auto: top_two_overlap_share,1:9554:0.9721:0.4529 | 2:8610:0.0256:0.0250 | 3:9639:0.0023:0.0011
target_title_block,10967,Kyaukse,e_burma,k_pagan,d_maingmaw,c_kyaukse,b_kyaukse,"96,224,202",9559,"177,135,207",Kyaukse,e_suvarnabhumi,k_pagan,d_pagan,c_kyaukse,b_kyaukse,e_suvarnabhumi > k_pagan > d_pagan > c_kyaukse > b_kyaukse,merge,manual_review,no,0.767910,0.846354,0.997906,0.625000,1.000000,0.466284,325,384,697,4,2,10967,0.846354,0.481928,0.364426,yes,yes,00_MB_PROVINCES.txt,yes,yes,playable,review:manual,auto: best_target_shared_by_multiple_sources,1:9559:0.8464:0.4663 | 2:9570:0.1068:0.0305 | 3:9560:0.0443:0.0199 | 4:10965:0.0026:0.0005
target_title_block,11577,Kyauktaing,e_burma,k_pagan,d_pagan,c_mindon,b_kyauktaing,"104,205,206",9565,"9,153,210",Shwesettaw,e_suvarnabhumi,k_pagan,d_pagan,c_minbu,b_shwesettaw,e_suvarnabhumi > k_pagan > d_pagan > c_minbu > b_shwesettaw,merge,manual_review,no,0.762537,0.810707,0.997864,0.800000,0.000000,0.649311,424,523,653,4,2,11577,0.810707,0.609091,0.201616,yes,yes,00_MB_PROVINCES.txt,yes,yes,playable,review:manual,auto: best_target_shared_by_multiple_sources,1:9565:0.8107:0.6493 | 2:9562:0.1587:0.1067 | 3:9564:0.0229:0.0267 | 4:9590:0.0076:0.0030
target_title_block,11523,Ngwesaung,e_ramanya,k_pegu,d_krapan,c_kusima,b_ngwesaung,"153,196,38",9632,"93,141,16",Kusumi,e_suvarnabhumi,k_pagan,d_ramannadesa,c_kusumi,b_kusumi,e_suvarnabhumi > k_pagan > d_ramannadesa > c_kusumi > b_kusumi,merge,manual_review,no,0.746017,0.997984,0.998272,0.333333,0.000000,0.536876,495,496,922,2,4,11523,0.997984,0.930818,0.067166,yes,yes,00_MB_PROVINCES.txt,yes,yes,playable,review:manual,auto: best_target_shared_by_multiple_sources,1:9632:0.9980:0.5369 | 2:8685:0.0020:0.0001
target_title_block,9569,Halin,e_burma,k_tagaung,d_myinmu,c_hanlin,b_hanlin,"177,165,212",9569,"177,165,212",Halin,e_suvarnabhumi,k_pagan,d_pagan,c_sagaing,b_halin,e_suvarnabhumi > k_pagan > d_pagan > c_sagaing > b_halin,merge,manual_review,no,0.706967,0.779904,0.996595,0.500000,1.000000,0.449036,326,418,726,3,2,9569,0.779904,0.705882,0.074022,yes,yes,00_MB_PROVINCES.txt,yes,yes,playable,review:manual,auto: best_target_shared_by_multiple_sources,1:9569:0.7799:0.4490 | 2:9646:0.2129:0.0710 | 3:8611:0.0072:0.0083
target_title_block,11580,Kyauktaw,e_ramanya,k_arakan,d_ramu,c_thabeik_taung,b_kyauktaw,"62,120,144",9583,"135,207,219",Thabeik_Taung,e_suvarnabhumi,k_pagan,d_arakan,c_thabeik_taung,b_thabeik_taung,e_suvarnabhumi > k_pagan > d_arakan > c_thabeik_taung > b_thabeik_taung,merge,manual_review,no,0.704458,0.828047,0.995609,0.666667,0.000000,0.383604,496,599,1293,2,2,11580,0.828047,0.729913,0.098134,yes,yes,00_MB_PROVINCES.txt,yes,yes,playable,review:manual,auto: best_target_shared_by_multiple_sources,1:9583:0.8280:0.3836 | 2:9584:0.1720:0.0592
target_title_block,11527,Wakema,e_ramanya,k_pegu,d_krapan,c_pantanaw,b_wakema,"53,138,111",9633,"135,144,144",Myaungmya,e_suvarnabhumi,k_pagan,d_ramannadesa,c_kusumi,b_myaungmya,e_suvarnabhumi > k_pagan > d_ramannadesa > c_kusumi > b_myaungmya,merge,manual_review,no,0.702764,0.872832,0.992096,0.600000,0.000000,0.314256,302,346,961,4,3,11527,0.872832,0.850806,0.022026,yes,yes,00_MB_PROVINCES.txt,yes,yes,playable,review:manual,auto: best_target_shared_by_multiple_sources,1:9633:0.8728:0.3143 | 2:9591:0.1040:0.0213 | 3:8606:0.0173:0.0328 | 4:9632:0.0058:0.0022
target_title_block,11517,Salingyi,e_burma,k_pagan,d_pagan,c_pakokku,b_salingyi,"91,151,194",9555,"9,123,205",Powundaung,e_suvarnabhumi,k_pagan,d_pagan,c_pagan,b_powundaung,e_suvarnabhumi > k_pagan > d_pagan > c_pagan > b_powundaung,merge,manual_review,no,0.696301,0.721129,0.997652,0.666667,0.000000,0.684253,843,1169,1232,5,2,11517,0.721129,0.432083,0.289046,yes,yes,00_MB_PROVINCES.txt,yes,yes,playable,review:manual,auto: best_target_shared_by_multiple_sources,1:9555:0.7211:0.6843 | 2:9623:0.1745:0.1379 | 3:9554:0.0864:0.1094 | 4:9639:0.0128:0.0163 | 5:9647:0.0051:0.0042
target_title_block,9644,Katha,e_burma,k_tagaung,d_tagaung,c_myataung,b_katha,"177,177,22",9644,"177,177,22",Katha,e_suvarnabhumi,k_pagan,d_tagaung,c_takon,b_wuntho,e_suvarnabhumi > k_pagan > d_tagaung > c_takon > b_wuntho,merge,manual_review,no,0.679760,0.746479,0.991745,0.571429,1.000000,0.287068,424,568,1477,4,2,9644,0.746479,0.635484,0.110995,yes,yes,00_MB_PROVINCES.txt,yes,yes,playable,review:manual,auto: best_target_shared_by_multiple_sources,1:9644:0.7465:0.2871 | 2:10982:0.2236:0.0423 | 3:10986:0.0194:0.0114 | 4:9643:0.0106:0.0038
target_title_block,9642,Momeik,e_burma,k_shan,d_mongmit,c_mong_mit,b_mong_mit,"93,171,21",9642,"93,171,21",Momeik,e_suvarnabhumi,k_pagan,d_tagaung,c_madaya,b_momeik,e_suvarnabhumi > k_pagan > d_tagaung > c_madaya > b_momeik,merge,manual_review,no,0.659524,0.603329,0.994903,0.714286,1.000000,0.436747,435,721,996,4,2,9642,0.603329,0.496420,0.106909,yes,yes,00_MB_PROVINCES.txt,yes,yes,playable,review:manual,auto: best_target_shared_by_multiple_sources,1:9642:0.6033:0.4367 | 2:11452:0.3412:0.1358 | 3:10975:0.0291:0.0071 | 4:9643:0.0264:0.0120
target_title_block,9629,Mawlamyine,e_ramanya,k_thaton,d_thaton,c_mawlamyine,b_mawlamyine,"177,132,142",9629,"177,132,142",Mawlamyine,e_suvarnabhumi,k_pagan,d_ramannadesa,c_thaton,b_mawlamyine,e_suvarnabhumi > k_pagan > d_ramannadesa > c_thaton > b_mawlamyine,merge,manual_review,no,0.654838,0.851735,0.995346,0.125000,1.000000,0.362903,270,317,744,4,2,9629,0.851735,0.773019,0.078716,yes,yes,00_MB_PROVINCES.txt,yes,yes,playable,review:manual,auto: best_target_shared_by_multiple_sources,1:9629:0.8517:0.3629 | 2:12768:0.0789:0.0038 | 3:10995:0.0631:0.0113 | 4:10964:0.0063:0.0012
target_title_block,9640,Madaya,e_burma,k_tagaung,d_myinmu,c_madaya,b_madaya,"9,165,20",9640,"9,165,20",Madaya,e_suvarnabhumi,k_pagan,d_tagaung,c_madaya,b_madaya,e_suvarnabhumi > k_pagan > d_tagaung > c_madaya > b_madaya,merge,manual_review,no,0.640982,0.627688,0.994587,0.571429,1.000000,0.422624,467,744,1105,4,2,9640,0.627688,0.606349,0.021339,yes,yes,00_MB_PROVINCES.txt,yes,yes,playable,review:manual,auto: best_target_shared_by_multiple_sources,1:9640:0.6277:0.4226 | 2:9641:0.2124:0.2071 | 3:9558:0.1505:0.2121 | 4:8611:0.0094:0.0194
target_title_block,9550,Pagan,e_burma,k_pagan,d_pagan,c_pagan,b_pagan,"9,108,75",9550,"9,108,75",Pagan,e_suvarnabhumi,k_pagan,d_pagan,c_pagan,b_pagan,e_suvarnabhumi > k_pagan > d_pagan > c_pagan > b_pagan,merge,manual_review,no,0.639946,0.765714,0.995689,0.333333,1.000000,0.272358,134,175,492,2,3,9550,0.765714,0.652381,0.113333,yes,yes,00_MB_PROVINCES.txt,yes,yes,playable,review:manual,auto: best_target_shared_by_multiple_sources,1:9550:0.7657:0.2724 | 2:9552:0.2343:0.0807
target_title_block,9630,Taikkala,e_ramanya,k_thaton,d_thaton,c_thaton,b_donwun,"9,135,15",9637,"93,156,146",Sittaung,e_suvarnabhumi,k_pagan,d_ramannadesa,c_sittaung,b_sittaung,e_suvarnabhumi > k_pagan > d_ramannadesa > c_sittaung > b_sittaung,merge,manual_review,no,0.626757,0.851010,0.996241,0.222222,0.000000,0.381222,337,396,884,3,2,9630,0.851010,0.736842,0.114168,yes,yes,00_MB_PROVINCES.txt,yes,yes,playable,review:manual,auto: best_target_shared_by_multiple_sources,1:9637:0.8510:0.3812 | 2:9630:0.1111:0.0715 | 3:12768:0.0379:0.0023
target_title_block,11752,Pinlebu,e_burma,k_tagaung,d_tagaung,c_takon,b_pinlebu,"207,193,74",9645,"9,180,150",Htigyaing,e_suvarnabhumi,k_pagan,d_tagaung,c_takon,b_htigyaing,e_suvarnabhumi > k_pagan > d_tagaung > c_takon > b_htigyaing,merge,manual_review,no,0.589330,0.690635,0.993800,0.500000,0.000000,0.297550,413,598,1388,3,2,11752,0.690635,0.645982,0.044653,yes,yes,00_MB_PROVINCES.txt,yes,yes,playable,review:manual,auto: best_target_shared_by_multiple_sources,1:9645:0.6906:0.2976 | 2:9644:0.2559:0.1036 | 3:9622:0.0535:0.0144
target_title_block,10971,Malei,e_burma,k_tagaung,d_myinmu,c_myedu,b_malei,"124,210,106",9646,"51,183,23",Myedu,e_suvarnabhumi,k_pagan,d_tagaung,c_takon,b_myedu,e_suvarnabhumi > k_pagan > d_tagaung > c_takon > b_myedu,merge,manual_review,no,0.582039,0.692483,0.994051,0.500000,0.000000,0.242618,304,439,1253,3,2,10971,0.692483,0.665666,0.026817,yes,yes,00_MB_PROVINCES.txt,yes,yes,playable,review:manual,auto: best_target_shared_by_multiple_sources,1:9646:0.6925:0.2426 | 2:9645:0.3030:0.0958 | 3:8611:0.0046:0.0056
target_title_block,11544,Myebon,e_ramanya,k_arakan,d_arakan,c_launggyet,b_myebon,"99,104,163",9587,"93,6,221",An,e_suvarnabhumi,k_pagan,d_arakan,c_sandoway,b_an,e_suvarnabhumi > k_pagan > d_arakan > c_sandoway > b_an,merge,manual_review,no,0.545799,0.738739,0.995147,0.250000,0.000000,0.179431,164,222,914,2,3,11544,0.738739,0.695373,0.043366,yes,yes,00_MB_PROVINCES.txt,yes,yes,playable,review:manual,auto: best_target_shared_by_multiple_sources,1:9587:0.7387:0.1794 | 2:9577:0.2613:0.1084
