"rgb","modlu_id","modlu_name","modlu_pixel_count","modlu_bbox","modlu_preview_path","orijinal_id","orijinal_name","orijinal_pixel_count","orijinal_bbox","orijinal_preview_path","suggest_keep_original_rgb_source","suggest_recolor_source","suggestion_reason","suggest_new_rgb","suggest_new_rgb_reason","conflict_status","keep_original_rgb_source","recolor_source","recolor_required","new_rgb","final_modlu_id","final_orijinal_id","tracking_note","decision_notes"
"51,135,178","9701","Sirmione","158","1530,1827 -> 1550,1841","F:\Storage\Codding\git\Crusader Kings III\Leviathonlx MoreBookmarks-Plus\BookmarksGit\analysis\generated\rgb_conflict_previews\rgb_51_135_178_modlu.png","9803","Lingnan_Leizhou_Zhanjiang","681","6740,2757 -> 6783,2781","F:\Storage\Codding\git\Crusader Kings III\Leviathonlx MoreBookmarks-Plus\BookmarksGit\analysis\generated\rgb_conflict_previews\rgb_51_135_178_orijinal.png","orijinal","modlu","Smaller pixel footprint may be cheaper to recolor.","16,16,16","Unused RGB proposal generated against the combined modlu+orijinal definition color space.","pending_manual_rgb_resolution","","","yes","","","","If both provinces remain separate, one side must receive a new RGB in provinces_birlesim.png.",""
"93,183,186","9717","Martellago","336","1618,1818 -> 1651,1833","F:\Storage\Codding\git\Crusader Kings III\Leviathonlx MoreBookmarks-Plus\BookmarksGit\analysis\generated\rgb_conflict_previews\rgb_93_183_186_modlu.png","9757","Lingnan_Lianzhou_Hepu","738","6684,2693 -> 6735,2725","F:\Storage\Codding\git\Crusader Kings III\Leviathonlx MoreBookmarks-Plus\BookmarksGit\analysis\generated\rgb_conflict_previews\rgb_93_183_186_orijinal.png","orijinal","modlu","Smaller pixel footprint may be cheaper to recolor.","16,16,48","Unused RGB proposal generated against the combined modlu+orijinal definition color space.","pending_manual_rgb_resolution","","","yes","","","","If both provinces remain separate, one side must receive a new RGB in provinces_birlesim.png.",""
"135,186,59","9718","Concordia","410","1655,1801 -> 1686,1818","F:\Storage\Codding\git\Crusader Kings III\Leviathonlx MoreBookmarks-Plus\BookmarksGit\analysis\generated\rgb_conflict_previews\rgb_135_186_59_modlu.png","9815","Lingnan_Qinzhou_Lingshan","1242","6650,2672 -> 6716,2701","F:\Storage\Codding\git\Crusader Kings III\Leviathonlx MoreBookmarks-Plus\BookmarksGit\analysis\generated\rgb_conflict_previews\rgb_135_186_59_orijinal.png","orijinal","modlu","Smaller pixel footprint may be cheaper to recolor.","16,16,80","Unused RGB proposal generated against the combined modlu+orijinal definition color space.","pending_manual_rgb_resolution","","","yes","","","","If both provinces remain separate, one side must receive a new RGB in provinces_birlesim.png.",""
"135,201,189","9723","Caminate","252","1604,1929 -> 1630,1947","F:\Storage\Codding\git\Crusader Kings III\Leviathonlx MoreBookmarks-Plus\BookmarksGit\analysis\generated\rgb_conflict_previews\rgb_135_201_189_modlu.png","9816","Lingnan_Qinzhou_Gusendong","725","6626,2694 -> 6660,2732","F:\Storage\Codding\git\Crusader Kings III\Leviathonlx MoreBookmarks-Plus\BookmarksGit\analysis\generated\rgb_conflict_previews\rgb_135_201_189_orijinal.png","orijinal","modlu","Smaller pixel footprint may be cheaper to recolor.","16,16,112","Unused RGB proposal generated against the combined modlu+orijinal definition color space.","pending_manual_rgb_resolution","","","yes","","","","If both provinces remain separate, one side must receive a new RGB in provinces_birlesim.png.",""
"9,9,65","9730","Nerola","516","1679,2088 -> 1714,2110","F:\Storage\Codding\git\Crusader Kings III\Leviathonlx MoreBookmarks-Plus\BookmarksGit\analysis\generated\rgb_conflict_previews\rgb_9_9_65_modlu.png","9846","Taiwan_Chiayi","1398","7359,2472 -> 7430,2514","F:\Storage\Codding\git\Crusader Kings III\Leviathonlx MoreBookmarks-Plus\BookmarksGit\analysis\generated\rgb_conflict_previews\rgb_9_9_65_orijinal.png","orijinal","modlu","Smaller pixel footprint may be cheaper to recolor.","16,16,144","Unused RGB proposal generated against the combined modlu+orijinal definition color space.","pending_manual_rgb_resolution","","","yes","","","","If both provinces remain separate, one side must receive a new RGB in provinces_birlesim.png.",""
"177,21,67","9734","Aderno","367","1789,2410 -> 1812,2434","F:\Storage\Codding\git\Crusader Kings III\Leviathonlx MoreBookmarks-Plus\BookmarksGit\analysis\generated\rgb_conflict_previews\rgb_177_21_67_modlu.png","9850","Taiwan_Miaoli","1642","7408,2380 -> 7455,2449","F:\Storage\Codding\git\Crusader Kings III\Leviathonlx MoreBookmarks-Plus\BookmarksGit\analysis\generated\rgb_conflict_previews\rgb_177_21_67_orijinal.png","orijinal","modlu","Smaller pixel footprint may be cheaper to recolor.","16,16,176","Unused RGB proposal generated against the combined modlu+orijinal definition color space.","pending_manual_rgb_resolution","","","yes","","","","If both provinces remain separate, one side must receive a new RGB in provinces_birlesim.png.",""
"9,24,195","9735","PaternoSicily","286","1815,2425 -> 1839,2442","F:\Storage\Codding\git\Crusader Kings III\Leviathonlx MoreBookmarks-Plus\BookmarksGit\analysis\generated\rgb_conflict_previews\rgb_9_24_195_modlu.png","9851","Taiwan_Taipei","569","7450,2372 -> 7482,2402","F:\Storage\Codding\git\Crusader Kings III\Leviathonlx MoreBookmarks-Plus\BookmarksGit\analysis\generated\rgb_conflict_previews\rgb_9_24_195_orijinal.png","orijinal","modlu","Smaller pixel footprint may be cheaper to recolor.","16,16,208","Unused RGB proposal generated against the combined modlu+orijinal definition color space.","pending_manual_rgb_resolution","","","yes","","","","If both provinces remain separate, one side must receive a new RGB in provinces_birlesim.png.",""
"51,57,73","9746","Andria","582","1874,2147 -> 1903,2178","F:\Storage\Codding\git\Crusader Kings III\Leviathonlx MoreBookmarks-Plus\BookmarksGit\analysis\generated\rgb_conflict_previews\rgb_51_57_73_modlu.png","9785","Lingnan_Nanning_Fu_Yongchun","1419","6674,2632 -> 6729,2674","F:\Storage\Codding\git\Crusader Kings III\Leviathonlx MoreBookmarks-Plus\BookmarksGit\analysis\generated\rgb_conflict_previews\rgb_51_57_73_orijinal.png","orijinal","modlu","Smaller pixel footprint may be cheaper to recolor.","16,16,240","Unused RGB proposal generated against the combined modlu+orijinal definition color space.","pending_manual_rgb_resolution","","","yes","","","","If both provinces remain separate, one side must receive a new RGB in provinces_birlesim.png.",""
"93,105,81","9762","Nocera","300","1786,2186 -> 1820,2202","F:\Storage\Codding\git\Crusader Kings III\Leviathonlx MoreBookmarks-Plus\BookmarksGit\analysis\generated\rgb_conflict_previews\rgb_93_105_81_modlu.png","9781","Lingnan_Nanning_Fu_Nanning","538","6646,2659 -> 6674,2686","F:\Storage\Codding\git\Crusader Kings III\Leviathonlx MoreBookmarks-Plus\BookmarksGit\analysis\generated\rgb_conflict_previews\rgb_93_105_81_orijinal.png","orijinal","modlu","Smaller pixel footprint may be cheaper to recolor.","16,48,16","Unused RGB proposal generated against the combined modlu+orijinal definition color space.","pending_manual_rgb_resolution","","","yes","","","","If both provinces remain separate, one side must receive a new RGB in provinces_birlesim.png.",""
"93,57,136","9817","Colonsay","34","651,927 -> 658,937","F:\Storage\Codding\git\Crusader Kings III\Leviathonlx MoreBookmarks-Plus\BookmarksGit\analysis\generated\rgb_conflict_previews\rgb_93_57_136_modlu.png","9838","Lingnan_Guishunzhou_Napo","1093","6474,2609 -> 6518,2648","F:\Storage\Codding\git\Crusader Kings III\Leviathonlx MoreBookmarks-Plus\BookmarksGit\analysis\generated\rgb_conflict_previews\rgb_93_57_136_orijinal.png","orijinal","modlu","Smaller pixel footprint may be cheaper to recolor.","16,48,48","Unused RGB proposal generated against the combined modlu+orijinal definition color space.","pending_manual_rgb_resolution","","","yes","","","","If both provinces remain separate, one side must receive a new RGB in provinces_birlesim.png.",""
"51,69,138","9821","Moluag","375","655,744 -> 678,769","F:\Storage\Codding\git\Crusader Kings III\Leviathonlx MoreBookmarks-Plus\BookmarksGit\analysis\generated\rgb_conflict_previews\rgb_51_69_138_modlu.png","9843","Lingnan_Siming_Siming","728","6566,2680 -> 6618,2717","F:\Storage\Codding\git\Crusader Kings III\Leviathonlx MoreBookmarks-Plus\BookmarksGit\analysis\generated\rgb_conflict_previews\rgb_51_69_138_orijinal.png","orijinal","modlu","Smaller pixel footprint may be cheaper to recolor.","16,48,80","Unused RGB proposal generated against the combined modlu+orijinal definition color space.","pending_manual_rgb_resolution","","","yes","","","","If both provinces remain separate, one side must receive a new RGB in provinces_birlesim.png.",""
"135,75,139","9823","Madytos","200","2456,2193 -> 2471,2217","F:\Storage\Codding\git\Crusader Kings III\Leviathonlx MoreBookmarks-Plus\BookmarksGit\analysis\generated\rgb_conflict_previews\rgb_135_75_139_modlu.png","9845","Lingnan_Siming_Silingzhou","1117","6551,2697 -> 6605,2729","F:\Storage\Codding\git\Crusader Kings III\Leviathonlx MoreBookmarks-Plus\BookmarksGit\analysis\generated\rgb_conflict_previews\rgb_135_75_139_orijinal.png","orijinal","modlu","Smaller pixel footprint may be cheaper to recolor.","16,48,112","Unused RGB proposal generated against the combined modlu+orijinal definition color space.","pending_manual_rgb_resolution","","","yes","","","","If both provinces remain separate, one side must receive a new RGB in provinces_birlesim.png.",""
"9,111,145","9835","Mangup","306","2796,1845 -> 2827,1863","F:\Storage\Codding\git\Crusader Kings III\Leviathonlx MoreBookmarks-Plus\BookmarksGit\analysis\generated\rgb_conflict_previews\rgb_9_111_145_modlu.png","9783","Lingnan_Nanning_Fu_Shangsi","1372","6604,2672 -> 6653,2728","F:\Storage\Codding\git\Crusader Kings III\Leviathonlx MoreBookmarks-Plus\BookmarksGit\analysis\generated\rgb_conflict_previews\rgb_9_111_145_orijinal.png","orijinal","modlu","Smaller pixel footprint may be cheaper to recolor.","16,48,144","Unused RGB proposal generated against the combined modlu+orijinal definition color space.","pending_manual_rgb_resolution","","","yes","","","","If both provinces remain separate, one side must receive a new RGB in provinces_birlesim.png.",""
"51,114,18","9836","Yamboli","244","2793,1858 -> 2813,1875","F:\Storage\Codding\git\Crusader Kings III\Leviathonlx MoreBookmarks-Plus\BookmarksGit\analysis\generated\rgb_conflict_previews\rgb_51_114_18_modlu.png","9784","Lingnan_Nanning_Fu_Wuxuzhen","439","6623,2659 -> 6649,2687","F:\Storage\Codding\git\Crusader Kings III\Leviathonlx MoreBookmarks-Plus\BookmarksGit\analysis\generated\rgb_conflict_previews\rgb_51_114_18_orijinal.png","orijinal","modlu","Smaller pixel footprint may be cheaper to recolor.","16,48,176","Unused RGB proposal generated against the combined modlu+orijinal definition color space.","pending_manual_rgb_resolution","","","yes","","","","If both provinces remain separate, one side must receive a new RGB in provinces_birlesim.png.",""
"177,183,157","9859","Byblos","146","2970,2562 -> 2984,2578","F:\Storage\Codding\git\Crusader Kings III\Leviathonlx MoreBookmarks-Plus\BookmarksGit\analysis\generated\rgb_conflict_previews\rgb_177_183_157_modlu.png","9860","Goryeo_Donggye_Ingnyeong","386","7696,1600 -> 7726,1625","F:\Storage\Codding\git\Crusader Kings III\Leviathonlx MoreBookmarks-Plus\BookmarksGit\analysis\generated\rgb_conflict_previews\rgb_177_183_157_orijinal.png","orijinal","modlu","Smaller pixel footprint may be cheaper to recolor.","16,48,208","Unused RGB proposal generated against the combined modlu+orijinal definition color space.","pending_manual_rgb_resolution","","","yes","","","","If both provinces remain separate, one side must receive a new RGB in provinces_birlesim.png.",""
"51,189,158","9861","Gibelin","336","2927,2727 -> 2948,2751","F:\Storage\Codding\git\Crusader Kings III\Leviathonlx MoreBookmarks-Plus\BookmarksGit\analysis\generated\rgb_conflict_previews\rgb_51_189_158_modlu.png","9862","Goryeo_Donggye_Goseong","439","7662,1562 -> 7692,1590","F:\Storage\Codding\git\Crusader Kings III\Leviathonlx MoreBookmarks-Plus\BookmarksGit\analysis\generated\rgb_conflict_previews\rgb_51_189_158_orijinal.png","orijinal","modlu","Smaller pixel footprint may be cheaper to recolor.","16,48,240","Unused RGB proposal generated against the combined modlu+orijinal definition color space.","pending_manual_rgb_resolution","","","yes","","","","If both provinces remain separate, one side must receive a new RGB in provinces_birlesim.png.",""
"93,192,31","9862","Ibelin","281","2923,2709 -> 2943,2733","F:\Storage\Codding\git\Crusader Kings III\Leviathonlx MoreBookmarks-Plus\BookmarksGit\analysis\generated\rgb_conflict_previews\rgb_93_192_31_modlu.png","9863","Goryeo_Donggye_Tongcheon","649","7634,1548 -> 7671,1578","F:\Storage\Codding\git\Crusader Kings III\Leviathonlx MoreBookmarks-Plus\BookmarksGit\analysis\generated\rgb_conflict_previews\rgb_93_192_31_orijinal.png","orijinal","modlu","Smaller pixel footprint may be cheaper to recolor.","16,80,16","Unused RGB proposal generated against the combined modlu+orijinal definition color space.","pending_manual_rgb_resolution","","","yes","","","","If both provinces remain separate, one side must receive a new RGB in provinces_birlesim.png.",""
"135,195,159","9863","Qula","172","2933,2684 -> 2954,2694","F:\Storage\Codding\git\Crusader Kings III\Leviathonlx MoreBookmarks-Plus\BookmarksGit\analysis\generated\rgb_conflict_previews\rgb_135_195_159_modlu.png","9864","Goryeo_Donggye_Heupgok","693","7615,1540 -> 7648,1575","F:\Storage\Codding\git\Crusader Kings III\Leviathonlx MoreBookmarks-Plus\BookmarksGit\analysis\generated\rgb_conflict_previews\rgb_135_195_159_orijinal.png","orijinal","modlu","Smaller pixel footprint may be cheaper to recolor.","16,80,48","Unused RGB proposal generated against the combined modlu+orijinal definition color space.","pending_manual_rgb_resolution","","","yes","","","","If both provinces remain separate, one side must receive a new RGB in provinces_birlesim.png.",""
"177,198,32","9864","JerLod","180","2931,2693 -> 2954,2703","F:\Storage\Codding\git\Crusader Kings III\Leviathonlx MoreBookmarks-Plus\BookmarksGit\analysis\generated\rgb_conflict_previews\rgb_177_198_32_modlu.png","9859","Goryeo_Donggye_Samcheok","473","7740,1640 -> 7770,1669","F:\Storage\Codding\git\Crusader Kings III\Leviathonlx MoreBookmarks-Plus\BookmarksGit\analysis\generated\rgb_conflict_previews\rgb_177_198_32_orijinal.png","orijinal","modlu","Smaller pixel footprint may be cheaper to recolor.","16,80,80","Unused RGB proposal generated against the combined modlu+orijinal definition color space.","pending_manual_rgb_resolution","","","yes","","","","If both provinces remain separate, one side must receive a new RGB in provinces_birlesim.png.",""
"135,210,34","9868","TowerDavid","208","2947,2695 -> 2970,2712","F:\Storage\Codding\git\Crusader Kings III\Leviathonlx MoreBookmarks-Plus\BookmarksGit\analysis\generated\rgb_conflict_previews\rgb_135_210_34_modlu.png","9870","Goryeo_Gyoju_Inje","457","7664,1606 -> 7689,1632","F:\Storage\Codding\git\Crusader Kings III\Leviathonlx MoreBookmarks-Plus\BookmarksGit\analysis\generated\rgb_conflict_previews\rgb_135_210_34_orijinal.png","orijinal","modlu","Smaller pixel footprint may be cheaper to recolor.","16,80,112","Unused RGB proposal generated against the combined modlu+orijinal definition color space.","pending_manual_rgb_resolution","","","yes","","","","If both provinces remain separate, one side must receive a new RGB in provinces_birlesim.png.",""
"177,0,162","9869","Bethlehem","196","2941,2717 -> 2964,2727","F:\Storage\Codding\git\Crusader Kings III\Leviathonlx MoreBookmarks-Plus\BookmarksGit\analysis\generated\rgb_conflict_previews\rgb_177_0_162_modlu.png","9872","Goryeo_Gyoju_Yanggu","427","7646,1593 -> 7672,1619","F:\Storage\Codding\git\Crusader Kings III\Leviathonlx MoreBookmarks-Plus\BookmarksGit\analysis\generated\rgb_conflict_previews\rgb_177_0_162_orijinal.png","orijinal","modlu","Smaller pixel footprint may be cheaper to recolor.","16,80,144","Unused RGB proposal generated against the combined modlu+orijinal definition color space.","pending_manual_rgb_resolution","","","yes","","","","If both provinces remain separate, one side must receive a new RGB in provinces_birlesim.png.",""
"9,3,35","9870","Belfort","284","2955,2604 -> 2980,2618","F:\Storage\Codding\git\Crusader Kings III\Leviathonlx MoreBookmarks-Plus\BookmarksGit\analysis\generated\rgb_conflict_previews\rgb_9_3_35_modlu.png","9873","Goryeo_Gyoju_Gyoju","522","7600,1571 -> 7633,1596","F:\Storage\Codding\git\Crusader Kings III\Leviathonlx MoreBookmarks-Plus\BookmarksGit\analysis\generated\rgb_conflict_previews\rgb_9_3_35_orijinal.png","orijinal","modlu","Smaller pixel footprint may be cheaper to recolor.","16,80,176","Unused RGB proposal generated against the combined modlu+orijinal definition color space.","pending_manual_rgb_resolution","","","yes","","","","If both provinces remain separate, one side must receive a new RGB in provinces_birlesim.png.",""
"93,9,36","9872","Bikfaiya","251","2970,2576 -> 2991,2597","F:\Storage\Codding\git\Crusader Kings III\Leviathonlx MoreBookmarks-Plus\BookmarksGit\analysis\generated\rgb_conflict_previews\rgb_93_9_36_modlu.png","9875","Goryeo_Gyoju_Nangcheon","733","7609,1595 -> 7650,1631","F:\Storage\Codding\git\Crusader Kings III\Leviathonlx MoreBookmarks-Plus\BookmarksGit\analysis\generated\rgb_conflict_previews\rgb_93_9_36_orijinal.png","orijinal","modlu","Smaller pixel footprint may be cheaper to recolor.","16,80,208","Unused RGB proposal generated against the combined modlu+orijinal definition color space.","pending_manual_rgb_resolution","","","yes","","","","If both provinces remain separate, one side must receive a new RGB in provinces_birlesim.png.",""
"177,15,37","9874","Amioun","200","2976,2543 -> 2998,2557","F:\Storage\Codding\git\Crusader Kings III\Leviathonlx MoreBookmarks-Plus\BookmarksGit\analysis\generated\rgb_conflict_previews\rgb_177_15_37_modlu.png","9882","Goryeo_Gyoju_Hongcheon","553","7642,1630 -> 7686,1652","F:\Storage\Codding\git\Crusader Kings III\Leviathonlx MoreBookmarks-Plus\BookmarksGit\analysis\generated\rgb_conflict_previews\rgb_177_15_37_orijinal.png","orijinal","modlu","Smaller pixel footprint may be cheaper to recolor.","16,80,240","Unused RGB proposal generated against the combined modlu+orijinal definition color space.","pending_manual_rgb_resolution","","","yes","","","","If both provinces remain separate, one side must receive a new RGB in provinces_birlesim.png.",""
"135,27,39","9878","Kantara","288","2877,2476 -> 2914,2508","F:\Storage\Codding\git\Crusader Kings III\Leviathonlx MoreBookmarks-Plus\BookmarksGit\analysis\generated\rgb_conflict_previews\rgb_135_27_39_modlu.png","9881","Goryeo_Gyoju_Hoengcheon","397","7654,1644 -> 7690,1660","F:\Storage\Codding\git\Crusader Kings III\Leviathonlx MoreBookmarks-Plus\BookmarksGit\analysis\generated\rgb_conflict_previews\rgb_135_27_39_orijinal.png","orijinal","modlu","Smaller pixel footprint may be cheaper to recolor.","16,112,16","Unused RGB proposal generated against the combined modlu+orijinal definition color space.","pending_manual_rgb_resolution","","","yes","","","","If both provinces remain separate, one side must receive a new RGB in provinces_birlesim.png.",""
"93,39,41","9882","Martvili","368","3221,1966 -> 3249,1995","F:\Storage\Codding\git\Crusader Kings III\Leviathonlx MoreBookmarks-Plus\BookmarksGit\analysis\generated\rgb_conflict_previews\rgb_93_39_41_modlu.png","9878","Goryeo_Gyoju_Anhyeop","369","7574,1596 -> 7600,1620","F:\Storage\Codding\git\Crusader Kings III\Leviathonlx MoreBookmarks-Plus\BookmarksGit\analysis\generated\rgb_conflict_previews\rgb_93_39_41_orijinal.png","orijinal","modlu","Smaller pixel footprint may be cheaper to recolor.","16,112,48","Unused RGB proposal generated against the combined modlu+orijinal definition color space.","pending_manual_rgb_resolution","","","yes","","","","If both provinces remain separate, one side must receive a new RGB in provinces_birlesim.png.",""
"9,63,45","9890","Akhalkalaki","419","3303,2037 -> 3330,2072","F:\Storage\Codding\git\Crusader Kings III\Leviathonlx MoreBookmarks-Plus\BookmarksGit\analysis\generated\rgb_conflict_previews\rgb_9_63_45_modlu.png","9887","Goryeo_Bukgye_Jangjeong","877","7441,1489 -> 7479,1526","F:\Storage\Codding\git\Crusader Kings III\Leviathonlx MoreBookmarks-Plus\BookmarksGit\analysis\generated\rgb_conflict_previews\rgb_9_63_45_orijinal.png","orijinal","modlu","Smaller pixel footprint may be cheaper to recolor.","16,112,80","Unused RGB proposal generated against the combined modlu+orijinal definition color space.","pending_manual_rgb_resolution","","","yes","","","","If both provinces remain separate, one side must receive a new RGB in provinces_birlesim.png.",""
"177,75,47","9894","Odzrakhe","293","3264,2022 -> 3283,2046","F:\Storage\Codding\git\Crusader Kings III\Leviathonlx MoreBookmarks-Plus\BookmarksGit\analysis\generated\rgb_conflict_previews\rgb_177_75_47_modlu.png","9890","Goryeo_Bukgye_Cheolju","409","7364,1542 -> 7395,1564","F:\Storage\Codding\git\Crusader Kings III\Leviathonlx MoreBookmarks-Plus\BookmarksGit\analysis\generated\rgb_conflict_previews\rgb_177_75_47_orijinal.png","orijinal","modlu","Smaller pixel footprint may be cheaper to recolor.","16,112,112","Unused RGB proposal generated against the combined modlu+orijinal definition color space.","pending_manual_rgb_resolution","","","yes","","","","If both provinces remain separate, one side must receive a new RGB in provinces_birlesim.png.",""
"135,87,49","9898","Keselo","309","3365,1984 -> 3389,2002","F:\Storage\Codding\git\Crusader Kings III\Leviathonlx MoreBookmarks-Plus\BookmarksGit\analysis\generated\rgb_conflict_previews\rgb_135_87_49_modlu.png","9894","Goryeo_Bukgye_Taeju","457","7437,1524 -> 7462,1553","F:\Storage\Codding\git\Crusader Kings III\Leviathonlx MoreBookmarks-Plus\BookmarksGit\analysis\generated\rgb_conflict_previews\rgb_135_87_49_orijinal.png","orijinal","modlu","Smaller pixel footprint may be cheaper to recolor.","16,112,144","Unused RGB proposal generated against the combined modlu+orijinal definition color space.","pending_manual_rgb_resolution","","","yes","","","","If both provinces remain separate, one side must receive a new RGB in provinces_birlesim.png.",""
"93,99,51","9902","Kaghankatuyk","346","3486,2063 -> 3509,2087","F:\Storage\Codding\git\Crusader Kings III\Leviathonlx MoreBookmarks-Plus\BookmarksGit\analysis\generated\rgb_conflict_previews\rgb_93_99_51_modlu.png","9897","Goryeo_Bukgye_Samhwa","476","7443,1585 -> 7477,1605","F:\Storage\Codding\git\Crusader Kings III\Leviathonlx MoreBookmarks-Plus\BookmarksGit\analysis\generated\rgb_conflict_previews\rgb_93_99_51_orijinal.png","orijinal","modlu","Smaller pixel footprint may be cheaper to recolor.","16,112,176","Unused RGB proposal generated against the combined modlu+orijinal definition color space.","pending_manual_rgb_resolution","","","yes","","","","If both provinces remain separate, one side must receive a new RGB in provinces_birlesim.png.",""
"51,111,53","9906","Vararakn","552","3456,2133 -> 3488,2161","F:\Storage\Codding\git\Crusader Kings III\Leviathonlx MoreBookmarks-Plus\BookmarksGit\analysis\generated\rgb_conflict_previews\rgb_51_111_53_modlu.png","9901","Goryeo_Bukgye_Jaju","582","7489,1540 -> 7517,1573","F:\Storage\Codding\git\Crusader Kings III\Leviathonlx MoreBookmarks-Plus\BookmarksGit\analysis\generated\rgb_conflict_previews\rgb_51_111_53_orijinal.png","orijinal","modlu","Smaller pixel footprint may be cheaper to recolor.","16,112,208","Unused RGB proposal generated against the combined modlu+orijinal definition color space.","pending_manual_rgb_resolution","","","yes","","","","If both provinces remain separate, one side must receive a new RGB in provinces_birlesim.png.",""
"93,129,56","9912","TatevMon","395","3417,2161 -> 3447,2184","F:\Storage\Codding\git\Crusader Kings III\Leviathonlx MoreBookmarks-Plus\BookmarksGit\analysis\generated\rgb_conflict_previews\rgb_93_129_56_modlu.png","9907","Goryeo_Gaeseong_Chuiljeon","409","7566,1611 -> 7595,1638","F:\Storage\Codding\git\Crusader Kings III\Leviathonlx MoreBookmarks-Plus\BookmarksGit\analysis\generated\rgb_conflict_previews\rgb_93_129_56_orijinal.png","orijinal","modlu","Smaller pixel footprint may be cheaper to recolor.","16,112,240","Unused RGB proposal generated against the combined modlu+orijinal definition color space.","pending_manual_rgb_resolution","","","yes","","","","If both provinces remain separate, one side must receive a new RGB in provinces_birlesim.png.",""
"177,135,57","9914","Mahkanaberd","489","3358,2070 -> 3385,2096","F:\Storage\Codding\git\Crusader Kings III\Leviathonlx MoreBookmarks-Plus\BookmarksGit\analysis\generated\rgb_conflict_previews\rgb_177_135_57_modlu.png","9908","Goryeo_Seohae_Tosan","444","7504,1573 -> 7531,1599","F:\Storage\Codding\git\Crusader Kings III\Leviathonlx MoreBookmarks-Plus\BookmarksGit\analysis\generated\rgb_conflict_previews\rgb_177_135_57_orijinal.png","modlu","orijinal","Smaller pixel footprint may be cheaper to recolor.","16,144,16","Unused RGB proposal generated against the combined modlu+orijinal definition color space.","pending_manual_rgb_resolution","","","yes","","","","If both provinces remain separate, one side must receive a new RGB in provinces_birlesim.png.",""
"9,138,185","9915","Haghpat","197","3367,2053 -> 3382,2074","F:\Storage\Codding\git\Crusader Kings III\Leviathonlx MoreBookmarks-Plus\BookmarksGit\analysis\generated\rgb_conflict_previews\rgb_9_138_185_modlu.png","9909","Goryeo_Seohae_Suan","378","7522,1579 -> 7544,1605","F:\Storage\Codding\git\Crusader Kings III\Leviathonlx MoreBookmarks-Plus\BookmarksGit\analysis\generated\rgb_conflict_previews\rgb_9_138_185_orijinal.png","orijinal","modlu","Smaller pixel footprint may be cheaper to recolor.","16,144,48","Unused RGB proposal generated against the combined modlu+orijinal definition color space.","pending_manual_rgb_resolution","","","yes","","","","If both provinces remain separate, one side must receive a new RGB in provinces_birlesim.png.",""
"93,144,186","9917","Bjni","442","3342,2101 -> 3380,2120","F:\Storage\Codding\git\Crusader Kings III\Leviathonlx MoreBookmarks-Plus\BookmarksGit\analysis\generated\rgb_conflict_previews\rgb_93_144_186_modlu.png","9912","Goryeo_Seohae_Hwangju","458","7481,1592 -> 7515,1612","F:\Storage\Codding\git\Crusader Kings III\Leviathonlx MoreBookmarks-Plus\BookmarksGit\analysis\generated\rgb_conflict_previews\rgb_93_144_186_orijinal.png","orijinal","modlu","Smaller pixel footprint may be cheaper to recolor.","16,144,80","Unused RGB proposal generated against the combined modlu+orijinal definition color space.","pending_manual_rgb_resolution","","","yes","","","","If both provinces remain separate, one side must receive a new RGB in provinces_birlesim.png.",""
"135,147,59","9918","Ashtarak","197","3340,2110 -> 3361,2125","F:\Storage\Codding\git\Crusader Kings III\Leviathonlx MoreBookmarks-Plus\BookmarksGit\analysis\generated\rgb_conflict_previews\rgb_135_147_59_modlu.png","9913","Goryeo_Seohae_Anak","623","7456,1600 -> 7493,1627","F:\Storage\Codding\git\Crusader Kings III\Leviathonlx MoreBookmarks-Plus\BookmarksGit\analysis\generated\rgb_conflict_previews\rgb_135_147_59_orijinal.png","orijinal","modlu","Smaller pixel footprint may be cheaper to recolor.","16,144,112","Unused RGB proposal generated against the combined modlu+orijinal definition color space.","pending_manual_rgb_resolution","","","yes","","","","If both provinces remain separate, one side must receive a new RGB in provinces_birlesim.png.",""
"177,150,187","9919","Amberd","268","3319,2119 -> 3352,2132","F:\Storage\Codding\git\Crusader Kings III\Leviathonlx MoreBookmarks-Plus\BookmarksGit\analysis\generated\rgb_conflict_previews\rgb_177_150_187_modlu.png","9914","Goryeo_Seohae_Bongju","553","7488,1608 -> 7516,1636","F:\Storage\Codding\git\Crusader Kings III\Leviathonlx MoreBookmarks-Plus\BookmarksGit\analysis\generated\rgb_conflict_previews\rgb_177_150_187_orijinal.png","orijinal","modlu","Smaller pixel footprint may be cheaper to recolor.","16,144,144","Unused RGB proposal generated against the combined modlu+orijinal definition color space.","pending_manual_rgb_resolution","","","yes","","","","If both provinces remain separate, one side must receive a new RGB in provinces_birlesim.png.",""
"9,153,60","9920","Shirakavan","165","3314,2102 -> 3329,2123","F:\Storage\Codding\git\Crusader Kings III\Leviathonlx MoreBookmarks-Plus\BookmarksGit\analysis\generated\rgb_conflict_previews\rgb_9_153_60_modlu.png","9915","Goryeo_Seohae_Dongju","411","7511,1598 -> 7536,1623","F:\Storage\Codding\git\Crusader Kings III\Leviathonlx MoreBookmarks-Plus\BookmarksGit\analysis\generated\rgb_conflict_previews\rgb_9_153_60_orijinal.png","orijinal","modlu","Smaller pixel footprint may be cheaper to recolor.","16,144,176","Unused RGB proposal generated against the combined modlu+orijinal definition color space.","pending_manual_rgb_resolution","","","yes","","","","If both provinces remain separate, one side must receive a new RGB in provinces_birlesim.png.",""
"51,156,188","9921","Tekor","248","3299,2124 -> 3324,2138","F:\Storage\Codding\git\Crusader Kings III\Leviathonlx MoreBookmarks-Plus\BookmarksGit\analysis\generated\rgb_conflict_previews\rgb_51_156_188_modlu.png","9910","Goryeo_Seohae_Sineun","459","7531,1597 -> 7561,1620","F:\Storage\Codding\git\Crusader Kings III\Leviathonlx MoreBookmarks-Plus\BookmarksGit\analysis\generated\rgb_conflict_previews\rgb_51_156_188_orijinal.png","orijinal","modlu","Smaller pixel footprint may be cheaper to recolor.","16,144,208","Unused RGB proposal generated against the combined modlu+orijinal definition color space.","pending_manual_rgb_resolution","","","yes","","","","If both provinces remain separate, one side must receive a new RGB in provinces_birlesim.png.",""
"135,162,189","9923","Tercan","492","3161,2163 -> 3189,2195","F:\Storage\Codding\git\Crusader Kings III\Leviathonlx MoreBookmarks-Plus\BookmarksGit\analysis\generated\rgb_conflict_previews\rgb_135_162_189_modlu.png","9916","Goryeo_Seohae_Pungju","577","7427,1607 -> 7462,1637","F:\Storage\Codding\git\Crusader Kings III\Leviathonlx MoreBookmarks-Plus\BookmarksGit\analysis\generated\rgb_conflict_previews\rgb_135_162_189_orijinal.png","orijinal","modlu","Smaller pixel footprint may be cheaper to recolor.","16,144,240","Unused RGB proposal generated against the combined modlu+orijinal definition color space.","pending_manual_rgb_resolution","","","yes","","","","If both provinces remain separate, one side must receive a new RGB in provinces_birlesim.png.",""
"9,168,190","9925","Varzahan","248","3146,2134 -> 3165,2155","F:\Storage\Codding\git\Crusader Kings III\Leviathonlx MoreBookmarks-Plus\BookmarksGit\analysis\generated\rgb_conflict_previews\rgb_9_168_190_modlu.png","9918","Goryeo_Seohae_Cheongsong","456","7454,1620 -> 7493,1638","F:\Storage\Codding\git\Crusader Kings III\Leviathonlx MoreBookmarks-Plus\BookmarksGit\analysis\generated\rgb_conflict_previews\rgb_9_168_190_orijinal.png","orijinal","modlu","Smaller pixel footprint may be cheaper to recolor.","16,176,16","Unused RGB proposal generated against the combined modlu+orijinal definition color space.","pending_manual_rgb_resolution","","","yes","","","","If both provinces remain separate, one side must receive a new RGB in provinces_birlesim.png.",""
"51,171,63","9926","Tralles","523","2549,2358 -> 2574,2402","F:\Storage\Codding\git\Crusader Kings III\Leviathonlx MoreBookmarks-Plus\BookmarksGit\analysis\generated\rgb_conflict_previews\rgb_51_171_63_modlu.png","9919","Goryeo_Seohae_Haeju","538","7475,1634 -> 7514,1669","F:\Storage\Codding\git\Crusader Kings III\Leviathonlx MoreBookmarks-Plus\BookmarksGit\analysis\generated\rgb_conflict_previews\rgb_51_171_63_orijinal.png","orijinal","modlu","Smaller pixel footprint may be cheaper to recolor.","16,176,48","Unused RGB proposal generated against the combined modlu+orijinal definition color space.","pending_manual_rgb_resolution","","","yes","","","","If both provinces remain separate, one side must receive a new RGB in provinces_birlesim.png.",""
"177,180,192","9929","Hazar DeÅˆizi","39959","3468,1833 -> 3733,2082","F:\Storage\Codding\git\Crusader Kings III\Leviathonlx MoreBookmarks-Plus\BookmarksGit\analysis\generated\rgb_conflict_previews\rgb_177_180_192_modlu.png","9920","Goryeo_Seohae_Ongjin","519","7453,1636 -> 7490,1664","F:\Storage\Codding\git\Crusader Kings III\Leviathonlx MoreBookmarks-Plus\BookmarksGit\analysis\generated\rgb_conflict_previews\rgb_177_180_192_orijinal.png","modlu","orijinal","Smaller pixel footprint may be cheaper to recolor.","16,176,80","Unused RGB proposal generated against the combined modlu+orijinal definition color space.","pending_manual_rgb_resolution","","","yes","","","","If both provinces remain separate, one side must receive a new RGB in provinces_birlesim.png.",""
"51,186,193","9931","Lake Alakol","1379","5023,1509 -> 5099,1559","F:\Storage\Codding\git\Crusader Kings III\Leviathonlx MoreBookmarks-Plus\BookmarksGit\analysis\generated\rgb_conflict_previews\rgb_51_186_193_modlu.png","9921","Goryeo_Seohae_Ubong","477","7510,1636 -> 7547,1656","F:\Storage\Codding\git\Crusader Kings III\Leviathonlx MoreBookmarks-Plus\BookmarksGit\analysis\generated\rgb_conflict_previews\rgb_51_186_193_orijinal.png","modlu","orijinal","Smaller pixel footprint may be cheaper to recolor.","16,176,112","Unused RGB proposal generated against the combined modlu+orijinal definition color space.","pending_manual_rgb_resolution","","","yes","","","","If both provinces remain separate, one side must receive a new RGB in provinces_birlesim.png.",""
"93,189,66","9932","Ebi Lake","369","5130,1599 -> 5163,1615","F:\Storage\Codding\git\Crusader Kings III\Leviathonlx MoreBookmarks-Plus\BookmarksGit\analysis\generated\rgb_conflict_previews\rgb_93_189_66_modlu.png","9922","Goryeo_Seohae_Pyeongju","643","7512,1616 -> 7556,1638","F:\Storage\Codding\git\Crusader Kings III\Leviathonlx MoreBookmarks-Plus\BookmarksGit\analysis\generated\rgb_conflict_previews\rgb_93_189_66_orijinal.png","orijinal","modlu","Smaller pixel footprint may be cheaper to recolor.","16,176,144","Unused RGB proposal generated against the combined modlu+orijinal definition color space.","pending_manual_rgb_resolution","","","yes","","","","If both provinces remain separate, one side must receive a new RGB in provinces_birlesim.png.",""
"135,192,194","9933","Issyk-Kul","2693","4845,1761 -> 4952,1812","F:\Storage\Codding\git\Crusader Kings III\Leviathonlx MoreBookmarks-Plus\BookmarksGit\analysis\generated\rgb_conflict_previews\rgb_135_192_194_modlu.png","9923","Goryeo_Yanggwan_Bukju","434","7602,1622 -> 7634,1644","F:\Storage\Codding\git\Crusader Kings III\Leviathonlx MoreBookmarks-Plus\BookmarksGit\analysis\generated\rgb_conflict_previews\rgb_135_192_194_orijinal.png","modlu","orijinal","Smaller pixel footprint may be cheaper to recolor.","16,176,176","Unused RGB proposal generated against the combined modlu+orijinal definition color space.","pending_manual_rgb_resolution","","","yes","","","","If both provinces remain separate, one side must receive a new RGB in provinces_birlesim.png.",""
"177,195,67","9934","Sayram Lake","145","5059,1627 -> 5076,1638","F:\Storage\Codding\git\Crusader Kings III\Leviathonlx MoreBookmarks-Plus\BookmarksGit\analysis\generated\rgb_conflict_previews\rgb_177_195_67_modlu.png","9924","Goryeo_Yanggwan_Namyeong","558","7582,1626 -> 7620,1654","F:\Storage\Codding\git\Crusader Kings III\Leviathonlx MoreBookmarks-Plus\BookmarksGit\analysis\generated\rgb_conflict_previews\rgb_177_195_67_orijinal.png","orijinal","modlu","Smaller pixel footprint may be cheaper to recolor.","16,176,208","Unused RGB proposal generated against the combined modlu+orijinal definition color space.","pending_manual_rgb_resolution","","","yes","","","","If both provinces remain separate, one side must receive a new RGB in provinces_birlesim.png.",""
"51,201,68","9936","Ulungur Lake","450","5309,1415 -> 5342,1441","F:\Storage\Codding\git\Crusader Kings III\Leviathonlx MoreBookmarks-Plus\BookmarksGit\analysis\generated\rgb_conflict_previews\rgb_51_201_68_modlu.png","9925","Goryeo_Yanggwan_Haengju","409","7571,1637 -> 7605,1660","F:\Storage\Codding\git\Crusader Kings III\Leviathonlx MoreBookmarks-Plus\BookmarksGit\analysis\generated\rgb_conflict_previews\rgb_51_201_68_orijinal.png","modlu","orijinal","Smaller pixel footprint may be cheaper to recolor.","16,176,240","Unused RGB proposal generated against the combined modlu+orijinal definition color space.","pending_manual_rgb_resolution","","","yes","","","","If both provinces remain separate, one side must receive a new RGB in provinces_birlesim.png.",""
"93,204,196","9937","Jili Lake","59","5334,1438 -> 5341,1449","F:\Storage\Codding\git\Crusader Kings III\Leviathonlx MoreBookmarks-Plus\BookmarksGit\analysis\generated\rgb_conflict_previews\rgb_93_204_196_modlu.png","9945","Goryeo_Yanggwan_Ganghwa","492","7548,1649 -> 7592,1673","F:\Storage\Codding\git\Crusader Kings III\Leviathonlx MoreBookmarks-Plus\BookmarksGit\analysis\generated\rgb_conflict_previews\rgb_93_204_196_orijinal.png","orijinal","modlu","Smaller pixel footprint may be cheaper to recolor.","16,208,16","Unused RGB proposal generated against the combined modlu+orijinal definition color space.","pending_manual_rgb_resolution","","","yes","","","","If both provinces remain separate, one side must receive a new RGB in provinces_birlesim.png.",""
"135,207,69","9938","Ailik Lake","286","5267,1518 -> 5292,1537","F:\Storage\Codding\git\Crusader Kings III\Leviathonlx MoreBookmarks-Plus\BookmarksGit\analysis\generated\rgb_conflict_previews\rgb_135_207_69_modlu.png","9926","Goryeo_Yanggwan_Wonju","637","7659,1648 -> 7704,1678","F:\Storage\Codding\git\Crusader Kings III\Leviathonlx MoreBookmarks-Plus\BookmarksGit\analysis\generated\rgb_conflict_previews\rgb_135_207_69_orijinal.png","orijinal","modlu","Smaller pixel footprint may be cheaper to recolor.","16,208,48","Unused RGB proposal generated against the combined modlu+orijinal definition color space.","pending_manual_rgb_resolution","","","yes","","","","If both provinces remain separate, one side must receive a new RGB in provinces_birlesim.png.",""
"177,210,197","9939","Tsetseg Nuur","940","5541,1462 -> 5598,1496","F:\Storage\Codding\git\Crusader Kings III\Leviathonlx MoreBookmarks-Plus\BookmarksGit\analysis\generated\rgb_conflict_previews\rgb_177_210_197_modlu.png","9930","Goryeo_Yanggwan_Pyeongchang","255","7703,1647 -> 7730,1662","F:\Storage\Codding\git\Crusader Kings III\Leviathonlx MoreBookmarks-Plus\BookmarksGit\analysis\generated\rgb_conflict_previews\rgb_177_210_197_orijinal.png","modlu","orijinal","Smaller pixel footprint may be cheaper to recolor.","16,208,80","Unused RGB proposal generated against the combined modlu+orijinal definition color space.","pending_manual_rgb_resolution","","","yes","","","","If both provinces remain separate, one side must receive a new RGB in provinces_birlesim.png.",""
"9,0,70","9940","Khar-Us Nuur","815","5526,1316 -> 5558,1359","F:\Storage\Codding\git\Crusader Kings III\Leviathonlx MoreBookmarks-Plus\BookmarksGit\analysis\generated\rgb_conflict_previews\rgb_9_0_70_modlu.png","9931","Goryeo_Yanggwan_Yeongwol","442","7696,1657 -> 7726,1684","F:\Storage\Codding\git\Crusader Kings III\Leviathonlx MoreBookmarks-Plus\BookmarksGit\analysis\generated\rgb_conflict_previews\rgb_9_0_70_orijinal.png","modlu","orijinal","Smaller pixel footprint may be cheaper to recolor.","16,208,112","Unused RGB proposal generated against the combined modlu+orijinal definition color space.","pending_manual_rgb_resolution","","","yes","","","","If both provinces remain separate, one side must receive a new RGB in provinces_birlesim.png.",""
"135,9,199","9943","Sangiin Dalai Nuur","574","5644,1375 -> 5720,1393","F:\Storage\Codding\git\Crusader Kings III\Leviathonlx MoreBookmarks-Plus\BookmarksGit\analysis\generated\rgb_conflict_previews\rgb_135_9_199_modlu.png","9932","Goryeo_Yanggwan_Jecheon","556","7677,1665 -> 7705,1691","F:\Storage\Codding\git\Crusader Kings III\Leviathonlx MoreBookmarks-Plus\BookmarksGit\analysis\generated\rgb_conflict_previews\rgb_135_9_199_orijinal.png","modlu","orijinal","Smaller pixel footprint may be cheaper to recolor.","16,208,144","Unused RGB proposal generated against the combined modlu+orijinal definition color space.","pending_manual_rgb_resolution","","","yes","","","","If both provinces remain separate, one side must receive a new RGB in provinces_birlesim.png.",""
"177,12,72","9944","Ereen Nuur","71","5723,1364 -> 5732,1374","F:\Storage\Codding\git\Crusader Kings III\Leviathonlx MoreBookmarks-Plus\BookmarksGit\analysis\generated\rgb_conflict_previews\rgb_177_12_72_modlu.png","9927","Goryeo_Yanggwan_Cheonan","427","7607,1686 -> 7636,1714","F:\Storage\Codding\git\Crusader Kings III\Leviathonlx MoreBookmarks-Plus\BookmarksGit\analysis\generated\rgb_conflict_previews\rgb_177_12_72_orijinal.png","orijinal","modlu","Smaller pixel footprint may be cheaper to recolor.","16,208,176","Unused RGB proposal generated against the combined modlu+orijinal definition color space.","pending_manual_rgb_resolution","","","yes","","","","If both provinces remain separate, one side must receive a new RGB in provinces_birlesim.png.",""
"9,15,200","9945","Gegeen Nuur","141","5765,1395 -> 5790,1408","F:\Storage\Codding\git\Crusader Kings III\Leviathonlx MoreBookmarks-Plus\BookmarksGit\analysis\generated\rgb_conflict_previews\rgb_9_15_200_modlu.png","9928","Goryeo_Yanggwan_Yanggeun","397","7618,1639 -> 7645,1661","F:\Storage\Codding\git\Crusader Kings III\Leviathonlx MoreBookmarks-Plus\BookmarksGit\analysis\generated\rgb_conflict_previews\rgb_9_15_200_orijinal.png","orijinal","modlu","Smaller pixel footprint may be cheaper to recolor.","16,208,208","Unused RGB proposal generated against the combined modlu+orijinal definition color space.","pending_manual_rgb_resolution","","","yes","","","","If both provinces remain separate, one side must receive a new RGB in provinces_birlesim.png.",""
"51,18,73","9946","BÃ¶Ã¶n Tsagaan Nuur","92","5883,1403 -> 5897,1411","F:\Storage\Codding\git\Crusader Kings III\Leviathonlx MoreBookmarks-Plus\BookmarksGit\analysis\generated\rgb_conflict_previews\rgb_51_18_73_modlu.png","9929","Goryeo_Yanggwan_Cheonyeong","313","7641,1651 -> 7664,1678","F:\Storage\Codding\git\Crusader Kings III\Leviathonlx MoreBookmarks-Plus\BookmarksGit\analysis\generated\rgb_conflict_previews\rgb_51_18_73_orijinal.png","orijinal","modlu","Smaller pixel footprint may be cheaper to recolor.","16,208,240","Unused RGB proposal generated against the combined modlu+orijinal definition color space.","pending_manual_rgb_resolution","","","yes","","","","If both provinces remain separate, one side must receive a new RGB in provinces_birlesim.png.",""
"93,21,201","9947","Orog Nuur","41","5945,1410 -> 5954,1414","F:\Storage\Codding\git\Crusader Kings III\Leviathonlx MoreBookmarks-Plus\BookmarksGit\analysis\generated\rgb_conflict_previews\rgb_93_21_201_modlu.png","9933","Goryeo_Yanggwan_Chungju","348","7652,1676 -> 7680,1694","F:\Storage\Codding\git\Crusader Kings III\Leviathonlx MoreBookmarks-Plus\BookmarksGit\analysis\generated\rgb_conflict_previews\rgb_93_21_201_orijinal.png","orijinal","modlu","Smaller pixel footprint may be cheaper to recolor.","16,240,16","Unused RGB proposal generated against the combined modlu+orijinal definition color space.","pending_manual_rgb_resolution","","","yes","","","","If both provinces remain separate, one side must receive a new RGB in provinces_birlesim.png.",""
"135,24,74","9948","Taatsiin Tsagaan Nuur","26","6046,1399 -> 6053,1402","F:\Storage\Codding\git\Crusader Kings III\Leviathonlx MoreBookmarks-Plus\BookmarksGit\analysis\generated\rgb_conflict_previews\rgb_135_24_74_modlu.png","9934","Goryeo_Yanggwan_Goeju","610","7625,1688 -> 7671,1711","F:\Storage\Codding\git\Crusader Kings III\Leviathonlx MoreBookmarks-Plus\BookmarksGit\analysis\generated\rgb_conflict_previews\rgb_135_24_74_orijinal.png","orijinal","modlu","Smaller pixel footprint may be cheaper to recolor.","16,240,48","Unused RGB proposal generated against the combined modlu+orijinal definition color space.","pending_manual_rgb_resolution","","","yes","","","","If both provinces remain separate, one side must receive a new RGB in provinces_birlesim.png.",""
"177,27,202","9949","Khyargas Nuur","722","5537,1252 -> 5590,1282","F:\Storage\Codding\git\Crusader Kings III\Leviathonlx MoreBookmarks-Plus\BookmarksGit\analysis\generated\rgb_conflict_previews\rgb_177_27_202_modlu.png","9935","Goryeo_Yanggwan_Jangyeon","457","7669,1688 -> 7699,1713","F:\Storage\Codding\git\Crusader Kings III\Leviathonlx MoreBookmarks-Plus\BookmarksGit\analysis\generated\rgb_conflict_previews\rgb_177_27_202_orijinal.png","modlu","orijinal","Smaller pixel footprint may be cheaper to recolor.","16,240,80","Unused RGB proposal generated against the combined modlu+orijinal definition color space.","pending_manual_rgb_resolution","","","yes","","","","If both provinces remain separate, one side must receive a new RGB in provinces_birlesim.png.",""
"9,30,75","9950","Uvs Nuur","1586","5485,1166 -> 5545,1218","F:\Storage\Codding\git\Crusader Kings III\Leviathonlx MoreBookmarks-Plus\BookmarksGit\analysis\generated\rgb_conflict_previews\rgb_9_30_75_modlu.png","9936","Goryeo_Yanggwan_Cheongju","543","7635,1706 -> 7665,1734","F:\Storage\Codding\git\Crusader Kings III\Leviathonlx MoreBookmarks-Plus\BookmarksGit\analysis\generated\rgb_conflict_previews\rgb_9_30_75_orijinal.png","modlu","orijinal","Smaller pixel footprint may be cheaper to recolor.","16,240,112","Unused RGB proposal generated against the combined modlu+orijinal definition color space.","pending_manual_rgb_resolution","","","yes","","","","If both provinces remain separate, one side must receive a new RGB in provinces_birlesim.png.",""
"93,36,76","9952","Achit Nuur","128","5424,1255 -> 5436,1267","F:\Storage\Codding\git\Crusader Kings III\Leviathonlx MoreBookmarks-Plus\BookmarksGit\analysis\generated\rgb_conflict_previews\rgb_93_36_76_modlu.png","9937","Goryeo_Yanggwan_Gongju","376","7613,1711 -> 7640,1734","F:\Storage\Codding\git\Crusader Kings III\Leviathonlx MoreBookmarks-Plus\BookmarksGit\analysis\generated\rgb_conflict_previews\rgb_93_36_76_orijinal.png","orijinal","modlu","Smaller pixel footprint may be cheaper to recolor.","16,240,144","Unused RGB proposal generated against the combined modlu+orijinal definition color space.","pending_manual_rgb_resolution","","","yes","","","","If both provinces remain separate, one side must receive a new RGB in provinces_birlesim.png.",""
"177,42,77","9954","TeÅ„iz KÃ³li","1128","4396,1329 -> 4467,1374","F:\Storage\Codding\git\Crusader Kings III\Leviathonlx MoreBookmarks-Plus\BookmarksGit\analysis\generated\rgb_conflict_previews\rgb_177_42_77_modlu.png","9939","Goryeo_Yanggwan_Gwangju","730","7590,1653 -> 7636,1679","F:\Storage\Codding\git\Crusader Kings III\Leviathonlx MoreBookmarks-Plus\BookmarksGit\analysis\generated\rgb_conflict_previews\rgb_177_42_77_orijinal.png","modlu","orijinal","Smaller pixel footprint may be cheaper to recolor.","16,240,176","Unused RGB proposal generated against the combined modlu+orijinal definition color space.","pending_manual_rgb_resolution","","","yes","","","","If both provinces remain separate, one side must receive a new RGB in provinces_birlesim.png.",""
"51,48,78","9956","Katta KÃ¶l","105","4259,2086 -> 4292,2117","F:\Storage\Codding\git\Crusader Kings III\Leviathonlx MoreBookmarks-Plus\BookmarksGit\analysis\generated\rgb_conflict_previews\rgb_51_48_78_modlu.png","9940","Goryeo_Yanggwan_Seorim","368","7598,1725 -> 7623,1758","F:\Storage\Codding\git\Crusader Kings III\Leviathonlx MoreBookmarks-Plus\BookmarksGit\analysis\generated\rgb_conflict_previews\rgb_51_48_78_orijinal.png","orijinal","modlu","Smaller pixel footprint may be cheaper to recolor.","16,240,208","Unused RGB proposal generated against the combined modlu+orijinal definition color space.","pending_manual_rgb_resolution","","","yes","","","","If both provinces remain separate, one side must receive a new RGB in provinces_birlesim.png.",""
"93,51,206","9957","Siob KÃ¶l","85","4699,2046 -> 4709,2058","F:\Storage\Codding\git\Crusader Kings III\Leviathonlx MoreBookmarks-Plus\BookmarksGit\analysis\generated\rgb_conflict_previews\rgb_93_51_206_modlu.png","9941","Goryeo_Yanggwan_Nampo","593","7582,1714 -> 7616,1747","F:\Storage\Codding\git\Crusader Kings III\Leviathonlx MoreBookmarks-Plus\BookmarksGit\analysis\generated\rgb_conflict_previews\rgb_93_51_206_orijinal.png","orijinal","modlu","Smaller pixel footprint may be cheaper to recolor.","16,240,240","Unused RGB proposal generated against the combined modlu+orijinal definition color space.","pending_manual_rgb_resolution","","","yes","","","","If both provinces remain separate, one side must receive a new RGB in provinces_birlesim.png.",""
"9,60,80","9960","Suqian Lake","139","5927,1930 -> 5945,1939","F:\Storage\Codding\git\Crusader Kings III\Leviathonlx MoreBookmarks-Plus\BookmarksGit\analysis\generated\rgb_conflict_previews\rgb_9_60_80_modlu.png","9942","Goryeo_Yanggwan_Buseong","371","7558,1690 -> 7585,1722","F:\Storage\Codding\git\Crusader Kings III\Leviathonlx MoreBookmarks-Plus\BookmarksGit\analysis\generated\rgb_conflict_previews\rgb_9_60_80_orijinal.png","orijinal","modlu","Smaller pixel footprint may be cheaper to recolor.","48,16,16","Unused RGB proposal generated against the combined modlu+orijinal definition color space.","pending_manual_rgb_resolution","","","yes","","","","If both provinces remain separate, one side must receive a new RGB in provinces_birlesim.png.",""
"51,63,208","9961","Ngoring Lake","130","5971,2124 -> 5986,2140","F:\Storage\Codding\git\Crusader Kings III\Leviathonlx MoreBookmarks-Plus\BookmarksGit\analysis\generated\rgb_conflict_previews\rgb_51_63_208_modlu.png","9943","Goryeo_Yanggwan_Guseong","469","7574,1686 -> 7599,1717","F:\Storage\Codding\git\Crusader Kings III\Leviathonlx MoreBookmarks-Plus\BookmarksGit\analysis\generated\rgb_conflict_previews\rgb_51_63_208_orijinal.png","orijinal","modlu","Smaller pixel footprint may be cheaper to recolor.","48,16,48","Unused RGB proposal generated against the combined modlu+orijinal definition color space.","pending_manual_rgb_resolution","","","yes","","","","If both provinces remain separate, one side must receive a new RGB in provinces_birlesim.png.",""
"93,66,81","9962","Gyaring Lake","108","5946,2131 -> 5961,2140","F:\Storage\Codding\git\Crusader Kings III\Leviathonlx MoreBookmarks-Plus\BookmarksGit\analysis\generated\rgb_conflict_previews\rgb_93_66_81_modlu.png","9944","Goryeo_Yanggwan_Yesan","423","7597,1694 -> 7619,1723","F:\Storage\Codding\git\Crusader Kings III\Leviathonlx MoreBookmarks-Plus\BookmarksGit\analysis\generated\rgb_conflict_previews\rgb_93_66_81_orijinal.png","orijinal","modlu","Smaller pixel footprint may be cheaper to recolor.","48,16,80","Unused RGB proposal generated against the combined modlu+orijinal definition color space.","pending_manual_rgb_resolution","","","yes","","","","If both provinces remain separate, one side must receive a new RGB in provinces_birlesim.png.",""
"51,78,83","9966","Lake Aqqikkol","113","5451,2060 -> 5465,2070","F:\Storage\Codding\git\Crusader Kings III\Leviathonlx MoreBookmarks-Plus\BookmarksGit\analysis\generated\rgb_conflict_previews\rgb_51_78_83_modlu.png","9946","Goryeo_Yanggwan_Dangseong","510","7548,1670 -> 7613,1696","F:\Storage\Codding\git\Crusader Kings III\Leviathonlx MoreBookmarks-Plus\BookmarksGit\analysis\generated\rgb_conflict_previews\rgb_51_78_83_orijinal.png","orijinal","modlu","Smaller pixel footprint may be cheaper to recolor.","48,16,112","Unused RGB proposal generated against the combined modlu+orijinal definition color space.","pending_manual_rgb_resolution","","","yes","","","","If both provinces remain separate, one side must receive a new RGB in provinces_birlesim.png.",""
"93,81,211","9967","Lake Jingyu","75","5510,2095 -> 5528,2104","F:\Storage\Codding\git\Crusader Kings III\Leviathonlx MoreBookmarks-Plus\BookmarksGit\analysis\generated\rgb_conflict_previews\rgb_93_81_211_modlu.png","9947","Goryeo_Yanggwan_Anseong","582","7611,1662 -> 7649,1688","F:\Storage\Codding\git\Crusader Kings III\Leviathonlx MoreBookmarks-Plus\BookmarksGit\analysis\generated\rgb_conflict_previews\rgb_93_81_211_orijinal.png","orijinal","modlu","Smaller pixel footprint may be cheaper to recolor.","48,16,144","Unused RGB proposal generated against the combined modlu+orijinal definition color space.","pending_manual_rgb_resolution","","","yes","","","","If both provinces remain separate, one side must receive a new RGB in provinces_birlesim.png.",""
"135,84,84","9968","Yamdrok Yumtso","140","5648,2495 -> 5672,2514","F:\Storage\Codding\git\Crusader Kings III\Leviathonlx MoreBookmarks-Plus\BookmarksGit\analysis\generated\rgb_conflict_previews\rgb_135_84_84_modlu.png","9948","Goryeo_Yanggwan_Jukju","440","7625,1669 -> 7659,1698","F:\Storage\Codding\git\Crusader Kings III\Leviathonlx MoreBookmarks-Plus\BookmarksGit\analysis\generated\rgb_conflict_previews\rgb_135_84_84_orijinal.png","orijinal","modlu","Smaller pixel footprint may be cheaper to recolor.","48,16,176","Unused RGB proposal generated against the combined modlu+orijinal definition color space.","pending_manual_rgb_resolution","","","yes","","","","If both provinces remain separate, one side must receive a new RGB in provinces_birlesim.png.",""
"93,96,86","9972","Neri Punco","18","5678,2370 -> 5682,2375","F:\Storage\Codding\git\Crusader Kings III\Leviathonlx MoreBookmarks-Plus\BookmarksGit\analysis\generated\rgb_conflict_previews\rgb_93_96_86_modlu.png","9956","Goryeo_Jeolla_Jindo","474","7585,1831 -> 7634,1865","F:\Storage\Codding\git\Crusader Kings III\Leviathonlx MoreBookmarks-Plus\BookmarksGit\analysis\generated\rgb_conflict_previews\rgb_93_96_86_orijinal.png","orijinal","modlu","Smaller pixel footprint may be cheaper to recolor.","48,16,208","Unused RGB proposal generated against the combined modlu+orijinal definition color space.","pending_manual_rgb_resolution","","","yes","","","","If both provinces remain separate, one side must receive a new RGB in provinces_birlesim.png.",""
"177,102,87","9974","Pung Co","36","5649,2358 -> 5654,2368","F:\Storage\Codding\git\Crusader Kings III\Leviathonlx MoreBookmarks-Plus\BookmarksGit\analysis\generated\rgb_conflict_previews\rgb_177_102_87_modlu.png","9950","Goryeo_Jeolla_Mokpo","316","7605,1815 -> 7636,1838","F:\Storage\Codding\git\Crusader Kings III\Leviathonlx MoreBookmarks-Plus\BookmarksGit\analysis\generated\rgb_conflict_previews\rgb_177_102_87_orijinal.png","orijinal","modlu","Smaller pixel footprint may be cheaper to recolor.","48,16,240","Unused RGB proposal generated against the combined modlu+orijinal definition color space.","pending_manual_rgb_resolution","","","yes","","","","If both provinces remain separate, one side must receive a new RGB in provinces_birlesim.png.",""
"9,105,215","9975","Cona","36","5672,2328 -> 5676,2337","F:\Storage\Codding\git\Crusader Kings III\Leviathonlx MoreBookmarks-Plus\BookmarksGit\analysis\generated\rgb_conflict_previews\rgb_9_105_215_modlu.png","9949","Goryeo_Jeolla_Hampyeong","610","7588,1788 -> 7630,1840","F:\Storage\Codding\git\Crusader Kings III\Leviathonlx MoreBookmarks-Plus\BookmarksGit\analysis\generated\rgb_conflict_previews\rgb_9_105_215_orijinal.png","orijinal","modlu","Smaller pixel footprint may be cheaper to recolor.","48,48,16","Unused RGB proposal generated against the combined modlu+orijinal definition color space.","pending_manual_rgb_resolution","","","yes","","","","If both provinces remain separate, one side must receive a new RGB in provinces_birlesim.png.",""
"51,108,88","9976","Zigetangcuo Lake","53","5636,2330 -> 5646,2336","F:\Storage\Codding\git\Crusader Kings III\Leviathonlx MoreBookmarks-Plus\BookmarksGit\analysis\generated\rgb_conflict_previews\rgb_51_108_88_modlu.png","9951","Goryeo_Jeolla_Yeonggwang","301","7603,1768 -> 7623,1795","F:\Storage\Codding\git\Crusader Kings III\Leviathonlx MoreBookmarks-Plus\BookmarksGit\analysis\generated\rgb_conflict_previews\rgb_51_108_88_orijinal.png","orijinal","modlu","Smaller pixel footprint may be cheaper to recolor.","48,48,48","Unused RGB proposal generated against the combined modlu+orijinal definition color space.","pending_manual_rgb_resolution","","","yes","","","","If both provinces remain separate, one side must receive a new RGB in provinces_birlesim.png.",""
"93,111,216","9977","Ringco Kongma","47","5586,2401 -> 5599,2405","F:\Storage\Codding\git\Crusader Kings III\Leviathonlx MoreBookmarks-Plus\BookmarksGit\analysis\generated\rgb_conflict_previews\rgb_93_111_216_modlu.png","9952","Goryeo_Jeolla_Gangseong","473","7613,1766 -> 7641,1795","F:\Storage\Codding\git\Crusader Kings III\Leviathonlx MoreBookmarks-Plus\BookmarksGit\analysis\generated\rgb_conflict_previews\rgb_93_111_216_orijinal.png","orijinal","modlu","Smaller pixel footprint may be cheaper to recolor.","48,48,80","Unused RGB proposal generated against the combined modlu+orijinal definition color space.","pending_manual_rgb_resolution","","","yes","","","","If both provinces remain separate, one side must receive a new RGB in provinces_birlesim.png.",""
"135,114,89","9978","Gomang Co","21","5560,2388 -> 5564,2393","F:\Storage\Codding\git\Crusader Kings III\Leviathonlx MoreBookmarks-Plus\BookmarksGit\analysis\generated\rgb_conflict_previews\rgb_135_114_89_modlu.png","9953","Goryeo_Jeolla_Jeonju","540","7609,1750 -> 7650,1779","F:\Storage\Codding\git\Crusader Kings III\Leviathonlx MoreBookmarks-Plus\BookmarksGit\analysis\generated\rgb_conflict_previews\rgb_135_114_89_orijinal.png","orijinal","modlu","Smaller pixel footprint may be cheaper to recolor.","48,48,112","Unused RGB proposal generated against the combined modlu+orijinal definition color space.","pending_manual_rgb_resolution","","","yes","","","","If both provinces remain separate, one side must receive a new RGB in provinces_birlesim.png.",""
"51,123,218","9981","Angda'er Co","16","5564,2306 -> 5569,2309","F:\Storage\Codding\git\Crusader Kings III\Leviathonlx MoreBookmarks-Plus\BookmarksGit\analysis\generated\rgb_conflict_previews\rgb_51_123_218_modlu.png","9954","Goryeo_Jeolla_Jangheung","503","7643,1825 -> 7670,1879","F:\Storage\Codding\git\Crusader Kings III\Leviathonlx MoreBookmarks-Plus\BookmarksGit\analysis\generated\rgb_conflict_previews\rgb_51_123_218_orijinal.png","orijinal","modlu","Smaller pixel footprint may be cheaper to recolor.","48,48,144","Unused RGB proposal generated against the combined modlu+orijinal definition color space.","pending_manual_rgb_resolution","","","yes","","","","If both provinces remain separate, one side must receive a new RGB in provinces_birlesim.png.",""
"93,126,91","9982","Gyaring Co","109","5502,2393 -> 5529,2408","F:\Storage\Codding\git\Crusader Kings III\Leviathonlx MoreBookmarks-Plus\BookmarksGit\analysis\generated\rgb_conflict_previews\rgb_93_126_91_modlu.png","9955","Goryeo_Jeolla_Donggang","420","7629,1836 -> 7649,1882","F:\Storage\Codding\git\Crusader Kings III\Leviathonlx MoreBookmarks-Plus\BookmarksGit\analysis\generated\rgb_conflict_previews\rgb_93_126_91_orijinal.png","orijinal","modlu","Smaller pixel footprint may be cheaper to recolor.","48,48,176","Unused RGB proposal generated against the combined modlu+orijinal definition color space.","pending_manual_rgb_resolution","","","yes","","","","If both provinces remain separate, one side must receive a new RGB in provinces_birlesim.png.",""
"177,132,92","9984","Urru Co","70","5488,2367 -> 5501,2376","F:\Storage\Codding\git\Crusader Kings III\Leviathonlx MoreBookmarks-Plus\BookmarksGit\analysis\generated\rgb_conflict_previews\rgb_177_132_92_modlu.png","9957","Goryeo_Jeolla_Jindong","398","7633,1732 -> 7658,1763","F:\Storage\Codding\git\Crusader Kings III\Leviathonlx MoreBookmarks-Plus\BookmarksGit\analysis\generated\rgb_conflict_previews\rgb_177_132_92_orijinal.png","orijinal","modlu","Smaller pixel footprint may be cheaper to recolor.","48,48,240","Unused RGB proposal generated against the combined modlu+orijinal definition color space.","pending_manual_rgb_resolution","","","yes","","","","If both provinces remain separate, one side must receive a new RGB in provinces_birlesim.png.",""
"9,135,220","9985","Norma Co","38","5476,2331 -> 5492,2348","F:\Storage\Codding\git\Crusader Kings III\Leviathonlx MoreBookmarks-Plus\BookmarksGit\analysis\generated\rgb_conflict_previews\rgb_9_135_220_modlu.png","9958","Goryeo_Jeolla_Jillye","407","7648,1740 -> 7669,1766","F:\Storage\Codding\git\Crusader Kings III\Leviathonlx MoreBookmarks-Plus\BookmarksGit\analysis\generated\rgb_conflict_previews\rgb_9_135_220_orijinal.png","orijinal","modlu","Smaller pixel footprint may be cheaper to recolor.","48,80,16","Unused RGB proposal generated against the combined modlu+orijinal definition color space.","pending_manual_rgb_resolution","","","yes","","","","If both provinces remain separate, one side must receive a new RGB in provinces_birlesim.png.",""
"51,138,93","9986","DagzÃª Co","52","5463,2362 -> 5472,2368","F:\Storage\Codding\git\Crusader Kings III\Leviathonlx MoreBookmarks-Plus\BookmarksGit\analysis\generated\rgb_conflict_previews\rgb_51_138_93_modlu.png","9959","Goryeo_Jeolla_Mupung","322","7667,1736 -> 7686,1766","F:\Storage\Codding\git\Crusader Kings III\Leviathonlx MoreBookmarks-Plus\BookmarksGit\analysis\generated\rgb_conflict_previews\rgb_51_138_93_orijinal.png","orijinal","modlu","Smaller pixel footprint may be cheaper to recolor.","48,80,48","Unused RGB proposal generated against the combined modlu+orijinal definition color space.","pending_manual_rgb_resolution","","","yes","","","","If both provinces remain separate, one side must receive a new RGB in provinces_birlesim.png.",""
"9,150,95","9990","Mucuobingni","41","5411,2438 -> 5420,2445","F:\Storage\Codding\git\Crusader Kings III\Leviathonlx MoreBookmarks-Plus\BookmarksGit\analysis\generated\rgb_conflict_previews\rgb_9_150_95_modlu.png","9960","Goryeo_Jeolla_Jinan","443","7648,1762 -> 7679,1784","F:\Storage\Codding\git\Crusader Kings III\Leviathonlx MoreBookmarks-Plus\BookmarksGit\analysis\generated\rgb_conflict_previews\rgb_9_150_95_orijinal.png","orijinal","modlu","Smaller pixel footprint may be cheaper to recolor.","48,80,80","Unused RGB proposal generated against the combined modlu+orijinal definition color space.","pending_manual_rgb_resolution","","","yes","","","","If both provinces remain separate, one side must receive a new RGB in provinces_birlesim.png.",""
"93,156,96","9992","Paiku Co","68","5393,2536 -> 5402,2547","F:\Storage\Codding\git\Crusader Kings III\Leviathonlx MoreBookmarks-Plus\BookmarksGit\analysis\generated\rgb_conflict_previews\rgb_93_156_96_modlu.png","9961","Goryeo_Jeolla_Namwon","384","7655,1780 -> 7682,1800","F:\Storage\Codding\git\Crusader Kings III\Leviathonlx MoreBookmarks-Plus\BookmarksGit\analysis\generated\rgb_conflict_previews\rgb_93_156_96_orijinal.png","orijinal","modlu","Smaller pixel footprint may be cheaper to recolor.","48,80,112","Unused RGB proposal generated against the combined modlu+orijinal definition color space.","pending_manual_rgb_resolution","","","yes","","","","If both provinces remain separate, one side must receive a new RGB in provinces_birlesim.png.",""
"135,159,224","9993","Dawa Lake","28","5338,2418 -> 5344,2422","F:\Storage\Codding\git\Crusader Kings III\Leviathonlx MoreBookmarks-Plus\BookmarksGit\analysis\generated\rgb_conflict_previews\rgb_135_159_224_modlu.png","9962","Goryeo_Jeolla_Imsil","459","7637,1775 -> 7658,1803","F:\Storage\Codding\git\Crusader Kings III\Leviathonlx MoreBookmarks-Plus\BookmarksGit\analysis\generated\rgb_conflict_previews\rgb_135_159_224_orijinal.png","orijinal","modlu","Smaller pixel footprint may be cheaper to recolor.","48,80,144","Unused RGB proposal generated against the combined modlu+orijinal definition color space.","pending_manual_rgb_resolution","","","yes","","","","If both provinces remain separate, one side must receive a new RGB in provinces_birlesim.png.",""
"9,165,225","9995","Taro Tso","121","5289,2429 -> 5308,2436","F:\Storage\Codding\git\Crusader Kings III\Leviathonlx MoreBookmarks-Plus\BookmarksGit\analysis\generated\rgb_conflict_previews\rgb_9_165_225_modlu.png","9963","Goryeo_Jeolla_Seungpyeong","675","7667,1798 -> 7712,1844","F:\Storage\Codding\git\Crusader Kings III\Leviathonlx MoreBookmarks-Plus\BookmarksGit\analysis\generated\rgb_conflict_previews\rgb_9_165_225_orijinal.png","orijinal","modlu","Smaller pixel footprint may be cheaper to recolor.","48,80,176","Unused RGB proposal generated against the combined modlu+orijinal definition color space.","pending_manual_rgb_resolution","","","yes","","","","If both provinces remain separate, one side must receive a new RGB in provinces_birlesim.png.",""
"93,171,226","9997","Rinchen Shuptso","48","5257,2426 -> 5267,2433","F:\Storage\Codding\git\Crusader Kings III\Leviathonlx MoreBookmarks-Plus\BookmarksGit\analysis\generated\rgb_conflict_previews\rgb_93_171_226_modlu.png","9964","Goryeo_Jeolla_Boseong","541","7654,1797 -> 7683,1832","F:\Storage\Codding\git\Crusader Kings III\Leviathonlx MoreBookmarks-Plus\BookmarksGit\analysis\generated\rgb_conflict_previews\rgb_93_171_226_orijinal.png","orijinal","modlu","Smaller pixel footprint may be cheaper to recolor.","48,80,208","Unused RGB proposal generated against the combined modlu+orijinal definition color space.","pending_manual_rgb_resolution","","","yes","","","","If both provinces remain separate, one side must receive a new RGB in provinces_birlesim.png.",""
"135,174,99","9998","Ang Laren","132","5231,2411 -> 5254,2422","F:\Storage\Codding\git\Crusader Kings III\Leviathonlx MoreBookmarks-Plus\BookmarksGit\analysis\generated\rgb_conflict_previews\rgb_135_174_99_modlu.png","9965","Goryeo_Jeolla_Heungyang","392","7668,1823 -> 7699,1854","F:\Storage\Codding\git\Crusader Kings III\Leviathonlx MoreBookmarks-Plus\BookmarksGit\analysis\generated\rgb_conflict_previews\rgb_135_174_99_orijinal.png","orijinal","modlu","Smaller pixel footprint may be cheaper to recolor.","48,80,240","Unused RGB proposal generated against the combined modlu+orijinal definition color space.","pending_manual_rgb_resolution","","","yes","","","","If both provinces remain separate, one side must receive a new RGB in provinces_birlesim.png.",""
"177,177,227","9999","Lagkor Co","24","5286,2383 -> 5292,2387","F:\Storage\Codding\git\Crusader Kings III\Leviathonlx MoreBookmarks-Plus\BookmarksGit\analysis\generated\rgb_conflict_previews\rgb_177_177_227_modlu.png","9966","Goryeo_Jeolla_Neungseong","399","7634,1810 -> 7660,1837","F:\Storage\Codding\git\Crusader Kings III\Leviathonlx MoreBookmarks-Plus\BookmarksGit\analysis\generated\rgb_conflict_previews\rgb_177_177_227_orijinal.png","orijinal","modlu","Smaller pixel footprint may be cheaper to recolor.","48,112,16","Unused RGB proposal generated against the combined modlu+orijinal definition color space.","pending_manual_rgb_resolution","","","yes","","","","If both provinces remain separate, one side must receive a new RGB in provinces_birlesim.png.",""
"136,189,129","10003","Dorsoidong Co","94","5568,2258 -> 5579,2274","F:\Storage\Codding\git\Crusader Kings III\Leviathonlx MoreBookmarks-Plus\BookmarksGit\analysis\generated\rgb_conflict_previews\rgb_136_189_129_modlu.png","9967","Goryeo_Jeolla_Haeyang","539","7624,1794 -> 7657,1824","F:\Storage\Codding\git\Crusader Kings III\Leviathonlx MoreBookmarks-Plus\BookmarksGit\analysis\generated\rgb_conflict_previews\rgb_136_189_129_orijinal.png","orijinal","modlu","Smaller pixel footprint may be cheaper to recolor.","48,112,48","Unused RGB proposal generated against the combined modlu+orijinal definition color space.","pending_manual_rgb_resolution","","","yes","","","","If both provinces remain separate, one side must receive a new RGB in provinces_birlesim.png.",""
"178,192,2","10004","Pongyin Co","23","5515,2294 -> 5519,2299","F:\Storage\Codding\git\Crusader Kings III\Leviathonlx MoreBookmarks-Plus\BookmarksGit\analysis\generated\rgb_conflict_previews\rgb_178_192_2_modlu.png","9968","GORYEO_TAEBAEK_MOUNTAINS","659","7683,1612 -> 7722,1648","F:\Storage\Codding\git\Crusader Kings III\Leviathonlx MoreBookmarks-Plus\BookmarksGit\analysis\generated\rgb_conflict_previews\rgb_178_192_2_orijinal.png","orijinal","modlu","Smaller pixel footprint may be cheaper to recolor.","48,112,80","Unused RGB proposal generated against the combined modlu+orijinal definition color space.","pending_manual_rgb_resolution","","","yes","","","","If both provinces remain separate, one side must receive a new RGB in provinces_birlesim.png.",""
"10,195,130","10005","Linggo Co","20","5500,2245 -> 5504,2250","F:\Storage\Codding\git\Crusader Kings III\Leviathonlx MoreBookmarks-Plus\BookmarksGit\analysis\generated\rgb_conflict_previews\rgb_10_195_130_modlu.png","9969","Goryeo_Tamna_WestTamna","463","7617,1928 -> 7652,1951","F:\Storage\Codding\git\Crusader Kings III\Leviathonlx MoreBookmarks-Plus\BookmarksGit\analysis\generated\rgb_conflict_previews\rgb_10_195_130_orijinal.png","orijinal","modlu","Smaller pixel footprint may be cheaper to recolor.","48,112,112","Unused RGB proposal generated against the combined modlu+orijinal definition color space.","pending_manual_rgb_resolution","","","yes","","","","If both provinces remain separate, one side must receive a new RGB in provinces_birlesim.png.",""
"52,198,3","10006","Wulanwula Lake","153","5580,2174 -> 5604,2186","F:\Storage\Codding\git\Crusader Kings III\Leviathonlx MoreBookmarks-Plus\BookmarksGit\analysis\generated\rgb_conflict_previews\rgb_52_198_3_modlu.png","9970","Goryeo_Gyeongsang_Janggi","405","7773,1711 -> 7799,1734","F:\Storage\Codding\git\Crusader Kings III\Leviathonlx MoreBookmarks-Plus\BookmarksGit\analysis\generated\rgb_conflict_previews\rgb_52_198_3_orijinal.png","orijinal","modlu","Smaller pixel footprint may be cheaper to recolor.","48,112,144","Unused RGB proposal generated against the combined modlu+orijinal definition color space.","pending_manual_rgb_resolution","","","yes","","","","If both provinces remain separate, one side must receive a new RGB in provinces_birlesim.png.",""
"94,201,131","10007","Mingjing Lake","21","5589,2164 -> 5596,2166","F:\Storage\Codding\git\Crusader Kings III\Leviathonlx MoreBookmarks-Plus\BookmarksGit\analysis\generated\rgb_conflict_previews\rgb_94_201_131_modlu.png","9971","Goryeo_Gyeongsang_Pyeonghae","782","7750,1668 -> 7780,1703","F:\Storage\Codding\git\Crusader Kings III\Leviathonlx MoreBookmarks-Plus\BookmarksGit\analysis\generated\rgb_conflict_previews\rgb_94_201_131_orijinal.png","orijinal","modlu","Smaller pixel footprint may be cheaper to recolor.","48,112,176","Unused RGB proposal generated against the combined modlu+orijinal definition color space.","pending_manual_rgb_resolution","","","yes","","","","If both provinces remain separate, one side must receive a new RGB in provinces_birlesim.png.",""
"136,204,4","10008","Xijir Ulan Lake","61","5575,2155 -> 5586,2161","F:\Storage\Codding\git\Crusader Kings III\Leviathonlx MoreBookmarks-Plus\BookmarksGit\analysis\generated\rgb_conflict_previews\rgb_136_204_4_modlu.png","9972","Goryeo_Gyeongsang_Yeju","599","7740,1700 -> 7782,1725","F:\Storage\Codding\git\Crusader Kings III\Leviathonlx MoreBookmarks-Plus\BookmarksGit\analysis\generated\rgb_conflict_previews\rgb_136_204_4_orijinal.png","orijinal","modlu","Smaller pixel footprint may be cheaper to recolor.","48,112,208","Unused RGB proposal generated against the combined modlu+orijinal definition color space.","pending_manual_rgb_resolution","","","yes","","","","If both provinces remain separate, one side must receive a new RGB in provinces_birlesim.png.",""
"178,207,132","10009","Hoh Xil Lake","74","5611,2129 -> 5626,2135","F:\Storage\Codding\git\Crusader Kings III\Leviathonlx MoreBookmarks-Plus\BookmarksGit\analysis\generated\rgb_conflict_previews\rgb_178_207_132_modlu.png","9973","Goryeo_Gyeongsang_Gyeongju","538","7764,1719 -> 7798,1749","F:\Storage\Codding\git\Crusader Kings III\Leviathonlx MoreBookmarks-Plus\BookmarksGit\analysis\generated\rgb_conflict_previews\rgb_178_207_132_orijinal.png","orijinal","modlu","Smaller pixel footprint may be cheaper to recolor.","48,112,240","Unused RGB proposal generated against the combined modlu+orijinal definition color space.","pending_manual_rgb_resolution","","","yes","","","","If both provinces remain separate, one side must receive a new RGB in provinces_birlesim.png.",""
"10,210,5","10010","Zhuonai Lake","28","5658,2127 -> 5666,2131","F:\Storage\Codding\git\Crusader Kings III\Leviathonlx MoreBookmarks-Plus\BookmarksGit\analysis\generated\rgb_conflict_previews\rgb_10_210_5_modlu.png","9974","Goryeo_Gyeongsang_Ulju","423","7772,1742 -> 7799,1765","F:\Storage\Codding\git\Crusader Kings III\Leviathonlx MoreBookmarks-Plus\BookmarksGit\analysis\generated\rgb_conflict_previews\rgb_10_210_5_orijinal.png","orijinal","modlu","Smaller pixel footprint may be cheaper to recolor.","48,144,16","Unused RGB proposal generated against the combined modlu+orijinal definition color space.","pending_manual_rgb_resolution","","","yes","","","","If both provinces remain separate, one side must receive a new RGB in provinces_birlesim.png.",""
"52,0,133","10011","Kusai Lake","50","5700,2109 -> 5718,2117","F:\Storage\Codding\git\Crusader Kings III\Leviathonlx MoreBookmarks-Plus\BookmarksGit\analysis\generated\rgb_conflict_previews\rgb_52_0_133_modlu.png","9975","Goryeo_Gyeongsang_Gijang","419","7768,1759 -> 7792,1789","F:\Storage\Codding\git\Crusader Kings III\Leviathonlx MoreBookmarks-Plus\BookmarksGit\analysis\generated\rgb_conflict_previews\rgb_52_0_133_orijinal.png","orijinal","modlu","Smaller pixel footprint may be cheaper to recolor.","48,144,80","Unused RGB proposal generated against the combined modlu+orijinal definition color space.","pending_manual_rgb_resolution","","","yes","","","","If both provinces remain separate, one side must receive a new RGB in provinces_birlesim.png.",""
"136,6,134","10013","Lexie Wudan Lake","55","5560,2126 -> 5574,2131","F:\Storage\Codding\git\Crusader Kings III\Leviathonlx MoreBookmarks-Plus\BookmarksGit\analysis\generated\rgb_conflict_previews\rgb_136_6_134_modlu.png","9976","Goryeo_Gyeongsang_Cheongdo","571","7737,1745 -> 7772,1768","F:\Storage\Codding\git\Crusader Kings III\Leviathonlx MoreBookmarks-Plus\BookmarksGit\analysis\generated\rgb_conflict_previews\rgb_136_6_134_orijinal.png","orijinal","modlu","Smaller pixel footprint may be cheaper to recolor.","48,144,112","Unused RGB proposal generated against the combined modlu+orijinal definition color space.","pending_manual_rgb_resolution","","","yes","","","","If both provinces remain separate, one side must receive a new RGB in provinces_birlesim.png.",""
"52,15,8","10016","Xuemei Lake","19","5457,2110 -> 5461,2114","F:\Storage\Codding\git\Crusader Kings III\Leviathonlx MoreBookmarks-Plus\BookmarksGit\analysis\generated\rgb_conflict_previews\rgb_52_15_8_modlu.png","9977","Goryeo_Gyeongsang_Jaesan","429","7727,1665 -> 7755,1685","F:\Storage\Codding\git\Crusader Kings III\Leviathonlx MoreBookmarks-Plus\BookmarksGit\analysis\generated\rgb_conflict_previews\rgb_52_15_8_orijinal.png","orijinal","modlu","Smaller pixel footprint may be cheaper to recolor.","48,144,144","Unused RGB proposal generated against the combined modlu+orijinal definition color space.","pending_manual_rgb_resolution","","","yes","","","","If both provinces remain separate, one side must receive a new RGB in provinces_birlesim.png.",""
"178,24,137","10019","Amtogor Lake","45","5040,2225 -> 5047,2232","F:\Storage\Codding\git\Crusader Kings III\Leviathonlx MoreBookmarks-Plus\BookmarksGit\analysis\generated\rgb_conflict_previews\rgb_178_24_137_modlu.png","9978","Goryeo_Gyeongsang_Sunan","372","7712,1670 -> 7734,1697","F:\Storage\Codding\git\Crusader Kings III\Leviathonlx MoreBookmarks-Plus\BookmarksGit\analysis\generated\rgb_conflict_previews\rgb_178_24_137_orijinal.png","orijinal","modlu","Smaller pixel footprint may be cheaper to recolor.","48,144,176","Unused RGB proposal generated against the combined modlu+orijinal definition color space.","pending_manual_rgb_resolution","","","yes","","","","If both provinces remain separate, one side must receive a new RGB in provinces_birlesim.png.",""
"10,27,10","10020","Longmu Co","21","5078,2256 -> 5084,2260","F:\Storage\Codding\git\Crusader Kings III\Leviathonlx MoreBookmarks-Plus\BookmarksGit\analysis\generated\rgb_conflict_previews\rgb_10_27_10_modlu.png","9979","Goryeo_Gyeongsang_Andong","776","7721,1683 -> 7757,1716","F:\Storage\Codding\git\Crusader Kings III\Leviathonlx MoreBookmarks-Plus\BookmarksGit\analysis\generated\rgb_conflict_previews\rgb_10_27_10_orijinal.png","orijinal","modlu","Smaller pixel footprint may be cheaper to recolor.","48,144,208","Unused RGB proposal generated against the combined modlu+orijinal definition color space.","pending_manual_rgb_resolution","","","yes","","","","If both provinces remain separate, one side must receive a new RGB in provinces_birlesim.png.",""
"52,30,138","10021","Chem Co","35","5048,2284 -> 5054,2292","F:\Storage\Codding\git\Crusader Kings III\Leviathonlx MoreBookmarks-Plus\BookmarksGit\analysis\generated\rgb_conflict_previews\rgb_52_30_138_modlu.png","9980","Goryeo_Gyeongsang_Hadong","409","7697,1790 -> 7726,1824","F:\Storage\Codding\git\Crusader Kings III\Leviathonlx MoreBookmarks-Plus\BookmarksGit\analysis\generated\rgb_conflict_previews\rgb_52_30_138_orijinal.png","orijinal","modlu","Smaller pixel footprint may be cheaper to recolor.","48,144,240","Unused RGB proposal generated against the combined modlu+orijinal definition color space.","pending_manual_rgb_resolution","","","yes","","","","If both provinces remain separate, one side must receive a new RGB in provinces_birlesim.png.",""
"136,36,139","10023","Lumajangdong Co","94","5136,2282 -> 5152,2290","F:\Storage\Codding\git\Crusader Kings III\Leviathonlx MoreBookmarks-Plus\BookmarksGit\analysis\generated\rgb_conflict_previews\rgb_136_36_139_modlu.png","9981","Goryeo_Gyeongsang_Jinju","357","7711,1782 -> 7736,1815","F:\Storage\Codding\git\Crusader Kings III\Leviathonlx MoreBookmarks-Plus\BookmarksGit\analysis\generated\rgb_conflict_previews\rgb_136_36_139_orijinal.png","orijinal","modlu","Smaller pixel footprint may be cheaper to recolor.","48,176,16","Unused RGB proposal generated against the combined modlu+orijinal definition color space.","pending_manual_rgb_resolution","","","yes","","","","If both provinces remain separate, one side must receive a new RGB in provinces_birlesim.png.",""
"178,39,12","10024","Aru Co","26","5180,2283 -> 5186,2287","F:\Storage\Codding\git\Crusader Kings III\Leviathonlx MoreBookmarks-Plus\BookmarksGit\analysis\generated\rgb_conflict_previews\rgb_178_39_12_modlu.png","9982","Goryeo_Gyeongsang_Geoje","508","7729,1786 -> 7767,1820","F:\Storage\Codding\git\Crusader Kings III\Leviathonlx MoreBookmarks-Plus\BookmarksGit\analysis\generated\rgb_conflict_previews\rgb_178_39_12_orijinal.png","orijinal","modlu","Smaller pixel footprint may be cheaper to recolor.","48,176,48","Unused RGB proposal generated against the combined modlu+orijinal definition color space.","pending_manual_rgb_resolution","","","yes","","","","If both provinces remain separate, one side must receive a new RGB in provinces_birlesim.png.",""
"52,45,13","10026","Luotuo Co","47","5144,2257 -> 5157,2261","F:\Storage\Codding\git\Crusader Kings III\Leviathonlx MoreBookmarks-Plus\BookmarksGit\analysis\generated\rgb_conflict_previews\rgb_52_45_13_modlu.png","9983","Goryeo_Gyeongsang_Boryeong","743","7656,1703 -> 7683,1745","F:\Storage\Codding\git\Crusader Kings III\Leviathonlx MoreBookmarks-Plus\BookmarksGit\analysis\generated\rgb_conflict_previews\rgb_52_45_13_orijinal.png","orijinal","modlu","Smaller pixel footprint may be cheaper to recolor.","48,176,80","Unused RGB proposal generated against the combined modlu+orijinal definition color space.","pending_manual_rgb_resolution","","","yes","","","","If both provinces remain separate, one side must receive a new RGB in provinces_birlesim.png.",""
"10,57,15","10030","Maharloo Lake","53","3790,2715 -> 3800,2723","F:\Storage\Codding\git\Crusader Kings III\Leviathonlx MoreBookmarks-Plus\BookmarksGit\analysis\generated\rgb_conflict_previews\rgb_10_57_15_modlu.png","9984","Goryeo_Gyeongsang_Sangju","398","7691,1703 -> 7717,1727","F:\Storage\Codding\git\Crusader Kings III\Leviathonlx MoreBookmarks-Plus\BookmarksGit\analysis\generated\rgb_conflict_previews\rgb_10_57_15_orijinal.png","orijinal","modlu","Smaller pixel footprint may be cheaper to recolor.","48,176,112","Unused RGB proposal generated against the combined modlu+orijinal definition color space.","pending_manual_rgb_resolution","","","yes","","","","If both provinces remain separate, one side must receive a new RGB in provinces_birlesim.png.",""
"94,63,16","10032","Lake Urmia","1221","3398,2247 -> 3442,2316","F:\Storage\Codding\git\Crusader Kings III\Leviathonlx MoreBookmarks-Plus\BookmarksGit\analysis\generated\rgb_conflict_previews\rgb_94_63_16_modlu.png","9985","Goryeo_Gyeongsang_Dian","489","7709,1700 -> 7743,1727","F:\Storage\Codding\git\Crusader Kings III\Leviathonlx MoreBookmarks-Plus\BookmarksGit\analysis\generated\rgb_conflict_previews\rgb_94_63_16_orijinal.png","modlu","orijinal","Smaller pixel footprint may be cheaper to recolor.","48,176,144","Unused RGB proposal generated against the combined modlu+orijinal definition color space.","pending_manual_rgb_resolution","","","yes","","","","If both provinces remain separate, one side must receive a new RGB in provinces_birlesim.png.",""
"136,66,144","10033","Lake Van","917","3273,2212 -> 3327,2255","F:\Storage\Codding\git\Crusader Kings III\Leviathonlx MoreBookmarks-Plus\BookmarksGit\analysis\generated\rgb_conflict_previews\rgb_136_66_144_modlu.png","9986","Goryeo_Gyeongsang_Giju","401","7688,1683 -> 7720,1704","F:\Storage\Codding\git\Crusader Kings III\Leviathonlx MoreBookmarks-Plus\BookmarksGit\analysis\generated\rgb_conflict_previews\rgb_136_66_144_orijinal.png","modlu","orijinal","Smaller pixel footprint may be cheaper to recolor.","48,176,176","Unused RGB proposal generated against the combined modlu+orijinal definition color space.","pending_manual_rgb_resolution","","","yes","","","","If both provinces remain separate, one side must receive a new RGB in provinces_birlesim.png.",""
"178,69,17","10034","Lake ErÃ§ek","26","3327,2228 -> 3331,2234","F:\Storage\Codding\git\Crusader Kings III\Leviathonlx MoreBookmarks-Plus\BookmarksGit\analysis\generated\rgb_conflict_previews\rgb_178_69_17_modlu.png","9987","Goryeo_Gyeongsang_Hamyang","271","7678,1776 -> 7705,1791","F:\Storage\Codding\git\Crusader Kings III\Leviathonlx MoreBookmarks-Plus\BookmarksGit\analysis\generated\rgb_conflict_previews\rgb_178_69_17_orijinal.png","orijinal","modlu","Smaller pixel footprint may be cheaper to recolor.","48,176,208","Unused RGB proposal generated against the combined modlu+orijinal definition color space.","pending_manual_rgb_resolution","","","yes","","","","If both provinces remain separate, one side must receive a new RGB in provinces_birlesim.png.",""
"10,72,145","10035","Lake Sevan","372","3378,2096 -> 3411,2125","F:\Storage\Codding\git\Crusader Kings III\Leviathonlx MoreBookmarks-Plus\BookmarksGit\analysis\generated\rgb_conflict_previews\rgb_10_72_145_modlu.png","9988","Goryeo_Gyeongsang_Geochang","542","7678,1748 -> 7711,1778","F:\Storage\Codding\git\Crusader Kings III\Leviathonlx MoreBookmarks-Plus\BookmarksGit\analysis\generated\rgb_conflict_previews\rgb_10_72_145_orijinal.png","orijinal","modlu","Smaller pixel footprint may be cheaper to recolor.","48,176,240","Unused RGB proposal generated against the combined modlu+orijinal definition color space.","pending_manual_rgb_resolution","","","yes","","","","If both provinces remain separate, one side must receive a new RGB in provinces_birlesim.png.",""
"52,75,18","10036","Lake Ã‡Ä±ldÄ±r","55","3291,2077 -> 3300,2085","F:\Storage\Codding\git\Crusader Kings III\Leviathonlx MoreBookmarks-Plus\BookmarksGit\analysis\generated\rgb_conflict_previews\rgb_52_75_18_modlu.png","9989","Goryeo_Gyeongsang_Gyeongsanbu","410","7707,1742 -> 7727,1772","F:\Storage\Codding\git\Crusader Kings III\Leviathonlx MoreBookmarks-Plus\BookmarksGit\analysis\generated\rgb_conflict_previews\rgb_52_75_18_orijinal.png","orijinal","modlu","Smaller pixel footprint may be cheaper to recolor.","48,208,16","Unused RGB proposal generated against the combined modlu+orijinal definition color space.","pending_manual_rgb_resolution","","","yes","","","","If both provinces remain separate, one side must receive a new RGB in provinces_birlesim.png.",""
"94,78,146","10037","Lake Yay","57","2923,2286 -> 2932,2300","F:\Storage\Codding\git\Crusader Kings III\Leviathonlx MoreBookmarks-Plus\BookmarksGit\analysis\generated\rgb_conflict_previews\rgb_94_78_146_modlu.png","9990","Goryeo_Gyeongsang_Hapcheon","433","7701,1766 -> 7729,1790","F:\Storage\Codding\git\Crusader Kings III\Leviathonlx MoreBookmarks-Plus\BookmarksGit\analysis\generated\rgb_conflict_previews\rgb_94_78_146_orijinal.png","orijinal","modlu","Smaller pixel footprint may be cheaper to recolor.","48,208,48","Unused RGB proposal generated against the combined modlu+orijinal definition color space.","pending_manual_rgb_resolution","","","yes","","","","If both provinces remain separate, one side must receive a new RGB in provinces_birlesim.png.",""
"136,81,19","10038","Lake Tatta","795","2814,2253 -> 2854,2299","F:\Storage\Codding\git\Crusader Kings III\Leviathonlx MoreBookmarks-Plus\BookmarksGit\analysis\generated\rgb_conflict_previews\rgb_136_81_19_modlu.png","9991","Goryeo_Gyeongsang_Ilseon","773","7705,1723 -> 7742,1755","F:\Storage\Codding\git\Crusader Kings III\Leviathonlx MoreBookmarks-Plus\BookmarksGit\analysis\generated\rgb_conflict_previews\rgb_136_81_19_orijinal.png","modlu","orijinal","Smaller pixel footprint may be cheaper to recolor.","48,208,80","Unused RGB proposal generated against the combined modlu+orijinal definition color space.","pending_manual_rgb_resolution","","","yes","","","","If both provinces remain separate, one side must receive a new RGB in provinces_birlesim.png.",""
"178,84,147","10039","Lake Philomelion","144","2727,2297 -> 2741,2311","F:\Storage\Codding\git\Crusader Kings III\Leviathonlx MoreBookmarks-Plus\BookmarksGit\analysis\generated\rgb_conflict_previews\rgb_178_84_147_modlu.png","9992","Goryeo_Gyeongsang_Gaeryeong","697","7680,1711 -> 7712,1754","F:\Storage\Codding\git\Crusader Kings III\Leviathonlx MoreBookmarks-Plus\BookmarksGit\analysis\generated\rgb_conflict_previews\rgb_178_84_147_orijinal.png","orijinal","modlu","Smaller pixel footprint may be cheaper to recolor.","48,208,112","Unused RGB proposal generated against the combined modlu+orijinal definition color space.","pending_manual_rgb_resolution","","","yes","","","","If both provinces remain separate, one side must receive a new RGB in provinces_birlesim.png.",""
"52,90,148","10041","Lake Akrotori","194","2703,2325 -> 2714,2355","F:\Storage\Codding\git\Crusader Kings III\Leviathonlx MoreBookmarks-Plus\BookmarksGit\analysis\generated\rgb_conflict_previews\rgb_52_90_148_modlu.png","9993","Goryeo_Gyeongsang_Yeongju","556","7738,1723 -> 7766,1748","F:\Storage\Codding\git\Crusader Kings III\Leviathonlx MoreBookmarks-Plus\BookmarksGit\analysis\generated\rgb_conflict_previews\rgb_52_90_148_orijinal.png","orijinal","modlu","Smaller pixel footprint may be cheaper to recolor.","48,208,144","Unused RGB proposal generated against the combined modlu+orijinal definition color space.","pending_manual_rgb_resolution","","","yes","","","","If both provinces remain separate, one side must receive a new RGB in provinces_birlesim.png.",""
"136,96,149","10043","Lake Polydorion","79","2671,2359 -> 2684,2375","F:\Storage\Codding\git\Crusader Kings III\Leviathonlx MoreBookmarks-Plus\BookmarksGit\analysis\generated\rgb_conflict_previews\rgb_136_96_149_modlu.png","9994","Goryeo_Gyeongsang_Yeongsan","404","7725,1748 -> 7750,1772","F:\Storage\Codding\git\Crusader Kings III\Leviathonlx MoreBookmarks-Plus\BookmarksGit\analysis\generated\rgb_conflict_previews\rgb_136_96_149_orijinal.png","orijinal","modlu","Smaller pixel footprint may be cheaper to recolor.","48,208,176","Unused RGB proposal generated against the combined modlu+orijinal definition color space.","pending_manual_rgb_resolution","","","yes","","","","If both provinces remain separate, one side must receive a new RGB in provinces_birlesim.png.",""
"178,99,22","10044","Lake Anaua","65","2652,2358 -> 2664,2365","F:\Storage\Codding\git\Crusader Kings III\Leviathonlx MoreBookmarks-Plus\BookmarksGit\analysis\generated\rgb_conflict_previews\rgb_178_99_22_modlu.png","9995","Goryeo_Gyeongsang_Chirwon","783","7729,1766 -> 7774,1794","F:\Storage\Codding\git\Crusader Kings III\Leviathonlx MoreBookmarks-Plus\BookmarksGit\analysis\generated\rgb_conflict_previews\rgb_178_99_22_orijinal.png","orijinal","modlu","Smaller pixel footprint may be cheaper to recolor.","48,208,208","Unused RGB proposal generated against the combined modlu+orijinal definition color space.","pending_manual_rgb_resolution","","","yes","","","","If both provinces remain separate, one side must receive a new RGB in provinces_birlesim.png.",""
"52,105,23","10046","Lake Yansli","11","2664,2378 -> 2666,2381","F:\Storage\Codding\git\Crusader Kings III\Leviathonlx MoreBookmarks-Plus\BookmarksGit\analysis\generated\rgb_conflict_previews\rgb_52_105_23_modlu.png","9869","Goryeo_Donggye_Ulleung","194","7843,1599 -> 7856,1615","F:\Storage\Codding\git\Crusader Kings III\Leviathonlx MoreBookmarks-Plus\BookmarksGit\analysis\generated\rgb_conflict_previews\rgb_52_105_23_orijinal.png","orijinal","modlu","Smaller pixel footprint may be cheaper to recolor.","48,208,240","Unused RGB proposal generated against the combined modlu+orijinal definition color space.","pending_manual_rgb_resolution","","","yes","","","","If both provinces remain separate, one side must receive a new RGB in provinces_birlesim.png.",""
"94,108,151","10047","Lake Kaunos","11","2600,2430 -> 2604,2435","F:\Storage\Codding\git\Crusader Kings III\Leviathonlx MoreBookmarks-Plus\BookmarksGit\analysis\generated\rgb_conflict_previews\rgb_94_108_151_modlu.png","9868","Goryeo_Donggye_Yeju","904","7592,1505 -> 7627,1547","F:\Storage\Codding\git\Crusader Kings III\Leviathonlx MoreBookmarks-Plus\BookmarksGit\analysis\generated\rgb_conflict_previews\rgb_94_108_151_orijinal.png","orijinal","modlu","Smaller pixel footprint may be cheaper to recolor.","48,240,16","Unused RGB proposal generated against the combined modlu+orijinal definition color space.","pending_manual_rgb_resolution","","","yes","","","","If both provinces remain separate, one side must receive a new RGB in provinces_birlesim.png.",""
