"mapping_index","shared_old_rgb","keep_original_rgb_source","recolor_source","affected_subset","affected_source_id","affected_source_name","affected_preview_path","chosen_new_rgb","target_subset_pixels","changed_pixels","base_mismatch_pixels","fully_applied","basis","basis_reason","notes"
"0","51,135,178","orijinal","modlu","modlu_kalan","9701","Sirmione","F:\Storage\Codding\git\Crusader Kings III\Leviathonlx MoreBookmarks-Plus\BookmarksGit\analysis\generated\rgb_conflict_previews\rgb_51_135_178_modlu.png","16,16,16","158","158","0","True","heuristic_draft","Smaller pixel footprint may be cheaper to recolor.","Draft only. Review before applying to provinces_birlesim.png or final definition outputs."
"1","93,183,186","orijinal","modlu","modlu_kalan","9717","Martellago","F:\Storage\Codding\git\Crusader Kings III\Leviathonlx MoreBookmarks-Plus\BookmarksGit\analysis\generated\rgb_conflict_previews\rgb_93_183_186_modlu.png","16,16,48","336","336","0","True","heuristic_draft","Smaller pixel footprint may be cheaper to recolor.","Draft only. Review before applying to provinces_birlesim.png or final definition outputs."
"2","135,186,59","orijinal","modlu","modlu_kalan","9718","Concordia","F:\Storage\Codding\git\Crusader Kings III\Leviathonlx MoreBookmarks-Plus\BookmarksGit\analysis\generated\rgb_conflict_previews\rgb_135_186_59_modlu.png","16,16,80","410","410","0","True","heuristic_draft","Smaller pixel footprint may be cheaper to recolor.","Draft only. Review before applying to provinces_birlesim.png or final definition outputs."
"3","135,201,189","orijinal","modlu","modlu_kalan","9723","Caminate","F:\Storage\Codding\git\Crusader Kings III\Leviathonlx MoreBookmarks-Plus\BookmarksGit\analysis\generated\rgb_conflict_previews\rgb_135_201_189_modlu.png","16,16,112","252","252","0","True","heuristic_draft","Smaller pixel footprint may be cheaper to recolor.","Draft only. Review before applying to provinces_birlesim.png or final definition outputs."
"4","9,9,65","orijinal","modlu","modlu_kalan","9730","Nerola","F:\Storage\Codding\git\Crusader Kings III\Leviathonlx MoreBookmarks-Plus\BookmarksGit\analysis\generated\rgb_conflict_previews\rgb_9_9_65_modlu.png","16,16,144","516","516","0","True","heuristic_draft","Smaller pixel footprint may be cheaper to recolor.","Draft only. Review before applying to provinces_birlesim.png or final definition outputs."
"5","177,21,67","orijinal","modlu","modlu_kalan","9734","Aderno","F:\Storage\Codding\git\Crusader Kings III\Leviathonlx MoreBookmarks-Plus\BookmarksGit\analysis\generated\rgb_conflict_previews\rgb_177_21_67_modlu.png","16,16,176","367","367","0","True","heuristic_draft","Smaller pixel footprint may be cheaper to recolor.","Draft only. Review before applying to provinces_birlesim.png or final definition outputs."
"6","9,24,195","orijinal","modlu","modlu_kalan","9735","PaternoSicily","F:\Storage\Codding\git\Crusader Kings III\Leviathonlx MoreBookmarks-Plus\BookmarksGit\analysis\generated\rgb_conflict_previews\rgb_9_24_195_modlu.png","16,16,208","286","286","0","True","heuristic_draft","Smaller pixel footprint may be cheaper to recolor.","Draft only. Review before applying to provinces_birlesim.png or final definition outputs."
"7","51,57,73","orijinal","modlu","modlu_kalan","9746","Andria","F:\Storage\Codding\git\Crusader Kings III\Leviathonlx MoreBookmarks-Plus\BookmarksGit\analysis\generated\rgb_conflict_previews\rgb_51_57_73_modlu.png","16,16,240","582","582","0","True","heuristic_draft","Smaller pixel footprint may be cheaper to recolor.","Draft only. Review before applying to provinces_birlesim.png or final definition outputs."
"8","93,105,81","orijinal","modlu","modlu_kalan","9762","Nocera","F:\Storage\Codding\git\Crusader Kings III\Leviathonlx MoreBookmarks-Plus\BookmarksGit\analysis\generated\rgb_conflict_previews\rgb_93_105_81_modlu.png","16,48,16","300","300","0","True","heuristic_draft","Smaller pixel footprint may be cheaper to recolor.","Draft only. Review before applying to provinces_birlesim.png or final definition outputs."
"9","93,57,136","orijinal","modlu","modlu_kalan","9817","Colonsay","F:\Storage\Codding\git\Crusader Kings III\Leviathonlx MoreBookmarks-Plus\BookmarksGit\analysis\generated\rgb_conflict_previews\rgb_93_57_136_modlu.png","16,48,48","34","34","0","True","heuristic_draft","Smaller pixel footprint may be cheaper to recolor.","Draft only. Review before applying to provinces_birlesim.png or final definition outputs."
"10","51,69,138","orijinal","modlu","modlu_kalan","9821","Moluag","F:\Storage\Codding\git\Crusader Kings III\Leviathonlx MoreBookmarks-Plus\BookmarksGit\analysis\generated\rgb_conflict_previews\rgb_51_69_138_modlu.png","16,48,80","375","375","0","True","heuristic_draft","Smaller pixel footprint may be cheaper to recolor.","Draft only. Review before applying to provinces_birlesim.png or final definition outputs."
"11","135,75,139","orijinal","modlu","modlu_kalan","9823","Madytos","F:\Storage\Codding\git\Crusader Kings III\Leviathonlx MoreBookmarks-Plus\BookmarksGit\analysis\generated\rgb_conflict_previews\rgb_135_75_139_modlu.png","16,48,112","200","200","0","True","heuristic_draft","Smaller pixel footprint may be cheaper to recolor.","Draft only. Review before applying to provinces_birlesim.png or final definition outputs."
"12","9,111,145","orijinal","modlu","modlu_kalan","9835","Mangup","F:\Storage\Codding\git\Crusader Kings III\Leviathonlx MoreBookmarks-Plus\BookmarksGit\analysis\generated\rgb_conflict_previews\rgb_9_111_145_modlu.png","16,48,144","306","306","0","True","heuristic_draft","Smaller pixel footprint may be cheaper to recolor.","Draft only. Review before applying to provinces_birlesim.png or final definition outputs."
"13","51,114,18","orijinal","modlu","modlu_kalan","9836","Yamboli","F:\Storage\Codding\git\Crusader Kings III\Leviathonlx MoreBookmarks-Plus\BookmarksGit\analysis\generated\rgb_conflict_previews\rgb_51_114_18_modlu.png","16,48,176","244","244","0","True","heuristic_draft","Smaller pixel footprint may be cheaper to recolor.","Draft only. Review before applying to provinces_birlesim.png or final definition outputs."
"14","177,183,157","orijinal","modlu","modlu_kalan","9859","Byblos","F:\Storage\Codding\git\Crusader Kings III\Leviathonlx MoreBookmarks-Plus\BookmarksGit\analysis\generated\rgb_conflict_previews\rgb_177_183_157_modlu.png","16,48,208","146","146","0","True","heuristic_draft","Smaller pixel footprint may be cheaper to recolor.","Draft only. Review before applying to provinces_birlesim.png or final definition outputs."
"15","51,189,158","orijinal","modlu","modlu_kalan","9861","Gibelin","F:\Storage\Codding\git\Crusader Kings III\Leviathonlx MoreBookmarks-Plus\BookmarksGit\analysis\generated\rgb_conflict_previews\rgb_51_189_158_modlu.png","16,48,240","336","336","0","True","heuristic_draft","Smaller pixel footprint may be cheaper to recolor.","Draft only. Review before applying to provinces_birlesim.png or final definition outputs."
"16","93,192,31","orijinal","modlu","modlu_kalan","9862","Ibelin","F:\Storage\Codding\git\Crusader Kings III\Leviathonlx MoreBookmarks-Plus\BookmarksGit\analysis\generated\rgb_conflict_previews\rgb_93_192_31_modlu.png","16,80,16","281","281","0","True","heuristic_draft","Smaller pixel footprint may be cheaper to recolor.","Draft only. Review before applying to provinces_birlesim.png or final definition outputs."
"17","135,195,159","orijinal","modlu","modlu_kalan","9863","Qula","F:\Storage\Codding\git\Crusader Kings III\Leviathonlx MoreBookmarks-Plus\BookmarksGit\analysis\generated\rgb_conflict_previews\rgb_135_195_159_modlu.png","16,80,48","172","172","0","True","heuristic_draft","Smaller pixel footprint may be cheaper to recolor.","Draft only. Review before applying to provinces_birlesim.png or final definition outputs."
"18","177,198,32","orijinal","modlu","modlu_kalan","9864","JerLod","F:\Storage\Codding\git\Crusader Kings III\Leviathonlx MoreBookmarks-Plus\BookmarksGit\analysis\generated\rgb_conflict_previews\rgb_177_198_32_modlu.png","16,80,80","180","180","0","True","heuristic_draft","Smaller pixel footprint may be cheaper to recolor.","Draft only. Review before applying to provinces_birlesim.png or final definition outputs."
"19","135,210,34","orijinal","modlu","modlu_kalan","9868","TowerDavid","F:\Storage\Codding\git\Crusader Kings III\Leviathonlx MoreBookmarks-Plus\BookmarksGit\analysis\generated\rgb_conflict_previews\rgb_135_210_34_modlu.png","16,80,112","208","208","0","True","heuristic_draft","Smaller pixel footprint may be cheaper to recolor.","Draft only. Review before applying to provinces_birlesim.png or final definition outputs."
"20","177,0,162","orijinal","modlu","modlu_kalan","9869","Bethlehem","F:\Storage\Codding\git\Crusader Kings III\Leviathonlx MoreBookmarks-Plus\BookmarksGit\analysis\generated\rgb_conflict_previews\rgb_177_0_162_modlu.png","16,80,144","196","196","0","True","heuristic_draft","Smaller pixel footprint may be cheaper to recolor.","Draft only. Review before applying to provinces_birlesim.png or final definition outputs."
"21","9,3,35","orijinal","modlu","modlu_kalan","9870","Belfort","F:\Storage\Codding\git\Crusader Kings III\Leviathonlx MoreBookmarks-Plus\BookmarksGit\analysis\generated\rgb_conflict_previews\rgb_9_3_35_modlu.png","16,80,176","284","284","0","True","heuristic_draft","Smaller pixel footprint may be cheaper to recolor.","Draft only. Review before applying to provinces_birlesim.png or final definition outputs."
"22","93,9,36","orijinal","modlu","modlu_kalan","9872","Bikfaiya","F:\Storage\Codding\git\Crusader Kings III\Leviathonlx MoreBookmarks-Plus\BookmarksGit\analysis\generated\rgb_conflict_previews\rgb_93_9_36_modlu.png","16,80,208","251","251","0","True","heuristic_draft","Smaller pixel footprint may be cheaper to recolor.","Draft only. Review before applying to provinces_birlesim.png or final definition outputs."
"23","177,15,37","orijinal","modlu","modlu_kalan","9874","Amioun","F:\Storage\Codding\git\Crusader Kings III\Leviathonlx MoreBookmarks-Plus\BookmarksGit\analysis\generated\rgb_conflict_previews\rgb_177_15_37_modlu.png","16,80,240","200","200","0","True","heuristic_draft","Smaller pixel footprint may be cheaper to recolor.","Draft only. Review before applying to provinces_birlesim.png or final definition outputs."
"24","135,27,39","orijinal","modlu","modlu_kalan","9878","Kantara","F:\Storage\Codding\git\Crusader Kings III\Leviathonlx MoreBookmarks-Plus\BookmarksGit\analysis\generated\rgb_conflict_previews\rgb_135_27_39_modlu.png","16,112,16","288","288","0","True","heuristic_draft","Smaller pixel footprint may be cheaper to recolor.","Draft only. Review before applying to provinces_birlesim.png or final definition outputs."
"25","93,39,41","orijinal","modlu","modlu_kalan","9882","Martvili","F:\Storage\Codding\git\Crusader Kings III\Leviathonlx MoreBookmarks-Plus\BookmarksGit\analysis\generated\rgb_conflict_previews\rgb_93_39_41_modlu.png","16,112,48","368","368","0","True","heuristic_draft","Smaller pixel footprint may be cheaper to recolor.","Draft only. Review before applying to provinces_birlesim.png or final definition outputs."
"26","9,63,45","orijinal","modlu","modlu_kalan","9890","Akhalkalaki","F:\Storage\Codding\git\Crusader Kings III\Leviathonlx MoreBookmarks-Plus\BookmarksGit\analysis\generated\rgb_conflict_previews\rgb_9_63_45_modlu.png","16,112,80","419","419","0","True","heuristic_draft","Smaller pixel footprint may be cheaper to recolor.","Draft only. Review before applying to provinces_birlesim.png or final definition outputs."
"27","177,75,47","orijinal","modlu","modlu_kalan","9894","Odzrakhe","F:\Storage\Codding\git\Crusader Kings III\Leviathonlx MoreBookmarks-Plus\BookmarksGit\analysis\generated\rgb_conflict_previews\rgb_177_75_47_modlu.png","16,112,112","293","293","0","True","heuristic_draft","Smaller pixel footprint may be cheaper to recolor.","Draft only. Review before applying to provinces_birlesim.png or final definition outputs."
"28","135,87,49","orijinal","modlu","modlu_kalan","9898","Keselo","F:\Storage\Codding\git\Crusader Kings III\Leviathonlx MoreBookmarks-Plus\BookmarksGit\analysis\generated\rgb_conflict_previews\rgb_135_87_49_modlu.png","16,112,144","309","309","0","True","heuristic_draft","Smaller pixel footprint may be cheaper to recolor.","Draft only. Review before applying to provinces_birlesim.png or final definition outputs."
"29","93,99,51","orijinal","modlu","modlu_kalan","9902","Kaghankatuyk","F:\Storage\Codding\git\Crusader Kings III\Leviathonlx MoreBookmarks-Plus\BookmarksGit\analysis\generated\rgb_conflict_previews\rgb_93_99_51_modlu.png","16,112,176","346","346","0","True","heuristic_draft","Smaller pixel footprint may be cheaper to recolor.","Draft only. Review before applying to provinces_birlesim.png or final definition outputs."
"30","51,111,53","orijinal","modlu","modlu_kalan","9906","Vararakn","F:\Storage\Codding\git\Crusader Kings III\Leviathonlx MoreBookmarks-Plus\BookmarksGit\analysis\generated\rgb_conflict_previews\rgb_51_111_53_modlu.png","16,112,208","552","552","0","True","heuristic_draft","Smaller pixel footprint may be cheaper to recolor.","Draft only. Review before applying to provinces_birlesim.png or final definition outputs."
"31","93,129,56","orijinal","modlu","modlu_kalan","9912","TatevMon","F:\Storage\Codding\git\Crusader Kings III\Leviathonlx MoreBookmarks-Plus\BookmarksGit\analysis\generated\rgb_conflict_previews\rgb_93_129_56_modlu.png","16,112,240","395","395","0","True","heuristic_draft","Smaller pixel footprint may be cheaper to recolor.","Draft only. Review before applying to provinces_birlesim.png or final definition outputs."
"32","177,135,57","modlu","orijinal","orijinal_dogu","9908","Goryeo_Seohae_Tosan","F:\Storage\Codding\git\Crusader Kings III\Leviathonlx MoreBookmarks-Plus\BookmarksGit\analysis\generated\rgb_conflict_previews\rgb_177_135_57_orijinal.png","16,144,16","444","444","0","True","heuristic_draft","Smaller pixel footprint may be cheaper to recolor.","Draft only. Review before applying to provinces_birlesim.png or final definition outputs."
"33","9,138,185","orijinal","modlu","modlu_kalan","9915","Haghpat","F:\Storage\Codding\git\Crusader Kings III\Leviathonlx MoreBookmarks-Plus\BookmarksGit\analysis\generated\rgb_conflict_previews\rgb_9_138_185_modlu.png","16,144,48","197","197","0","True","heuristic_draft","Smaller pixel footprint may be cheaper to recolor.","Draft only. Review before applying to provinces_birlesim.png or final definition outputs."
"34","93,144,186","orijinal","modlu","modlu_kalan","9917","Bjni","F:\Storage\Codding\git\Crusader Kings III\Leviathonlx MoreBookmarks-Plus\BookmarksGit\analysis\generated\rgb_conflict_previews\rgb_93_144_186_modlu.png","16,144,80","442","442","0","True","heuristic_draft","Smaller pixel footprint may be cheaper to recolor.","Draft only. Review before applying to provinces_birlesim.png or final definition outputs."
"35","135,147,59","orijinal","modlu","modlu_kalan","9918","Ashtarak","F:\Storage\Codding\git\Crusader Kings III\Leviathonlx MoreBookmarks-Plus\BookmarksGit\analysis\generated\rgb_conflict_previews\rgb_135_147_59_modlu.png","16,144,112","197","197","0","True","heuristic_draft","Smaller pixel footprint may be cheaper to recolor.","Draft only. Review before applying to provinces_birlesim.png or final definition outputs."
"36","177,150,187","orijinal","modlu","modlu_kalan","9919","Amberd","F:\Storage\Codding\git\Crusader Kings III\Leviathonlx MoreBookmarks-Plus\BookmarksGit\analysis\generated\rgb_conflict_previews\rgb_177_150_187_modlu.png","16,144,144","268","268","0","True","heuristic_draft","Smaller pixel footprint may be cheaper to recolor.","Draft only. Review before applying to provinces_birlesim.png or final definition outputs."
"37","9,153,60","orijinal","modlu","modlu_kalan","9920","Shirakavan","F:\Storage\Codding\git\Crusader Kings III\Leviathonlx MoreBookmarks-Plus\BookmarksGit\analysis\generated\rgb_conflict_previews\rgb_9_153_60_modlu.png","16,144,176","165","165","0","True","heuristic_draft","Smaller pixel footprint may be cheaper to recolor.","Draft only. Review before applying to provinces_birlesim.png or final definition outputs."
"38","51,156,188","orijinal","modlu","modlu_kalan","9921","Tekor","F:\Storage\Codding\git\Crusader Kings III\Leviathonlx MoreBookmarks-Plus\BookmarksGit\analysis\generated\rgb_conflict_previews\rgb_51_156_188_modlu.png","16,144,208","248","248","0","True","heuristic_draft","Smaller pixel footprint may be cheaper to recolor.","Draft only. Review before applying to provinces_birlesim.png or final definition outputs."
"39","135,162,189","orijinal","modlu","modlu_kalan","9923","Tercan","F:\Storage\Codding\git\Crusader Kings III\Leviathonlx MoreBookmarks-Plus\BookmarksGit\analysis\generated\rgb_conflict_previews\rgb_135_162_189_modlu.png","16,144,240","492","492","0","True","heuristic_draft","Smaller pixel footprint may be cheaper to recolor.","Draft only. Review before applying to provinces_birlesim.png or final definition outputs."
"40","9,168,190","orijinal","modlu","modlu_kalan","9925","Varzahan","F:\Storage\Codding\git\Crusader Kings III\Leviathonlx MoreBookmarks-Plus\BookmarksGit\analysis\generated\rgb_conflict_previews\rgb_9_168_190_modlu.png","16,176,16","248","248","0","True","heuristic_draft","Smaller pixel footprint may be cheaper to recolor.","Draft only. Review before applying to provinces_birlesim.png or final definition outputs."
"41","51,171,63","orijinal","modlu","modlu_kalan","9926","Tralles","F:\Storage\Codding\git\Crusader Kings III\Leviathonlx MoreBookmarks-Plus\BookmarksGit\analysis\generated\rgb_conflict_previews\rgb_51_171_63_modlu.png","16,176,48","523","523","0","True","heuristic_draft","Smaller pixel footprint may be cheaper to recolor.","Draft only. Review before applying to provinces_birlesim.png or final definition outputs."
"42","177,180,192","modlu","orijinal","orijinal_dogu","9920","Goryeo_Seohae_Ongjin","F:\Storage\Codding\git\Crusader Kings III\Leviathonlx MoreBookmarks-Plus\BookmarksGit\analysis\generated\rgb_conflict_previews\rgb_177_180_192_orijinal.png","16,176,80","519","519","0","True","heuristic_draft","Smaller pixel footprint may be cheaper to recolor.","Draft only. Review before applying to provinces_birlesim.png or final definition outputs."
"43","51,186,193","modlu","orijinal","orijinal_dogu","9921","Goryeo_Seohae_Ubong","F:\Storage\Codding\git\Crusader Kings III\Leviathonlx MoreBookmarks-Plus\BookmarksGit\analysis\generated\rgb_conflict_previews\rgb_51_186_193_orijinal.png","16,176,112","477","477","0","True","heuristic_draft","Smaller pixel footprint may be cheaper to recolor.","Draft only. Review before applying to provinces_birlesim.png or final definition outputs."
"44","93,189,66","orijinal","modlu","modlu_kalan","9932","Ebi Lake","F:\Storage\Codding\git\Crusader Kings III\Leviathonlx MoreBookmarks-Plus\BookmarksGit\analysis\generated\rgb_conflict_previews\rgb_93_189_66_modlu.png","16,176,144","369","369","0","True","heuristic_draft","Smaller pixel footprint may be cheaper to recolor.","Draft only. Review before applying to provinces_birlesim.png or final definition outputs."
"45","135,192,194","modlu","orijinal","orijinal_dogu","9923","Goryeo_Yanggwan_Bukju","F:\Storage\Codding\git\Crusader Kings III\Leviathonlx MoreBookmarks-Plus\BookmarksGit\analysis\generated\rgb_conflict_previews\rgb_135_192_194_orijinal.png","16,176,176","434","434","0","True","heuristic_draft","Smaller pixel footprint may be cheaper to recolor.","Draft only. Review before applying to provinces_birlesim.png or final definition outputs."
"46","177,195,67","orijinal","modlu","modlu_kalan","9934","Sayram Lake","F:\Storage\Codding\git\Crusader Kings III\Leviathonlx MoreBookmarks-Plus\BookmarksGit\analysis\generated\rgb_conflict_previews\rgb_177_195_67_modlu.png","16,176,208","145","145","0","True","heuristic_draft","Smaller pixel footprint may be cheaper to recolor.","Draft only. Review before applying to provinces_birlesim.png or final definition outputs."
"47","51,201,68","modlu","orijinal","orijinal_dogu","9925","Goryeo_Yanggwan_Haengju","F:\Storage\Codding\git\Crusader Kings III\Leviathonlx MoreBookmarks-Plus\BookmarksGit\analysis\generated\rgb_conflict_previews\rgb_51_201_68_orijinal.png","16,176,240","409","409","0","True","heuristic_draft","Smaller pixel footprint may be cheaper to recolor.","Draft only. Review before applying to provinces_birlesim.png or final definition outputs."
"48","93,204,196","orijinal","modlu","modlu_kalan","9937","Jili Lake","F:\Storage\Codding\git\Crusader Kings III\Leviathonlx MoreBookmarks-Plus\BookmarksGit\analysis\generated\rgb_conflict_previews\rgb_93_204_196_modlu.png","16,208,16","59","59","0","True","heuristic_draft","Smaller pixel footprint may be cheaper to recolor.","Draft only. Review before applying to provinces_birlesim.png or final definition outputs."
"49","135,207,69","orijinal","modlu","modlu_kalan","9938","Ailik Lake","F:\Storage\Codding\git\Crusader Kings III\Leviathonlx MoreBookmarks-Plus\BookmarksGit\analysis\generated\rgb_conflict_previews\rgb_135_207_69_modlu.png","16,208,48","286","286","0","True","heuristic_draft","Smaller pixel footprint may be cheaper to recolor.","Draft only. Review before applying to provinces_birlesim.png or final definition outputs."
"50","177,210,197","modlu","orijinal","orijinal_dogu","9930","Goryeo_Yanggwan_Pyeongchang","F:\Storage\Codding\git\Crusader Kings III\Leviathonlx MoreBookmarks-Plus\BookmarksGit\analysis\generated\rgb_conflict_previews\rgb_177_210_197_orijinal.png","16,208,80","255","255","0","True","heuristic_draft","Smaller pixel footprint may be cheaper to recolor.","Draft only. Review before applying to provinces_birlesim.png or final definition outputs."
"51","9,0,70","modlu","orijinal","orijinal_dogu","9931","Goryeo_Yanggwan_Yeongwol","F:\Storage\Codding\git\Crusader Kings III\Leviathonlx MoreBookmarks-Plus\BookmarksGit\analysis\generated\rgb_conflict_previews\rgb_9_0_70_orijinal.png","16,208,112","442","442","0","True","heuristic_draft","Smaller pixel footprint may be cheaper to recolor.","Draft only. Review before applying to provinces_birlesim.png or final definition outputs."
"52","135,9,199","modlu","orijinal","orijinal_dogu","9932","Goryeo_Yanggwan_Jecheon","F:\Storage\Codding\git\Crusader Kings III\Leviathonlx MoreBookmarks-Plus\BookmarksGit\analysis\generated\rgb_conflict_previews\rgb_135_9_199_orijinal.png","16,208,144","556","556","0","True","heuristic_draft","Smaller pixel footprint may be cheaper to recolor.","Draft only. Review before applying to provinces_birlesim.png or final definition outputs."
"53","177,12,72","orijinal","modlu","modlu_kalan","9944","Ereen Nuur","F:\Storage\Codding\git\Crusader Kings III\Leviathonlx MoreBookmarks-Plus\BookmarksGit\analysis\generated\rgb_conflict_previews\rgb_177_12_72_modlu.png","16,208,176","71","71","0","True","heuristic_draft","Smaller pixel footprint may be cheaper to recolor.","Draft only. Review before applying to provinces_birlesim.png or final definition outputs."
"54","9,15,200","orijinal","modlu","modlu_kalan","9945","Gegeen Nuur","F:\Storage\Codding\git\Crusader Kings III\Leviathonlx MoreBookmarks-Plus\BookmarksGit\analysis\generated\rgb_conflict_previews\rgb_9_15_200_modlu.png","16,208,208","141","141","0","True","heuristic_draft","Smaller pixel footprint may be cheaper to recolor.","Draft only. Review before applying to provinces_birlesim.png or final definition outputs."
"55","51,18,73","orijinal","modlu","modlu_kalan","9946","BÃ¶Ã¶n Tsagaan Nuur","F:\Storage\Codding\git\Crusader Kings III\Leviathonlx MoreBookmarks-Plus\BookmarksGit\analysis\generated\rgb_conflict_previews\rgb_51_18_73_modlu.png","16,208,240","92","92","0","True","heuristic_draft","Smaller pixel footprint may be cheaper to recolor.","Draft only. Review before applying to provinces_birlesim.png or final definition outputs."
"56","93,21,201","orijinal","modlu","modlu_kalan","9947","Orog Nuur","F:\Storage\Codding\git\Crusader Kings III\Leviathonlx MoreBookmarks-Plus\BookmarksGit\analysis\generated\rgb_conflict_previews\rgb_93_21_201_modlu.png","16,240,16","41","41","0","True","heuristic_draft","Smaller pixel footprint may be cheaper to recolor.","Draft only. Review before applying to provinces_birlesim.png or final definition outputs."
"57","135,24,74","orijinal","modlu","modlu_kalan","9948","Taatsiin Tsagaan Nuur","F:\Storage\Codding\git\Crusader Kings III\Leviathonlx MoreBookmarks-Plus\BookmarksGit\analysis\generated\rgb_conflict_previews\rgb_135_24_74_modlu.png","16,240,48","26","26","0","True","heuristic_draft","Smaller pixel footprint may be cheaper to recolor.","Draft only. Review before applying to provinces_birlesim.png or final definition outputs."
"58","177,27,202","modlu","orijinal","orijinal_dogu","9935","Goryeo_Yanggwan_Jangyeon","F:\Storage\Codding\git\Crusader Kings III\Leviathonlx MoreBookmarks-Plus\BookmarksGit\analysis\generated\rgb_conflict_previews\rgb_177_27_202_orijinal.png","16,240,80","457","457","0","True","heuristic_draft","Smaller pixel footprint may be cheaper to recolor.","Draft only. Review before applying to provinces_birlesim.png or final definition outputs."
"59","9,30,75","modlu","orijinal","orijinal_dogu","9936","Goryeo_Yanggwan_Cheongju","F:\Storage\Codding\git\Crusader Kings III\Leviathonlx MoreBookmarks-Plus\BookmarksGit\analysis\generated\rgb_conflict_previews\rgb_9_30_75_orijinal.png","16,240,112","543","543","0","True","heuristic_draft","Smaller pixel footprint may be cheaper to recolor.","Draft only. Review before applying to provinces_birlesim.png or final definition outputs."
"60","93,36,76","orijinal","modlu","modlu_kalan","9952","Achit Nuur","F:\Storage\Codding\git\Crusader Kings III\Leviathonlx MoreBookmarks-Plus\BookmarksGit\analysis\generated\rgb_conflict_previews\rgb_93_36_76_modlu.png","16,240,144","128","128","0","True","heuristic_draft","Smaller pixel footprint may be cheaper to recolor.","Draft only. Review before applying to provinces_birlesim.png or final definition outputs."
"61","177,42,77","modlu","orijinal","orijinal_dogu","9939","Goryeo_Yanggwan_Gwangju","F:\Storage\Codding\git\Crusader Kings III\Leviathonlx MoreBookmarks-Plus\BookmarksGit\analysis\generated\rgb_conflict_previews\rgb_177_42_77_orijinal.png","16,240,176","730","730","0","True","heuristic_draft","Smaller pixel footprint may be cheaper to recolor.","Draft only. Review before applying to provinces_birlesim.png or final definition outputs."
"62","51,48,78","orijinal","modlu","modlu_kalan","9956","Katta KÃ¶l","F:\Storage\Codding\git\Crusader Kings III\Leviathonlx MoreBookmarks-Plus\BookmarksGit\analysis\generated\rgb_conflict_previews\rgb_51_48_78_modlu.png","16,240,208","105","105","0","True","heuristic_draft","Smaller pixel footprint may be cheaper to recolor.","Draft only. Review before applying to provinces_birlesim.png or final definition outputs."
"63","93,51,206","orijinal","modlu","modlu_kalan","9957","Siob KÃ¶l","F:\Storage\Codding\git\Crusader Kings III\Leviathonlx MoreBookmarks-Plus\BookmarksGit\analysis\generated\rgb_conflict_previews\rgb_93_51_206_modlu.png","16,240,240","85","85","0","True","heuristic_draft","Smaller pixel footprint may be cheaper to recolor.","Draft only. Review before applying to provinces_birlesim.png or final definition outputs."
"64","9,60,80","orijinal","modlu","modlu_kalan","9960","Suqian Lake","F:\Storage\Codding\git\Crusader Kings III\Leviathonlx MoreBookmarks-Plus\BookmarksGit\analysis\generated\rgb_conflict_previews\rgb_9_60_80_modlu.png","48,16,16","139","139","0","True","heuristic_draft","Smaller pixel footprint may be cheaper to recolor.","Draft only. Review before applying to provinces_birlesim.png or final definition outputs."
"65","51,63,208","orijinal","modlu","modlu_kalan","9961","Ngoring Lake","F:\Storage\Codding\git\Crusader Kings III\Leviathonlx MoreBookmarks-Plus\BookmarksGit\analysis\generated\rgb_conflict_previews\rgb_51_63_208_modlu.png","48,16,48","130","130","0","True","heuristic_draft","Smaller pixel footprint may be cheaper to recolor.","Draft only. Review before applying to provinces_birlesim.png or final definition outputs."
"66","93,66,81","orijinal","modlu","modlu_kalan","9962","Gyaring Lake","F:\Storage\Codding\git\Crusader Kings III\Leviathonlx MoreBookmarks-Plus\BookmarksGit\analysis\generated\rgb_conflict_previews\rgb_93_66_81_modlu.png","48,16,80","108","108","0","True","heuristic_draft","Smaller pixel footprint may be cheaper to recolor.","Draft only. Review before applying to provinces_birlesim.png or final definition outputs."
"67","51,78,83","orijinal","modlu","modlu_kalan","9966","Lake Aqqikkol","F:\Storage\Codding\git\Crusader Kings III\Leviathonlx MoreBookmarks-Plus\BookmarksGit\analysis\generated\rgb_conflict_previews\rgb_51_78_83_modlu.png","48,16,112","113","113","0","True","heuristic_draft","Smaller pixel footprint may be cheaper to recolor.","Draft only. Review before applying to provinces_birlesim.png or final definition outputs."
"68","93,81,211","orijinal","modlu","modlu_kalan","9967","Lake Jingyu","F:\Storage\Codding\git\Crusader Kings III\Leviathonlx MoreBookmarks-Plus\BookmarksGit\analysis\generated\rgb_conflict_previews\rgb_93_81_211_modlu.png","48,16,144","75","75","0","True","heuristic_draft","Smaller pixel footprint may be cheaper to recolor.","Draft only. Review before applying to provinces_birlesim.png or final definition outputs."
"69","135,84,84","orijinal","modlu","modlu_kalan","9968","Yamdrok Yumtso","F:\Storage\Codding\git\Crusader Kings III\Leviathonlx MoreBookmarks-Plus\BookmarksGit\analysis\generated\rgb_conflict_previews\rgb_135_84_84_modlu.png","48,16,176","140","140","0","True","heuristic_draft","Smaller pixel footprint may be cheaper to recolor.","Draft only. Review before applying to provinces_birlesim.png or final definition outputs."
"70","93,96,86","orijinal","modlu","modlu_kalan","9972","Neri Punco","F:\Storage\Codding\git\Crusader Kings III\Leviathonlx MoreBookmarks-Plus\BookmarksGit\analysis\generated\rgb_conflict_previews\rgb_93_96_86_modlu.png","48,16,208","18","18","0","True","heuristic_draft","Smaller pixel footprint may be cheaper to recolor.","Draft only. Review before applying to provinces_birlesim.png or final definition outputs."
"71","177,102,87","orijinal","modlu","modlu_kalan","9974","Pung Co","F:\Storage\Codding\git\Crusader Kings III\Leviathonlx MoreBookmarks-Plus\BookmarksGit\analysis\generated\rgb_conflict_previews\rgb_177_102_87_modlu.png","48,16,240","36","36","0","True","heuristic_draft","Smaller pixel footprint may be cheaper to recolor.","Draft only. Review before applying to provinces_birlesim.png or final definition outputs."
"72","9,105,215","orijinal","modlu","modlu_kalan","9975","Cona","F:\Storage\Codding\git\Crusader Kings III\Leviathonlx MoreBookmarks-Plus\BookmarksGit\analysis\generated\rgb_conflict_previews\rgb_9_105_215_modlu.png","48,48,16","36","36","0","True","heuristic_draft","Smaller pixel footprint may be cheaper to recolor.","Draft only. Review before applying to provinces_birlesim.png or final definition outputs."
"73","51,108,88","orijinal","modlu","modlu_kalan","9976","Zigetangcuo Lake","F:\Storage\Codding\git\Crusader Kings III\Leviathonlx MoreBookmarks-Plus\BookmarksGit\analysis\generated\rgb_conflict_previews\rgb_51_108_88_modlu.png","48,48,48","53","53","0","True","heuristic_draft","Smaller pixel footprint may be cheaper to recolor.","Draft only. Review before applying to provinces_birlesim.png or final definition outputs."
"74","93,111,216","orijinal","modlu","modlu_kalan","9977","Ringco Kongma","F:\Storage\Codding\git\Crusader Kings III\Leviathonlx MoreBookmarks-Plus\BookmarksGit\analysis\generated\rgb_conflict_previews\rgb_93_111_216_modlu.png","48,48,80","47","47","0","True","heuristic_draft","Smaller pixel footprint may be cheaper to recolor.","Draft only. Review before applying to provinces_birlesim.png or final definition outputs."
"75","135,114,89","orijinal","modlu","modlu_kalan","9978","Gomang Co","F:\Storage\Codding\git\Crusader Kings III\Leviathonlx MoreBookmarks-Plus\BookmarksGit\analysis\generated\rgb_conflict_previews\rgb_135_114_89_modlu.png","48,48,112","21","21","0","True","heuristic_draft","Smaller pixel footprint may be cheaper to recolor.","Draft only. Review before applying to provinces_birlesim.png or final definition outputs."
"76","51,123,218","orijinal","modlu","modlu_kalan","9981","Angda'er Co","F:\Storage\Codding\git\Crusader Kings III\Leviathonlx MoreBookmarks-Plus\BookmarksGit\analysis\generated\rgb_conflict_previews\rgb_51_123_218_modlu.png","48,48,144","16","16","0","True","heuristic_draft","Smaller pixel footprint may be cheaper to recolor.","Draft only. Review before applying to provinces_birlesim.png or final definition outputs."
"77","93,126,91","orijinal","modlu","modlu_kalan","9982","Gyaring Co","F:\Storage\Codding\git\Crusader Kings III\Leviathonlx MoreBookmarks-Plus\BookmarksGit\analysis\generated\rgb_conflict_previews\rgb_93_126_91_modlu.png","48,48,176","109","109","0","True","heuristic_draft","Smaller pixel footprint may be cheaper to recolor.","Draft only. Review before applying to provinces_birlesim.png or final definition outputs."
"78","177,132,92","orijinal","modlu","modlu_kalan","9984","Urru Co","F:\Storage\Codding\git\Crusader Kings III\Leviathonlx MoreBookmarks-Plus\BookmarksGit\analysis\generated\rgb_conflict_previews\rgb_177_132_92_modlu.png","48,48,240","70","70","0","True","heuristic_draft","Smaller pixel footprint may be cheaper to recolor.","Draft only. Review before applying to provinces_birlesim.png or final definition outputs."
"79","9,135,220","orijinal","modlu","modlu_kalan","9985","Norma Co","F:\Storage\Codding\git\Crusader Kings III\Leviathonlx MoreBookmarks-Plus\BookmarksGit\analysis\generated\rgb_conflict_previews\rgb_9_135_220_modlu.png","48,80,16","38","38","0","True","heuristic_draft","Smaller pixel footprint may be cheaper to recolor.","Draft only. Review before applying to provinces_birlesim.png or final definition outputs."
"80","51,138,93","orijinal","modlu","modlu_kalan","9986","DagzÃª Co","F:\Storage\Codding\git\Crusader Kings III\Leviathonlx MoreBookmarks-Plus\BookmarksGit\analysis\generated\rgb_conflict_previews\rgb_51_138_93_modlu.png","48,80,48","52","52","0","True","heuristic_draft","Smaller pixel footprint may be cheaper to recolor.","Draft only. Review before applying to provinces_birlesim.png or final definition outputs."
"81","9,150,95","orijinal","modlu","modlu_kalan","9990","Mucuobingni","F:\Storage\Codding\git\Crusader Kings III\Leviathonlx MoreBookmarks-Plus\BookmarksGit\analysis\generated\rgb_conflict_previews\rgb_9_150_95_modlu.png","48,80,80","41","41","0","True","heuristic_draft","Smaller pixel footprint may be cheaper to recolor.","Draft only. Review before applying to provinces_birlesim.png or final definition outputs."
"82","93,156,96","orijinal","modlu","modlu_kalan","9992","Paiku Co","F:\Storage\Codding\git\Crusader Kings III\Leviathonlx MoreBookmarks-Plus\BookmarksGit\analysis\generated\rgb_conflict_previews\rgb_93_156_96_modlu.png","48,80,112","68","68","0","True","heuristic_draft","Smaller pixel footprint may be cheaper to recolor.","Draft only. Review before applying to provinces_birlesim.png or final definition outputs."
"83","135,159,224","orijinal","modlu","modlu_kalan","9993","Dawa Lake","F:\Storage\Codding\git\Crusader Kings III\Leviathonlx MoreBookmarks-Plus\BookmarksGit\analysis\generated\rgb_conflict_previews\rgb_135_159_224_modlu.png","48,80,144","28","28","0","True","heuristic_draft","Smaller pixel footprint may be cheaper to recolor.","Draft only. Review before applying to provinces_birlesim.png or final definition outputs."
"84","9,165,225","orijinal","modlu","modlu_kalan","9995","Taro Tso","F:\Storage\Codding\git\Crusader Kings III\Leviathonlx MoreBookmarks-Plus\BookmarksGit\analysis\generated\rgb_conflict_previews\rgb_9_165_225_modlu.png","48,80,176","121","121","0","True","heuristic_draft","Smaller pixel footprint may be cheaper to recolor.","Draft only. Review before applying to provinces_birlesim.png or final definition outputs."
"85","93,171,226","orijinal","modlu","modlu_kalan","9997","Rinchen Shuptso","F:\Storage\Codding\git\Crusader Kings III\Leviathonlx MoreBookmarks-Plus\BookmarksGit\analysis\generated\rgb_conflict_previews\rgb_93_171_226_modlu.png","48,80,208","48","48","0","True","heuristic_draft","Smaller pixel footprint may be cheaper to recolor.","Draft only. Review before applying to provinces_birlesim.png or final definition outputs."
"86","135,174,99","orijinal","modlu","modlu_kalan","9998","Ang Laren","F:\Storage\Codding\git\Crusader Kings III\Leviathonlx MoreBookmarks-Plus\BookmarksGit\analysis\generated\rgb_conflict_previews\rgb_135_174_99_modlu.png","48,80,240","132","132","0","True","heuristic_draft","Smaller pixel footprint may be cheaper to recolor.","Draft only. Review before applying to provinces_birlesim.png or final definition outputs."
"87","177,177,227","orijinal","modlu","modlu_kalan","9999","Lagkor Co","F:\Storage\Codding\git\Crusader Kings III\Leviathonlx MoreBookmarks-Plus\BookmarksGit\analysis\generated\rgb_conflict_previews\rgb_177_177_227_modlu.png","48,112,16","24","24","0","True","heuristic_draft","Smaller pixel footprint may be cheaper to recolor.","Draft only. Review before applying to provinces_birlesim.png or final definition outputs."
"88","136,189,129","orijinal","modlu","modlu_kalan","10003","Dorsoidong Co","F:\Storage\Codding\git\Crusader Kings III\Leviathonlx MoreBookmarks-Plus\BookmarksGit\analysis\generated\rgb_conflict_previews\rgb_136_189_129_modlu.png","48,112,48","94","94","0","True","heuristic_draft","Smaller pixel footprint may be cheaper to recolor.","Draft only. Review before applying to provinces_birlesim.png or final definition outputs."
"89","178,192,2","orijinal","modlu","modlu_kalan","10004","Pongyin Co","F:\Storage\Codding\git\Crusader Kings III\Leviathonlx MoreBookmarks-Plus\BookmarksGit\analysis\generated\rgb_conflict_previews\rgb_178_192_2_modlu.png","48,112,80","23","23","0","True","heuristic_draft","Smaller pixel footprint may be cheaper to recolor.","Draft only. Review before applying to provinces_birlesim.png or final definition outputs."
"90","10,195,130","orijinal","modlu","modlu_kalan","10005","Linggo Co","F:\Storage\Codding\git\Crusader Kings III\Leviathonlx MoreBookmarks-Plus\BookmarksGit\analysis\generated\rgb_conflict_previews\rgb_10_195_130_modlu.png","48,112,112","20","20","0","True","heuristic_draft","Smaller pixel footprint may be cheaper to recolor.","Draft only. Review before applying to provinces_birlesim.png or final definition outputs."
"91","52,198,3","orijinal","modlu","modlu_kalan","10006","Wulanwula Lake","F:\Storage\Codding\git\Crusader Kings III\Leviathonlx MoreBookmarks-Plus\BookmarksGit\analysis\generated\rgb_conflict_previews\rgb_52_198_3_modlu.png","48,112,144","153","153","0","True","heuristic_draft","Smaller pixel footprint may be cheaper to recolor.","Draft only. Review before applying to provinces_birlesim.png or final definition outputs."
"92","94,201,131","orijinal","modlu","modlu_kalan","10007","Mingjing Lake","F:\Storage\Codding\git\Crusader Kings III\Leviathonlx MoreBookmarks-Plus\BookmarksGit\analysis\generated\rgb_conflict_previews\rgb_94_201_131_modlu.png","48,112,176","21","21","0","True","heuristic_draft","Smaller pixel footprint may be cheaper to recolor.","Draft only. Review before applying to provinces_birlesim.png or final definition outputs."
"93","136,204,4","orijinal","modlu","modlu_kalan","10008","Xijir Ulan Lake","F:\Storage\Codding\git\Crusader Kings III\Leviathonlx MoreBookmarks-Plus\BookmarksGit\analysis\generated\rgb_conflict_previews\rgb_136_204_4_modlu.png","48,112,208","61","61","0","True","heuristic_draft","Smaller pixel footprint may be cheaper to recolor.","Draft only. Review before applying to provinces_birlesim.png or final definition outputs."
"94","178,207,132","orijinal","modlu","modlu_kalan","10009","Hoh Xil Lake","F:\Storage\Codding\git\Crusader Kings III\Leviathonlx MoreBookmarks-Plus\BookmarksGit\analysis\generated\rgb_conflict_previews\rgb_178_207_132_modlu.png","48,112,240","74","74","0","True","heuristic_draft","Smaller pixel footprint may be cheaper to recolor.","Draft only. Review before applying to provinces_birlesim.png or final definition outputs."
"95","10,210,5","orijinal","modlu","modlu_kalan","10010","Zhuonai Lake","F:\Storage\Codding\git\Crusader Kings III\Leviathonlx MoreBookmarks-Plus\BookmarksGit\analysis\generated\rgb_conflict_previews\rgb_10_210_5_modlu.png","48,144,16","28","28","0","True","heuristic_draft","Smaller pixel footprint may be cheaper to recolor.","Draft only. Review before applying to provinces_birlesim.png or final definition outputs."
"96","52,0,133","orijinal","modlu","modlu_kalan","10011","Kusai Lake","F:\Storage\Codding\git\Crusader Kings III\Leviathonlx MoreBookmarks-Plus\BookmarksGit\analysis\generated\rgb_conflict_previews\rgb_52_0_133_modlu.png","48,144,80","50","50","0","True","heuristic_draft","Smaller pixel footprint may be cheaper to recolor.","Draft only. Review before applying to provinces_birlesim.png or final definition outputs."
"97","136,6,134","orijinal","modlu","modlu_kalan","10013","Lexie Wudan Lake","F:\Storage\Codding\git\Crusader Kings III\Leviathonlx MoreBookmarks-Plus\BookmarksGit\analysis\generated\rgb_conflict_previews\rgb_136_6_134_modlu.png","48,144,112","55","55","0","True","heuristic_draft","Smaller pixel footprint may be cheaper to recolor.","Draft only. Review before applying to provinces_birlesim.png or final definition outputs."
"98","52,15,8","orijinal","modlu","modlu_kalan","10016","Xuemei Lake","F:\Storage\Codding\git\Crusader Kings III\Leviathonlx MoreBookmarks-Plus\BookmarksGit\analysis\generated\rgb_conflict_previews\rgb_52_15_8_modlu.png","48,144,144","19","19","0","True","heuristic_draft","Smaller pixel footprint may be cheaper to recolor.","Draft only. Review before applying to provinces_birlesim.png or final definition outputs."
"99","178,24,137","orijinal","modlu","modlu_kalan","10019","Amtogor Lake","F:\Storage\Codding\git\Crusader Kings III\Leviathonlx MoreBookmarks-Plus\BookmarksGit\analysis\generated\rgb_conflict_previews\rgb_178_24_137_modlu.png","48,144,176","45","45","0","True","heuristic_draft","Smaller pixel footprint may be cheaper to recolor.","Draft only. Review before applying to provinces_birlesim.png or final definition outputs."
"100","10,27,10","orijinal","modlu","modlu_kalan","10020","Longmu Co","F:\Storage\Codding\git\Crusader Kings III\Leviathonlx MoreBookmarks-Plus\BookmarksGit\analysis\generated\rgb_conflict_previews\rgb_10_27_10_modlu.png","48,144,208","21","21","0","True","heuristic_draft","Smaller pixel footprint may be cheaper to recolor.","Draft only. Review before applying to provinces_birlesim.png or final definition outputs."
"101","52,30,138","orijinal","modlu","modlu_kalan","10021","Chem Co","F:\Storage\Codding\git\Crusader Kings III\Leviathonlx MoreBookmarks-Plus\BookmarksGit\analysis\generated\rgb_conflict_previews\rgb_52_30_138_modlu.png","48,144,240","35","35","0","True","heuristic_draft","Smaller pixel footprint may be cheaper to recolor.","Draft only. Review before applying to provinces_birlesim.png or final definition outputs."
"102","136,36,139","orijinal","modlu","modlu_kalan","10023","Lumajangdong Co","F:\Storage\Codding\git\Crusader Kings III\Leviathonlx MoreBookmarks-Plus\BookmarksGit\analysis\generated\rgb_conflict_previews\rgb_136_36_139_modlu.png","48,176,16","94","94","0","True","heuristic_draft","Smaller pixel footprint may be cheaper to recolor.","Draft only. Review before applying to provinces_birlesim.png or final definition outputs."
"103","178,39,12","orijinal","modlu","modlu_kalan","10024","Aru Co","F:\Storage\Codding\git\Crusader Kings III\Leviathonlx MoreBookmarks-Plus\BookmarksGit\analysis\generated\rgb_conflict_previews\rgb_178_39_12_modlu.png","48,176,48","26","26","0","True","heuristic_draft","Smaller pixel footprint may be cheaper to recolor.","Draft only. Review before applying to provinces_birlesim.png or final definition outputs."
"104","52,45,13","orijinal","modlu","modlu_kalan","10026","Luotuo Co","F:\Storage\Codding\git\Crusader Kings III\Leviathonlx MoreBookmarks-Plus\BookmarksGit\analysis\generated\rgb_conflict_previews\rgb_52_45_13_modlu.png","48,176,80","47","47","0","True","heuristic_draft","Smaller pixel footprint may be cheaper to recolor.","Draft only. Review before applying to provinces_birlesim.png or final definition outputs."
"105","10,57,15","orijinal","modlu","modlu_kalan","10030","Maharloo Lake","F:\Storage\Codding\git\Crusader Kings III\Leviathonlx MoreBookmarks-Plus\BookmarksGit\analysis\generated\rgb_conflict_previews\rgb_10_57_15_modlu.png","48,176,112","53","53","0","True","heuristic_draft","Smaller pixel footprint may be cheaper to recolor.","Draft only. Review before applying to provinces_birlesim.png or final definition outputs."
"106","94,63,16","modlu","orijinal","orijinal_dogu","9985","Goryeo_Gyeongsang_Dian","F:\Storage\Codding\git\Crusader Kings III\Leviathonlx MoreBookmarks-Plus\BookmarksGit\analysis\generated\rgb_conflict_previews\rgb_94_63_16_orijinal.png","48,176,144","489","489","0","True","heuristic_draft","Smaller pixel footprint may be cheaper to recolor.","Draft only. Review before applying to provinces_birlesim.png or final definition outputs."
"107","136,66,144","modlu","orijinal","orijinal_dogu","9986","Goryeo_Gyeongsang_Giju","F:\Storage\Codding\git\Crusader Kings III\Leviathonlx MoreBookmarks-Plus\BookmarksGit\analysis\generated\rgb_conflict_previews\rgb_136_66_144_orijinal.png","48,176,176","401","401","0","True","heuristic_draft","Smaller pixel footprint may be cheaper to recolor.","Draft only. Review before applying to provinces_birlesim.png or final definition outputs."
"108","178,69,17","orijinal","modlu","modlu_kalan","10034","Lake ErÃ§ek","F:\Storage\Codding\git\Crusader Kings III\Leviathonlx MoreBookmarks-Plus\BookmarksGit\analysis\generated\rgb_conflict_previews\rgb_178_69_17_modlu.png","48,176,208","26","26","0","True","heuristic_draft","Smaller pixel footprint may be cheaper to recolor.","Draft only. Review before applying to provinces_birlesim.png or final definition outputs."
"109","10,72,145","orijinal","modlu","modlu_kalan","10035","Lake Sevan","F:\Storage\Codding\git\Crusader Kings III\Leviathonlx MoreBookmarks-Plus\BookmarksGit\analysis\generated\rgb_conflict_previews\rgb_10_72_145_modlu.png","48,176,240","372","372","0","True","heuristic_draft","Smaller pixel footprint may be cheaper to recolor.","Draft only. Review before applying to provinces_birlesim.png or final definition outputs."
"110","52,75,18","orijinal","modlu","modlu_kalan","10036","Lake Ã‡Ä±ldÄ±r","F:\Storage\Codding\git\Crusader Kings III\Leviathonlx MoreBookmarks-Plus\BookmarksGit\analysis\generated\rgb_conflict_previews\rgb_52_75_18_modlu.png","48,208,16","55","55","0","True","heuristic_draft","Smaller pixel footprint may be cheaper to recolor.","Draft only. Review before applying to provinces_birlesim.png or final definition outputs."
"111","94,78,146","orijinal","modlu","modlu_kalan","10037","Lake Yay","F:\Storage\Codding\git\Crusader Kings III\Leviathonlx MoreBookmarks-Plus\BookmarksGit\analysis\generated\rgb_conflict_previews\rgb_94_78_146_modlu.png","48,208,48","57","57","0","True","heuristic_draft","Smaller pixel footprint may be cheaper to recolor.","Draft only. Review before applying to provinces_birlesim.png or final definition outputs."
"112","136,81,19","modlu","orijinal","orijinal_dogu","9991","Goryeo_Gyeongsang_Ilseon","F:\Storage\Codding\git\Crusader Kings III\Leviathonlx MoreBookmarks-Plus\BookmarksGit\analysis\generated\rgb_conflict_previews\rgb_136_81_19_orijinal.png","48,208,80","773","773","0","True","heuristic_draft","Smaller pixel footprint may be cheaper to recolor.","Draft only. Review before applying to provinces_birlesim.png or final definition outputs."
"113","178,84,147","orijinal","modlu","modlu_kalan","10039","Lake Philomelion","F:\Storage\Codding\git\Crusader Kings III\Leviathonlx MoreBookmarks-Plus\BookmarksGit\analysis\generated\rgb_conflict_previews\rgb_178_84_147_modlu.png","48,208,112","144","144","0","True","heuristic_draft","Smaller pixel footprint may be cheaper to recolor.","Draft only. Review before applying to provinces_birlesim.png or final definition outputs."
"114","52,90,148","orijinal","modlu","modlu_kalan","10041","Lake Akrotori","F:\Storage\Codding\git\Crusader Kings III\Leviathonlx MoreBookmarks-Plus\BookmarksGit\analysis\generated\rgb_conflict_previews\rgb_52_90_148_modlu.png","48,208,144","194","194","0","True","heuristic_draft","Smaller pixel footprint may be cheaper to recolor.","Draft only. Review before applying to provinces_birlesim.png or final definition outputs."
"115","136,96,149","orijinal","modlu","modlu_kalan","10043","Lake Polydorion","F:\Storage\Codding\git\Crusader Kings III\Leviathonlx MoreBookmarks-Plus\BookmarksGit\analysis\generated\rgb_conflict_previews\rgb_136_96_149_modlu.png","48,208,176","79","79","0","True","heuristic_draft","Smaller pixel footprint may be cheaper to recolor.","Draft only. Review before applying to provinces_birlesim.png or final definition outputs."
"116","178,99,22","orijinal","modlu","modlu_kalan","10044","Lake Anaua","F:\Storage\Codding\git\Crusader Kings III\Leviathonlx MoreBookmarks-Plus\BookmarksGit\analysis\generated\rgb_conflict_previews\rgb_178_99_22_modlu.png","48,208,208","65","65","0","True","heuristic_draft","Smaller pixel footprint may be cheaper to recolor.","Draft only. Review before applying to provinces_birlesim.png or final definition outputs."
"117","52,105,23","orijinal","modlu","modlu_kalan","10046","Lake Yansli","F:\Storage\Codding\git\Crusader Kings III\Leviathonlx MoreBookmarks-Plus\BookmarksGit\analysis\generated\rgb_conflict_previews\rgb_52_105_23_modlu.png","48,208,240","11","11","0","True","heuristic_draft","Smaller pixel footprint may be cheaper to recolor.","Draft only. Review before applying to provinces_birlesim.png or final definition outputs."
"118","94,108,151","orijinal","modlu","modlu_kalan","10047","Lake Kaunos","F:\Storage\Codding\git\Crusader Kings III\Leviathonlx MoreBookmarks-Plus\BookmarksGit\analysis\generated\rgb_conflict_previews\rgb_94_108_151_modlu.png","48,240,16","11","11","0","True","heuristic_draft","Smaller pixel footprint may be cheaper to recolor.","Draft only. Review before applying to provinces_birlesim.png or final definition outputs."
