"mapping_index","shared_old_rgb","old_rgb","new_rgb","keep_original_rgb_source","recolor_source","affected_subset","affected_source_id","affected_source_name","affected_preview_path","modlu_old_id","modlu_old_name","orijinal_old_id","orijinal_old_name","decision_origin","basis","basis_reason","notes"
"0","51,135,178","51,135,178","16,16,16","orijinal","modlu","modlu_kalan","9701","Sirmione","F:\Storage\Codding\git\Crusader Kings III\Leviathonlx MoreBookmarks-Plus\BookmarksGit\analysis\generated\rgb_conflict_previews\rgb_51_135_178_modlu.png","9701","Sirmione","9803","Lingnan_Leizhou_Zhanjiang","locked_from_existing_draft","locked_from_existing_draft","Promoted from rgb_mapping_draft.csv as the final preserve_old_ids staging mapping.","Locked from rgb_mapping_draft.csv for final preserve_old_ids staging. Original draft note: Draft only. Review before applying to provinces_birlesim.png or final definition outputs."
"1","93,183,186","93,183,186","16,16,48","orijinal","modlu","modlu_kalan","9717","Martellago","F:\Storage\Codding\git\Crusader Kings III\Leviathonlx MoreBookmarks-Plus\BookmarksGit\analysis\generated\rgb_conflict_previews\rgb_93_183_186_modlu.png","9717","Martellago","9757","Lingnan_Lianzhou_Hepu","locked_from_existing_draft","locked_from_existing_draft","Promoted from rgb_mapping_draft.csv as the final preserve_old_ids staging mapping.","Locked from rgb_mapping_draft.csv for final preserve_old_ids staging. Original draft note: Draft only. Review before applying to provinces_birlesim.png or final definition outputs."
"2","135,186,59","135,186,59","16,16,80","orijinal","modlu","modlu_kalan","9718","Concordia","F:\Storage\Codding\git\Crusader Kings III\Leviathonlx MoreBookmarks-Plus\BookmarksGit\analysis\generated\rgb_conflict_previews\rgb_135_186_59_modlu.png","9718","Concordia","9815","Lingnan_Qinzhou_Lingshan","locked_from_existing_draft","locked_from_existing_draft","Promoted from rgb_mapping_draft.csv as the final preserve_old_ids staging mapping.","Locked from rgb_mapping_draft.csv for final preserve_old_ids staging. Original draft note: Draft only. Review before applying to provinces_birlesim.png or final definition outputs."
"3","135,201,189","135,201,189","16,16,112","orijinal","modlu","modlu_kalan","9723","Caminate","F:\Storage\Codding\git\Crusader Kings III\Leviathonlx MoreBookmarks-Plus\BookmarksGit\analysis\generated\rgb_conflict_previews\rgb_135_201_189_modlu.png","9723","Caminate","9816","Lingnan_Qinzhou_Gusendong","locked_from_existing_draft","locked_from_existing_draft","Promoted from rgb_mapping_draft.csv as the final preserve_old_ids staging mapping.","Locked from rgb_mapping_draft.csv for final preserve_old_ids staging. Original draft note: Draft only. Review before applying to provinces_birlesim.png or final definition outputs."
"4","9,9,65","9,9,65","16,16,144","orijinal","modlu","modlu_kalan","9730","Nerola","F:\Storage\Codding\git\Crusader Kings III\Leviathonlx MoreBookmarks-Plus\BookmarksGit\analysis\generated\rgb_conflict_previews\rgb_9_9_65_modlu.png","9730","Nerola","9846","Taiwan_Chiayi","locked_from_existing_draft","locked_from_existing_draft","Promoted from rgb_mapping_draft.csv as the final preserve_old_ids staging mapping.","Locked from rgb_mapping_draft.csv for final preserve_old_ids staging. Original draft note: Draft only. Review before applying to provinces_birlesim.png or final definition outputs."
"5","177,21,67","177,21,67","16,16,176","orijinal","modlu","modlu_kalan","9734","Aderno","F:\Storage\Codding\git\Crusader Kings III\Leviathonlx MoreBookmarks-Plus\BookmarksGit\analysis\generated\rgb_conflict_previews\rgb_177_21_67_modlu.png","9734","Aderno","9850","Taiwan_Miaoli","locked_from_existing_draft","locked_from_existing_draft","Promoted from rgb_mapping_draft.csv as the final preserve_old_ids staging mapping.","Locked from rgb_mapping_draft.csv for final preserve_old_ids staging. Original draft note: Draft only. Review before applying to provinces_birlesim.png or final definition outputs."
"6","9,24,195","9,24,195","16,16,208","orijinal","modlu","modlu_kalan","9735","PaternoSicily","F:\Storage\Codding\git\Crusader Kings III\Leviathonlx MoreBookmarks-Plus\BookmarksGit\analysis\generated\rgb_conflict_previews\rgb_9_24_195_modlu.png","9735","PaternoSicily","9851","Taiwan_Taipei","locked_from_existing_draft","locked_from_existing_draft","Promoted from rgb_mapping_draft.csv as the final preserve_old_ids staging mapping.","Locked from rgb_mapping_draft.csv for final preserve_old_ids staging. Original draft note: Draft only. Review before applying to provinces_birlesim.png or final definition outputs."
"7","51,57,73","51,57,73","16,16,240","orijinal","modlu","modlu_kalan","9746","Andria","F:\Storage\Codding\git\Crusader Kings III\Leviathonlx MoreBookmarks-Plus\BookmarksGit\analysis\generated\rgb_conflict_previews\rgb_51_57_73_modlu.png","9746","Andria","9785","Lingnan_Nanning_Fu_Yongchun","locked_from_existing_draft","locked_from_existing_draft","Promoted from rgb_mapping_draft.csv as the final preserve_old_ids staging mapping.","Locked from rgb_mapping_draft.csv for final preserve_old_ids staging. Original draft note: Draft only. Review before applying to provinces_birlesim.png or final definition outputs."
"8","93,105,81","93,105,81","16,48,16","orijinal","modlu","modlu_kalan","9762","Nocera","F:\Storage\Codding\git\Crusader Kings III\Leviathonlx MoreBookmarks-Plus\BookmarksGit\analysis\generated\rgb_conflict_previews\rgb_93_105_81_modlu.png","9762","Nocera","9781","Lingnan_Nanning_Fu_Nanning","locked_from_existing_draft","locked_from_existing_draft","Promoted from rgb_mapping_draft.csv as the final preserve_old_ids staging mapping.","Locked from rgb_mapping_draft.csv for final preserve_old_ids staging. Original draft note: Draft only. Review before applying to provinces_birlesim.png or final definition outputs."
"9","93,57,136","93,57,136","16,48,48","orijinal","modlu","modlu_kalan","9817","Colonsay","F:\Storage\Codding\git\Crusader Kings III\Leviathonlx MoreBookmarks-Plus\BookmarksGit\analysis\generated\rgb_conflict_previews\rgb_93_57_136_modlu.png","9817","Colonsay","9838","Lingnan_Guishunzhou_Napo","locked_from_existing_draft","locked_from_existing_draft","Promoted from rgb_mapping_draft.csv as the final preserve_old_ids staging mapping.","Locked from rgb_mapping_draft.csv for final preserve_old_ids staging. Original draft note: Draft only. Review before applying to provinces_birlesim.png or final definition outputs."
"10","51,69,138","51,69,138","16,48,80","orijinal","modlu","modlu_kalan","9821","Moluag","F:\Storage\Codding\git\Crusader Kings III\Leviathonlx MoreBookmarks-Plus\BookmarksGit\analysis\generated\rgb_conflict_previews\rgb_51_69_138_modlu.png","9821","Moluag","9843","Lingnan_Siming_Siming","locked_from_existing_draft","locked_from_existing_draft","Promoted from rgb_mapping_draft.csv as the final preserve_old_ids staging mapping.","Locked from rgb_mapping_draft.csv for final preserve_old_ids staging. Original draft note: Draft only. Review before applying to provinces_birlesim.png or final definition outputs."
"11","135,75,139","135,75,139","16,48,112","orijinal","modlu","modlu_kalan","9823","Madytos","F:\Storage\Codding\git\Crusader Kings III\Leviathonlx MoreBookmarks-Plus\BookmarksGit\analysis\generated\rgb_conflict_previews\rgb_135_75_139_modlu.png","9823","Madytos","9845","Lingnan_Siming_Silingzhou","locked_from_existing_draft","locked_from_existing_draft","Promoted from rgb_mapping_draft.csv as the final preserve_old_ids staging mapping.","Locked from rgb_mapping_draft.csv for final preserve_old_ids staging. Original draft note: Draft only. Review before applying to provinces_birlesim.png or final definition outputs."
"12","9,111,145","9,111,145","16,48,144","orijinal","modlu","modlu_kalan","9835","Mangup","F:\Storage\Codding\git\Crusader Kings III\Leviathonlx MoreBookmarks-Plus\BookmarksGit\analysis\generated\rgb_conflict_previews\rgb_9_111_145_modlu.png","9835","Mangup","9783","Lingnan_Nanning_Fu_Shangsi","locked_from_existing_draft","locked_from_existing_draft","Promoted from rgb_mapping_draft.csv as the final preserve_old_ids staging mapping.","Locked from rgb_mapping_draft.csv for final preserve_old_ids staging. Original draft note: Draft only. Review before applying to provinces_birlesim.png or final definition outputs."
"13","51,114,18","51,114,18","16,48,176","orijinal","modlu","modlu_kalan","9836","Yamboli","F:\Storage\Codding\git\Crusader Kings III\Leviathonlx MoreBookmarks-Plus\BookmarksGit\analysis\generated\rgb_conflict_previews\rgb_51_114_18_modlu.png","9836","Yamboli","9784","Lingnan_Nanning_Fu_Wuxuzhen","locked_from_existing_draft","locked_from_existing_draft","Promoted from rgb_mapping_draft.csv as the final preserve_old_ids staging mapping.","Locked from rgb_mapping_draft.csv for final preserve_old_ids staging. Original draft note: Draft only. Review before applying to provinces_birlesim.png or final definition outputs."
"14","177,183,157","177,183,157","16,48,208","orijinal","modlu","modlu_kalan","9859","Byblos","F:\Storage\Codding\git\Crusader Kings III\Leviathonlx MoreBookmarks-Plus\BookmarksGit\analysis\generated\rgb_conflict_previews\rgb_177_183_157_modlu.png","9859","Byblos","9860","Goryeo_Donggye_Ingnyeong","locked_from_existing_draft","locked_from_existing_draft","Promoted from rgb_mapping_draft.csv as the final preserve_old_ids staging mapping.","Locked from rgb_mapping_draft.csv for final preserve_old_ids staging. Original draft note: Draft only. Review before applying to provinces_birlesim.png or final definition outputs."
"15","51,189,158","51,189,158","16,48,240","orijinal","modlu","modlu_kalan","9861","Gibelin","F:\Storage\Codding\git\Crusader Kings III\Leviathonlx MoreBookmarks-Plus\BookmarksGit\analysis\generated\rgb_conflict_previews\rgb_51_189_158_modlu.png","9861","Gibelin","9862","Goryeo_Donggye_Goseong","locked_from_existing_draft","locked_from_existing_draft","Promoted from rgb_mapping_draft.csv as the final preserve_old_ids staging mapping.","Locked from rgb_mapping_draft.csv for final preserve_old_ids staging. Original draft note: Draft only. Review before applying to provinces_birlesim.png or final definition outputs."
"16","93,192,31","93,192,31","16,80,16","orijinal","modlu","modlu_kalan","9862","Ibelin","F:\Storage\Codding\git\Crusader Kings III\Leviathonlx MoreBookmarks-Plus\BookmarksGit\analysis\generated\rgb_conflict_previews\rgb_93_192_31_modlu.png","9862","Ibelin","9863","Goryeo_Donggye_Tongcheon","locked_from_existing_draft","locked_from_existing_draft","Promoted from rgb_mapping_draft.csv as the final preserve_old_ids staging mapping.","Locked from rgb_mapping_draft.csv for final preserve_old_ids staging. Original draft note: Draft only. Review before applying to provinces_birlesim.png or final definition outputs."
"17","135,195,159","135,195,159","16,80,48","orijinal","modlu","modlu_kalan","9863","Qula","F:\Storage\Codding\git\Crusader Kings III\Leviathonlx MoreBookmarks-Plus\BookmarksGit\analysis\generated\rgb_conflict_previews\rgb_135_195_159_modlu.png","9863","Qula","9864","Goryeo_Donggye_Heupgok","locked_from_existing_draft","locked_from_existing_draft","Promoted from rgb_mapping_draft.csv as the final preserve_old_ids staging mapping.","Locked from rgb_mapping_draft.csv for final preserve_old_ids staging. Original draft note: Draft only. Review before applying to provinces_birlesim.png or final definition outputs."
"18","177,198,32","177,198,32","16,80,80","orijinal","modlu","modlu_kalan","9864","JerLod","F:\Storage\Codding\git\Crusader Kings III\Leviathonlx MoreBookmarks-Plus\BookmarksGit\analysis\generated\rgb_conflict_previews\rgb_177_198_32_modlu.png","9864","JerLod","9859","Goryeo_Donggye_Samcheok","locked_from_existing_draft","locked_from_existing_draft","Promoted from rgb_mapping_draft.csv as the final preserve_old_ids staging mapping.","Locked from rgb_mapping_draft.csv for final preserve_old_ids staging. Original draft note: Draft only. Review before applying to provinces_birlesim.png or final definition outputs."
"19","135,210,34","135,210,34","16,80,112","orijinal","modlu","modlu_kalan","9868","TowerDavid","F:\Storage\Codding\git\Crusader Kings III\Leviathonlx MoreBookmarks-Plus\BookmarksGit\analysis\generated\rgb_conflict_previews\rgb_135_210_34_modlu.png","9868","TowerDavid","9870","Goryeo_Gyoju_Inje","locked_from_existing_draft","locked_from_existing_draft","Promoted from rgb_mapping_draft.csv as the final preserve_old_ids staging mapping.","Locked from rgb_mapping_draft.csv for final preserve_old_ids staging. Original draft note: Draft only. Review before applying to provinces_birlesim.png or final definition outputs."
"20","177,0,162","177,0,162","16,80,144","orijinal","modlu","modlu_kalan","9869","Bethlehem","F:\Storage\Codding\git\Crusader Kings III\Leviathonlx MoreBookmarks-Plus\BookmarksGit\analysis\generated\rgb_conflict_previews\rgb_177_0_162_modlu.png","9869","Bethlehem","9872","Goryeo_Gyoju_Yanggu","locked_from_existing_draft","locked_from_existing_draft","Promoted from rgb_mapping_draft.csv as the final preserve_old_ids staging mapping.","Locked from rgb_mapping_draft.csv for final preserve_old_ids staging. Original draft note: Draft only. Review before applying to provinces_birlesim.png or final definition outputs."
"21","9,3,35","9,3,35","16,80,176","orijinal","modlu","modlu_kalan","9870","Belfort","F:\Storage\Codding\git\Crusader Kings III\Leviathonlx MoreBookmarks-Plus\BookmarksGit\analysis\generated\rgb_conflict_previews\rgb_9_3_35_modlu.png","9870","Belfort","9873","Goryeo_Gyoju_Gyoju","locked_from_existing_draft","locked_from_existing_draft","Promoted from rgb_mapping_draft.csv as the final preserve_old_ids staging mapping.","Locked from rgb_mapping_draft.csv for final preserve_old_ids staging. Original draft note: Draft only. Review before applying to provinces_birlesim.png or final definition outputs."
"22","93,9,36","93,9,36","16,80,208","orijinal","modlu","modlu_kalan","9872","Bikfaiya","F:\Storage\Codding\git\Crusader Kings III\Leviathonlx MoreBookmarks-Plus\BookmarksGit\analysis\generated\rgb_conflict_previews\rgb_93_9_36_modlu.png","9872","Bikfaiya","9875","Goryeo_Gyoju_Nangcheon","locked_from_existing_draft","locked_from_existing_draft","Promoted from rgb_mapping_draft.csv as the final preserve_old_ids staging mapping.","Locked from rgb_mapping_draft.csv for final preserve_old_ids staging. Original draft note: Draft only. Review before applying to provinces_birlesim.png or final definition outputs."
"23","177,15,37","177,15,37","16,80,240","orijinal","modlu","modlu_kalan","9874","Amioun","F:\Storage\Codding\git\Crusader Kings III\Leviathonlx MoreBookmarks-Plus\BookmarksGit\analysis\generated\rgb_conflict_previews\rgb_177_15_37_modlu.png","9874","Amioun","9882","Goryeo_Gyoju_Hongcheon","locked_from_existing_draft","locked_from_existing_draft","Promoted from rgb_mapping_draft.csv as the final preserve_old_ids staging mapping.","Locked from rgb_mapping_draft.csv for final preserve_old_ids staging. Original draft note: Draft only. Review before applying to provinces_birlesim.png or final definition outputs."
"24","135,27,39","135,27,39","16,112,16","orijinal","modlu","modlu_kalan","9878","Kantara","F:\Storage\Codding\git\Crusader Kings III\Leviathonlx MoreBookmarks-Plus\BookmarksGit\analysis\generated\rgb_conflict_previews\rgb_135_27_39_modlu.png","9878","Kantara","9881","Goryeo_Gyoju_Hoengcheon","locked_from_existing_draft","locked_from_existing_draft","Promoted from rgb_mapping_draft.csv as the final preserve_old_ids staging mapping.","Locked from rgb_mapping_draft.csv for final preserve_old_ids staging. Original draft note: Draft only. Review before applying to provinces_birlesim.png or final definition outputs."
"25","93,39,41","93,39,41","16,112,48","orijinal","modlu","modlu_kalan","9882","Martvili","F:\Storage\Codding\git\Crusader Kings III\Leviathonlx MoreBookmarks-Plus\BookmarksGit\analysis\generated\rgb_conflict_previews\rgb_93_39_41_modlu.png","9882","Martvili","9878","Goryeo_Gyoju_Anhyeop","locked_from_existing_draft","locked_from_existing_draft","Promoted from rgb_mapping_draft.csv as the final preserve_old_ids staging mapping.","Locked from rgb_mapping_draft.csv for final preserve_old_ids staging. Original draft note: Draft only. Review before applying to provinces_birlesim.png or final definition outputs."
"26","9,63,45","9,63,45","16,112,80","orijinal","modlu","modlu_kalan","9890","Akhalkalaki","F:\Storage\Codding\git\Crusader Kings III\Leviathonlx MoreBookmarks-Plus\BookmarksGit\analysis\generated\rgb_conflict_previews\rgb_9_63_45_modlu.png","9890","Akhalkalaki","9887","Goryeo_Bukgye_Jangjeong","locked_from_existing_draft","locked_from_existing_draft","Promoted from rgb_mapping_draft.csv as the final preserve_old_ids staging mapping.","Locked from rgb_mapping_draft.csv for final preserve_old_ids staging. Original draft note: Draft only. Review before applying to provinces_birlesim.png or final definition outputs."
"27","177,75,47","177,75,47","16,112,112","orijinal","modlu","modlu_kalan","9894","Odzrakhe","F:\Storage\Codding\git\Crusader Kings III\Leviathonlx MoreBookmarks-Plus\BookmarksGit\analysis\generated\rgb_conflict_previews\rgb_177_75_47_modlu.png","9894","Odzrakhe","9890","Goryeo_Bukgye_Cheolju","locked_from_existing_draft","locked_from_existing_draft","Promoted from rgb_mapping_draft.csv as the final preserve_old_ids staging mapping.","Locked from rgb_mapping_draft.csv for final preserve_old_ids staging. Original draft note: Draft only. Review before applying to provinces_birlesim.png or final definition outputs."
"28","135,87,49","135,87,49","16,112,144","orijinal","modlu","modlu_kalan","9898","Keselo","F:\Storage\Codding\git\Crusader Kings III\Leviathonlx MoreBookmarks-Plus\BookmarksGit\analysis\generated\rgb_conflict_previews\rgb_135_87_49_modlu.png","9898","Keselo","9894","Goryeo_Bukgye_Taeju","locked_from_existing_draft","locked_from_existing_draft","Promoted from rgb_mapping_draft.csv as the final preserve_old_ids staging mapping.","Locked from rgb_mapping_draft.csv for final preserve_old_ids staging. Original draft note: Draft only. Review before applying to provinces_birlesim.png or final definition outputs."
"29","93,99,51","93,99,51","16,112,176","orijinal","modlu","modlu_kalan","9902","Kaghankatuyk","F:\Storage\Codding\git\Crusader Kings III\Leviathonlx MoreBookmarks-Plus\BookmarksGit\analysis\generated\rgb_conflict_previews\rgb_93_99_51_modlu.png","9902","Kaghankatuyk","9897","Goryeo_Bukgye_Samhwa","locked_from_existing_draft","locked_from_existing_draft","Promoted from rgb_mapping_draft.csv as the final preserve_old_ids staging mapping.","Locked from rgb_mapping_draft.csv for final preserve_old_ids staging. Original draft note: Draft only. Review before applying to provinces_birlesim.png or final definition outputs."
"30","51,111,53","51,111,53","16,112,208","orijinal","modlu","modlu_kalan","9906","Vararakn","F:\Storage\Codding\git\Crusader Kings III\Leviathonlx MoreBookmarks-Plus\BookmarksGit\analysis\generated\rgb_conflict_previews\rgb_51_111_53_modlu.png","9906","Vararakn","9901","Goryeo_Bukgye_Jaju","locked_from_existing_draft","locked_from_existing_draft","Promoted from rgb_mapping_draft.csv as the final preserve_old_ids staging mapping.","Locked from rgb_mapping_draft.csv for final preserve_old_ids staging. Original draft note: Draft only. Review before applying to provinces_birlesim.png or final definition outputs."
"31","93,129,56","93,129,56","16,112,240","orijinal","modlu","modlu_kalan","9912","TatevMon","F:\Storage\Codding\git\Crusader Kings III\Leviathonlx MoreBookmarks-Plus\BookmarksGit\analysis\generated\rgb_conflict_previews\rgb_93_129_56_modlu.png","9912","TatevMon","9907","Goryeo_Gaeseong_Chuiljeon","locked_from_existing_draft","locked_from_existing_draft","Promoted from rgb_mapping_draft.csv as the final preserve_old_ids staging mapping.","Locked from rgb_mapping_draft.csv for final preserve_old_ids staging. Original draft note: Draft only. Review before applying to provinces_birlesim.png or final definition outputs."
"32","177,135,57","177,135,57","16,144,16","modlu","orijinal","orijinal_dogu","9908","Goryeo_Seohae_Tosan","F:\Storage\Codding\git\Crusader Kings III\Leviathonlx MoreBookmarks-Plus\BookmarksGit\analysis\generated\rgb_conflict_previews\rgb_177_135_57_orijinal.png","9914","Mahkanaberd","9908","Goryeo_Seohae_Tosan","locked_from_existing_draft","locked_from_existing_draft","Promoted from rgb_mapping_draft.csv as the final preserve_old_ids staging mapping.","Locked from rgb_mapping_draft.csv for final preserve_old_ids staging. Original draft note: Draft only. Review before applying to provinces_birlesim.png or final definition outputs."
"33","9,138,185","9,138,185","16,144,48","orijinal","modlu","modlu_kalan","9915","Haghpat","F:\Storage\Codding\git\Crusader Kings III\Leviathonlx MoreBookmarks-Plus\BookmarksGit\analysis\generated\rgb_conflict_previews\rgb_9_138_185_modlu.png","9915","Haghpat","9909","Goryeo_Seohae_Suan","locked_from_existing_draft","locked_from_existing_draft","Promoted from rgb_mapping_draft.csv as the final preserve_old_ids staging mapping.","Locked from rgb_mapping_draft.csv for final preserve_old_ids staging. Original draft note: Draft only. Review before applying to provinces_birlesim.png or final definition outputs."
"34","93,144,186","93,144,186","16,144,80","orijinal","modlu","modlu_kalan","9917","Bjni","F:\Storage\Codding\git\Crusader Kings III\Leviathonlx MoreBookmarks-Plus\BookmarksGit\analysis\generated\rgb_conflict_previews\rgb_93_144_186_modlu.png","9917","Bjni","9912","Goryeo_Seohae_Hwangju","locked_from_existing_draft","locked_from_existing_draft","Promoted from rgb_mapping_draft.csv as the final preserve_old_ids staging mapping.","Locked from rgb_mapping_draft.csv for final preserve_old_ids staging. Original draft note: Draft only. Review before applying to provinces_birlesim.png or final definition outputs."
"35","135,147,59","135,147,59","16,144,112","orijinal","modlu","modlu_kalan","9918","Ashtarak","F:\Storage\Codding\git\Crusader Kings III\Leviathonlx MoreBookmarks-Plus\BookmarksGit\analysis\generated\rgb_conflict_previews\rgb_135_147_59_modlu.png","9918","Ashtarak","9913","Goryeo_Seohae_Anak","locked_from_existing_draft","locked_from_existing_draft","Promoted from rgb_mapping_draft.csv as the final preserve_old_ids staging mapping.","Locked from rgb_mapping_draft.csv for final preserve_old_ids staging. Original draft note: Draft only. Review before applying to provinces_birlesim.png or final definition outputs."
"36","177,150,187","177,150,187","16,144,144","orijinal","modlu","modlu_kalan","9919","Amberd","F:\Storage\Codding\git\Crusader Kings III\Leviathonlx MoreBookmarks-Plus\BookmarksGit\analysis\generated\rgb_conflict_previews\rgb_177_150_187_modlu.png","9919","Amberd","9914","Goryeo_Seohae_Bongju","locked_from_existing_draft","locked_from_existing_draft","Promoted from rgb_mapping_draft.csv as the final preserve_old_ids staging mapping.","Locked from rgb_mapping_draft.csv for final preserve_old_ids staging. Original draft note: Draft only. Review before applying to provinces_birlesim.png or final definition outputs."
"37","9,153,60","9,153,60","16,144,176","orijinal","modlu","modlu_kalan","9920","Shirakavan","F:\Storage\Codding\git\Crusader Kings III\Leviathonlx MoreBookmarks-Plus\BookmarksGit\analysis\generated\rgb_conflict_previews\rgb_9_153_60_modlu.png","9920","Shirakavan","9915","Goryeo_Seohae_Dongju","locked_from_existing_draft","locked_from_existing_draft","Promoted from rgb_mapping_draft.csv as the final preserve_old_ids staging mapping.","Locked from rgb_mapping_draft.csv for final preserve_old_ids staging. Original draft note: Draft only. Review before applying to provinces_birlesim.png or final definition outputs."
"38","51,156,188","51,156,188","16,144,208","orijinal","modlu","modlu_kalan","9921","Tekor","F:\Storage\Codding\git\Crusader Kings III\Leviathonlx MoreBookmarks-Plus\BookmarksGit\analysis\generated\rgb_conflict_previews\rgb_51_156_188_modlu.png","9921","Tekor","9910","Goryeo_Seohae_Sineun","locked_from_existing_draft","locked_from_existing_draft","Promoted from rgb_mapping_draft.csv as the final preserve_old_ids staging mapping.","Locked from rgb_mapping_draft.csv for final preserve_old_ids staging. Original draft note: Draft only. Review before applying to provinces_birlesim.png or final definition outputs."
"39","135,162,189","135,162,189","16,144,240","orijinal","modlu","modlu_kalan","9923","Tercan","F:\Storage\Codding\git\Crusader Kings III\Leviathonlx MoreBookmarks-Plus\BookmarksGit\analysis\generated\rgb_conflict_previews\rgb_135_162_189_modlu.png","9923","Tercan","9916","Goryeo_Seohae_Pungju","locked_from_existing_draft","locked_from_existing_draft","Promoted from rgb_mapping_draft.csv as the final preserve_old_ids staging mapping.","Locked from rgb_mapping_draft.csv for final preserve_old_ids staging. Original draft note: Draft only. Review before applying to provinces_birlesim.png or final definition outputs."
"40","9,168,190","9,168,190","16,176,16","orijinal","modlu","modlu_kalan","9925","Varzahan","F:\Storage\Codding\git\Crusader Kings III\Leviathonlx MoreBookmarks-Plus\BookmarksGit\analysis\generated\rgb_conflict_previews\rgb_9_168_190_modlu.png","9925","Varzahan","9918","Goryeo_Seohae_Cheongsong","locked_from_existing_draft","locked_from_existing_draft","Promoted from rgb_mapping_draft.csv as the final preserve_old_ids staging mapping.","Locked from rgb_mapping_draft.csv for final preserve_old_ids staging. Original draft note: Draft only. Review before applying to provinces_birlesim.png or final definition outputs."
"41","51,171,63","51,171,63","16,176,48","orijinal","modlu","modlu_kalan","9926","Tralles","F:\Storage\Codding\git\Crusader Kings III\Leviathonlx MoreBookmarks-Plus\BookmarksGit\analysis\generated\rgb_conflict_previews\rgb_51_171_63_modlu.png","9926","Tralles","9919","Goryeo_Seohae_Haeju","locked_from_existing_draft","locked_from_existing_draft","Promoted from rgb_mapping_draft.csv as the final preserve_old_ids staging mapping.","Locked from rgb_mapping_draft.csv for final preserve_old_ids staging. Original draft note: Draft only. Review before applying to provinces_birlesim.png or final definition outputs."
"42","177,180,192","177,180,192","16,176,80","modlu","orijinal","orijinal_dogu","9920","Goryeo_Seohae_Ongjin","F:\Storage\Codding\git\Crusader Kings III\Leviathonlx MoreBookmarks-Plus\BookmarksGit\analysis\generated\rgb_conflict_previews\rgb_177_180_192_orijinal.png","9929","Hazar DeÅˆizi","9920","Goryeo_Seohae_Ongjin","locked_from_existing_draft","locked_from_existing_draft","Promoted from rgb_mapping_draft.csv as the final preserve_old_ids staging mapping.","Locked from rgb_mapping_draft.csv for final preserve_old_ids staging. Original draft note: Draft only. Review before applying to provinces_birlesim.png or final definition outputs."
"43","51,186,193","51,186,193","16,176,112","modlu","orijinal","orijinal_dogu","9921","Goryeo_Seohae_Ubong","F:\Storage\Codding\git\Crusader Kings III\Leviathonlx MoreBookmarks-Plus\BookmarksGit\analysis\generated\rgb_conflict_previews\rgb_51_186_193_orijinal.png","9931","Lake Alakol","9921","Goryeo_Seohae_Ubong","locked_from_existing_draft","locked_from_existing_draft","Promoted from rgb_mapping_draft.csv as the final preserve_old_ids staging mapping.","Locked from rgb_mapping_draft.csv for final preserve_old_ids staging. Original draft note: Draft only. Review before applying to provinces_birlesim.png or final definition outputs."
"44","93,189,66","93,189,66","16,176,144","orijinal","modlu","modlu_kalan","9932","Ebi Lake","F:\Storage\Codding\git\Crusader Kings III\Leviathonlx MoreBookmarks-Plus\BookmarksGit\analysis\generated\rgb_conflict_previews\rgb_93_189_66_modlu.png","9932","Ebi Lake","9922","Goryeo_Seohae_Pyeongju","locked_from_existing_draft","locked_from_existing_draft","Promoted from rgb_mapping_draft.csv as the final preserve_old_ids staging mapping.","Locked from rgb_mapping_draft.csv for final preserve_old_ids staging. Original draft note: Draft only. Review before applying to provinces_birlesim.png or final definition outputs."
"45","135,192,194","135,192,194","16,176,176","modlu","orijinal","orijinal_dogu","9923","Goryeo_Yanggwan_Bukju","F:\Storage\Codding\git\Crusader Kings III\Leviathonlx MoreBookmarks-Plus\BookmarksGit\analysis\generated\rgb_conflict_previews\rgb_135_192_194_orijinal.png","9933","Issyk-Kul","9923","Goryeo_Yanggwan_Bukju","locked_from_existing_draft","locked_from_existing_draft","Promoted from rgb_mapping_draft.csv as the final preserve_old_ids staging mapping.","Locked from rgb_mapping_draft.csv for final preserve_old_ids staging. Original draft note: Draft only. Review before applying to provinces_birlesim.png or final definition outputs."
"46","177,195,67","177,195,67","16,176,208","orijinal","modlu","modlu_kalan","9934","Sayram Lake","F:\Storage\Codding\git\Crusader Kings III\Leviathonlx MoreBookmarks-Plus\BookmarksGit\analysis\generated\rgb_conflict_previews\rgb_177_195_67_modlu.png","9934","Sayram Lake","9924","Goryeo_Yanggwan_Namyeong","locked_from_existing_draft","locked_from_existing_draft","Promoted from rgb_mapping_draft.csv as the final preserve_old_ids staging mapping.","Locked from rgb_mapping_draft.csv for final preserve_old_ids staging. Original draft note: Draft only. Review before applying to provinces_birlesim.png or final definition outputs."
"47","51,201,68","51,201,68","16,176,240","modlu","orijinal","orijinal_dogu","9925","Goryeo_Yanggwan_Haengju","F:\Storage\Codding\git\Crusader Kings III\Leviathonlx MoreBookmarks-Plus\BookmarksGit\analysis\generated\rgb_conflict_previews\rgb_51_201_68_orijinal.png","9936","Ulungur Lake","9925","Goryeo_Yanggwan_Haengju","locked_from_existing_draft","locked_from_existing_draft","Promoted from rgb_mapping_draft.csv as the final preserve_old_ids staging mapping.","Locked from rgb_mapping_draft.csv for final preserve_old_ids staging. Original draft note: Draft only. Review before applying to provinces_birlesim.png or final definition outputs."
"48","93,204,196","93,204,196","16,208,16","orijinal","modlu","modlu_kalan","9937","Jili Lake","F:\Storage\Codding\git\Crusader Kings III\Leviathonlx MoreBookmarks-Plus\BookmarksGit\analysis\generated\rgb_conflict_previews\rgb_93_204_196_modlu.png","9937","Jili Lake","9945","Goryeo_Yanggwan_Ganghwa","locked_from_existing_draft","locked_from_existing_draft","Promoted from rgb_mapping_draft.csv as the final preserve_old_ids staging mapping.","Locked from rgb_mapping_draft.csv for final preserve_old_ids staging. Original draft note: Draft only. Review before applying to provinces_birlesim.png or final definition outputs."
"49","135,207,69","135,207,69","16,208,48","orijinal","modlu","modlu_kalan","9938","Ailik Lake","F:\Storage\Codding\git\Crusader Kings III\Leviathonlx MoreBookmarks-Plus\BookmarksGit\analysis\generated\rgb_conflict_previews\rgb_135_207_69_modlu.png","9938","Ailik Lake","9926","Goryeo_Yanggwan_Wonju","locked_from_existing_draft","locked_from_existing_draft","Promoted from rgb_mapping_draft.csv as the final preserve_old_ids staging mapping.","Locked from rgb_mapping_draft.csv for final preserve_old_ids staging. Original draft note: Draft only. Review before applying to provinces_birlesim.png or final definition outputs."
"50","177,210,197","177,210,197","16,208,80","modlu","orijinal","orijinal_dogu","9930","Goryeo_Yanggwan_Pyeongchang","F:\Storage\Codding\git\Crusader Kings III\Leviathonlx MoreBookmarks-Plus\BookmarksGit\analysis\generated\rgb_conflict_previews\rgb_177_210_197_orijinal.png","9939","Tsetseg Nuur","9930","Goryeo_Yanggwan_Pyeongchang","locked_from_existing_draft","locked_from_existing_draft","Promoted from rgb_mapping_draft.csv as the final preserve_old_ids staging mapping.","Locked from rgb_mapping_draft.csv for final preserve_old_ids staging. Original draft note: Draft only. Review before applying to provinces_birlesim.png or final definition outputs."
"51","9,0,70","9,0,70","16,208,112","modlu","orijinal","orijinal_dogu","9931","Goryeo_Yanggwan_Yeongwol","F:\Storage\Codding\git\Crusader Kings III\Leviathonlx MoreBookmarks-Plus\BookmarksGit\analysis\generated\rgb_conflict_previews\rgb_9_0_70_orijinal.png","9940","Khar-Us Nuur","9931","Goryeo_Yanggwan_Yeongwol","locked_from_existing_draft","locked_from_existing_draft","Promoted from rgb_mapping_draft.csv as the final preserve_old_ids staging mapping.","Locked from rgb_mapping_draft.csv for final preserve_old_ids staging. Original draft note: Draft only. Review before applying to provinces_birlesim.png or final definition outputs."
"52","135,9,199","135,9,199","16,208,144","modlu","orijinal","orijinal_dogu","9932","Goryeo_Yanggwan_Jecheon","F:\Storage\Codding\git\Crusader Kings III\Leviathonlx MoreBookmarks-Plus\BookmarksGit\analysis\generated\rgb_conflict_previews\rgb_135_9_199_orijinal.png","9943","Sangiin Dalai Nuur","9932","Goryeo_Yanggwan_Jecheon","locked_from_existing_draft","locked_from_existing_draft","Promoted from rgb_mapping_draft.csv as the final preserve_old_ids staging mapping.","Locked from rgb_mapping_draft.csv for final preserve_old_ids staging. Original draft note: Draft only. Review before applying to provinces_birlesim.png or final definition outputs."
"53","177,12,72","177,12,72","16,208,176","orijinal","modlu","modlu_kalan","9944","Ereen Nuur","F:\Storage\Codding\git\Crusader Kings III\Leviathonlx MoreBookmarks-Plus\BookmarksGit\analysis\generated\rgb_conflict_previews\rgb_177_12_72_modlu.png","9944","Ereen Nuur","9927","Goryeo_Yanggwan_Cheonan","locked_from_existing_draft","locked_from_existing_draft","Promoted from rgb_mapping_draft.csv as the final preserve_old_ids staging mapping.","Locked from rgb_mapping_draft.csv for final preserve_old_ids staging. Original draft note: Draft only. Review before applying to provinces_birlesim.png or final definition outputs."
"54","9,15,200","9,15,200","16,208,208","orijinal","modlu","modlu_kalan","9945","Gegeen Nuur","F:\Storage\Codding\git\Crusader Kings III\Leviathonlx MoreBookmarks-Plus\BookmarksGit\analysis\generated\rgb_conflict_previews\rgb_9_15_200_modlu.png","9945","Gegeen Nuur","9928","Goryeo_Yanggwan_Yanggeun","locked_from_existing_draft","locked_from_existing_draft","Promoted from rgb_mapping_draft.csv as the final preserve_old_ids staging mapping.","Locked from rgb_mapping_draft.csv for final preserve_old_ids staging. Original draft note: Draft only. Review before applying to provinces_birlesim.png or final definition outputs."
"55","51,18,73","51,18,73","16,208,240","orijinal","modlu","modlu_kalan","9946","BÃ¶Ã¶n Tsagaan Nuur","F:\Storage\Codding\git\Crusader Kings III\Leviathonlx MoreBookmarks-Plus\BookmarksGit\analysis\generated\rgb_conflict_previews\rgb_51_18_73_modlu.png","9946","BÃ¶Ã¶n Tsagaan Nuur","9929","Goryeo_Yanggwan_Cheonyeong","locked_from_existing_draft","locked_from_existing_draft","Promoted from rgb_mapping_draft.csv as the final preserve_old_ids staging mapping.","Locked from rgb_mapping_draft.csv for final preserve_old_ids staging. Original draft note: Draft only. Review before applying to provinces_birlesim.png or final definition outputs."
"56","93,21,201","93,21,201","16,240,16","orijinal","modlu","modlu_kalan","9947","Orog Nuur","F:\Storage\Codding\git\Crusader Kings III\Leviathonlx MoreBookmarks-Plus\BookmarksGit\analysis\generated\rgb_conflict_previews\rgb_93_21_201_modlu.png","9947","Orog Nuur","9933","Goryeo_Yanggwan_Chungju","locked_from_existing_draft","locked_from_existing_draft","Promoted from rgb_mapping_draft.csv as the final preserve_old_ids staging mapping.","Locked from rgb_mapping_draft.csv for final preserve_old_ids staging. Original draft note: Draft only. Review before applying to provinces_birlesim.png or final definition outputs."
"57","135,24,74","135,24,74","16,240,48","orijinal","modlu","modlu_kalan","9948","Taatsiin Tsagaan Nuur","F:\Storage\Codding\git\Crusader Kings III\Leviathonlx MoreBookmarks-Plus\BookmarksGit\analysis\generated\rgb_conflict_previews\rgb_135_24_74_modlu.png","9948","Taatsiin Tsagaan Nuur","9934","Goryeo_Yanggwan_Goeju","locked_from_existing_draft","locked_from_existing_draft","Promoted from rgb_mapping_draft.csv as the final preserve_old_ids staging mapping.","Locked from rgb_mapping_draft.csv for final preserve_old_ids staging. Original draft note: Draft only. Review before applying to provinces_birlesim.png or final definition outputs."
"58","177,27,202","177,27,202","16,240,80","modlu","orijinal","orijinal_dogu","9935","Goryeo_Yanggwan_Jangyeon","F:\Storage\Codding\git\Crusader Kings III\Leviathonlx MoreBookmarks-Plus\BookmarksGit\analysis\generated\rgb_conflict_previews\rgb_177_27_202_orijinal.png","9949","Khyargas Nuur","9935","Goryeo_Yanggwan_Jangyeon","locked_from_existing_draft","locked_from_existing_draft","Promoted from rgb_mapping_draft.csv as the final preserve_old_ids staging mapping.","Locked from rgb_mapping_draft.csv for final preserve_old_ids staging. Original draft note: Draft only. Review before applying to provinces_birlesim.png or final definition outputs."
"59","9,30,75","9,30,75","16,240,112","modlu","orijinal","orijinal_dogu","9936","Goryeo_Yanggwan_Cheongju","F:\Storage\Codding\git\Crusader Kings III\Leviathonlx MoreBookmarks-Plus\BookmarksGit\analysis\generated\rgb_conflict_previews\rgb_9_30_75_orijinal.png","9950","Uvs Nuur","9936","Goryeo_Yanggwan_Cheongju","locked_from_existing_draft","locked_from_existing_draft","Promoted from rgb_mapping_draft.csv as the final preserve_old_ids staging mapping.","Locked from rgb_mapping_draft.csv for final preserve_old_ids staging. Original draft note: Draft only. Review before applying to provinces_birlesim.png or final definition outputs."
"60","93,36,76","93,36,76","16,240,144","orijinal","modlu","modlu_kalan","9952","Achit Nuur","F:\Storage\Codding\git\Crusader Kings III\Leviathonlx MoreBookmarks-Plus\BookmarksGit\analysis\generated\rgb_conflict_previews\rgb_93_36_76_modlu.png","9952","Achit Nuur","9937","Goryeo_Yanggwan_Gongju","locked_from_existing_draft","locked_from_existing_draft","Promoted from rgb_mapping_draft.csv as the final preserve_old_ids staging mapping.","Locked from rgb_mapping_draft.csv for final preserve_old_ids staging. Original draft note: Draft only. Review before applying to provinces_birlesim.png or final definition outputs."
"61","177,42,77","177,42,77","16,240,176","modlu","orijinal","orijinal_dogu","9939","Goryeo_Yanggwan_Gwangju","F:\Storage\Codding\git\Crusader Kings III\Leviathonlx MoreBookmarks-Plus\BookmarksGit\analysis\generated\rgb_conflict_previews\rgb_177_42_77_orijinal.png","9954","TeÅ„iz KÃ³li","9939","Goryeo_Yanggwan_Gwangju","locked_from_existing_draft","locked_from_existing_draft","Promoted from rgb_mapping_draft.csv as the final preserve_old_ids staging mapping.","Locked from rgb_mapping_draft.csv for final preserve_old_ids staging. Original draft note: Draft only. Review before applying to provinces_birlesim.png or final definition outputs."
"62","51,48,78","51,48,78","16,240,208","orijinal","modlu","modlu_kalan","9956","Katta KÃ¶l","F:\Storage\Codding\git\Crusader Kings III\Leviathonlx MoreBookmarks-Plus\BookmarksGit\analysis\generated\rgb_conflict_previews\rgb_51_48_78_modlu.png","9956","Katta KÃ¶l","9940","Goryeo_Yanggwan_Seorim","locked_from_existing_draft","locked_from_existing_draft","Promoted from rgb_mapping_draft.csv as the final preserve_old_ids staging mapping.","Locked from rgb_mapping_draft.csv for final preserve_old_ids staging. Original draft note: Draft only. Review before applying to provinces_birlesim.png or final definition outputs."
"63","93,51,206","93,51,206","16,240,240","orijinal","modlu","modlu_kalan","9957","Siob KÃ¶l","F:\Storage\Codding\git\Crusader Kings III\Leviathonlx MoreBookmarks-Plus\BookmarksGit\analysis\generated\rgb_conflict_previews\rgb_93_51_206_modlu.png","9957","Siob KÃ¶l","9941","Goryeo_Yanggwan_Nampo","locked_from_existing_draft","locked_from_existing_draft","Promoted from rgb_mapping_draft.csv as the final preserve_old_ids staging mapping.","Locked from rgb_mapping_draft.csv for final preserve_old_ids staging. Original draft note: Draft only. Review before applying to provinces_birlesim.png or final definition outputs."
"64","9,60,80","9,60,80","48,16,16","orijinal","modlu","modlu_kalan","9960","Suqian Lake","F:\Storage\Codding\git\Crusader Kings III\Leviathonlx MoreBookmarks-Plus\BookmarksGit\analysis\generated\rgb_conflict_previews\rgb_9_60_80_modlu.png","9960","Suqian Lake","9942","Goryeo_Yanggwan_Buseong","locked_from_existing_draft","locked_from_existing_draft","Promoted from rgb_mapping_draft.csv as the final preserve_old_ids staging mapping.","Locked from rgb_mapping_draft.csv for final preserve_old_ids staging. Original draft note: Draft only. Review before applying to provinces_birlesim.png or final definition outputs."
"65","51,63,208","51,63,208","48,16,48","orijinal","modlu","modlu_kalan","9961","Ngoring Lake","F:\Storage\Codding\git\Crusader Kings III\Leviathonlx MoreBookmarks-Plus\BookmarksGit\analysis\generated\rgb_conflict_previews\rgb_51_63_208_modlu.png","9961","Ngoring Lake","9943","Goryeo_Yanggwan_Guseong","locked_from_existing_draft","locked_from_existing_draft","Promoted from rgb_mapping_draft.csv as the final preserve_old_ids staging mapping.","Locked from rgb_mapping_draft.csv for final preserve_old_ids staging. Original draft note: Draft only. Review before applying to provinces_birlesim.png or final definition outputs."
"66","93,66,81","93,66,81","48,16,80","orijinal","modlu","modlu_kalan","9962","Gyaring Lake","F:\Storage\Codding\git\Crusader Kings III\Leviathonlx MoreBookmarks-Plus\BookmarksGit\analysis\generated\rgb_conflict_previews\rgb_93_66_81_modlu.png","9962","Gyaring Lake","9944","Goryeo_Yanggwan_Yesan","locked_from_existing_draft","locked_from_existing_draft","Promoted from rgb_mapping_draft.csv as the final preserve_old_ids staging mapping.","Locked from rgb_mapping_draft.csv for final preserve_old_ids staging. Original draft note: Draft only. Review before applying to provinces_birlesim.png or final definition outputs."
"67","51,78,83","51,78,83","48,16,112","orijinal","modlu","modlu_kalan","9966","Lake Aqqikkol","F:\Storage\Codding\git\Crusader Kings III\Leviathonlx MoreBookmarks-Plus\BookmarksGit\analysis\generated\rgb_conflict_previews\rgb_51_78_83_modlu.png","9966","Lake Aqqikkol","9946","Goryeo_Yanggwan_Dangseong","locked_from_existing_draft","locked_from_existing_draft","Promoted from rgb_mapping_draft.csv as the final preserve_old_ids staging mapping.","Locked from rgb_mapping_draft.csv for final preserve_old_ids staging. Original draft note: Draft only. Review before applying to provinces_birlesim.png or final definition outputs."
"68","93,81,211","93,81,211","48,16,144","orijinal","modlu","modlu_kalan","9967","Lake Jingyu","F:\Storage\Codding\git\Crusader Kings III\Leviathonlx MoreBookmarks-Plus\BookmarksGit\analysis\generated\rgb_conflict_previews\rgb_93_81_211_modlu.png","9967","Lake Jingyu","9947","Goryeo_Yanggwan_Anseong","locked_from_existing_draft","locked_from_existing_draft","Promoted from rgb_mapping_draft.csv as the final preserve_old_ids staging mapping.","Locked from rgb_mapping_draft.csv for final preserve_old_ids staging. Original draft note: Draft only. Review before applying to provinces_birlesim.png or final definition outputs."
"69","135,84,84","135,84,84","48,16,176","orijinal","modlu","modlu_kalan","9968","Yamdrok Yumtso","F:\Storage\Codding\git\Crusader Kings III\Leviathonlx MoreBookmarks-Plus\BookmarksGit\analysis\generated\rgb_conflict_previews\rgb_135_84_84_modlu.png","9968","Yamdrok Yumtso","9948","Goryeo_Yanggwan_Jukju","locked_from_existing_draft","locked_from_existing_draft","Promoted from rgb_mapping_draft.csv as the final preserve_old_ids staging mapping.","Locked from rgb_mapping_draft.csv for final preserve_old_ids staging. Original draft note: Draft only. Review before applying to provinces_birlesim.png or final definition outputs."
"70","93,96,86","93,96,86","48,16,208","orijinal","modlu","modlu_kalan","9972","Neri Punco","F:\Storage\Codding\git\Crusader Kings III\Leviathonlx MoreBookmarks-Plus\BookmarksGit\analysis\generated\rgb_conflict_previews\rgb_93_96_86_modlu.png","9972","Neri Punco","9956","Goryeo_Jeolla_Jindo","locked_from_existing_draft","locked_from_existing_draft","Promoted from rgb_mapping_draft.csv as the final preserve_old_ids staging mapping.","Locked from rgb_mapping_draft.csv for final preserve_old_ids staging. Original draft note: Draft only. Review before applying to provinces_birlesim.png or final definition outputs."
"71","177,102,87","177,102,87","48,16,240","orijinal","modlu","modlu_kalan","9974","Pung Co","F:\Storage\Codding\git\Crusader Kings III\Leviathonlx MoreBookmarks-Plus\BookmarksGit\analysis\generated\rgb_conflict_previews\rgb_177_102_87_modlu.png","9974","Pung Co","9950","Goryeo_Jeolla_Mokpo","locked_from_existing_draft","locked_from_existing_draft","Promoted from rgb_mapping_draft.csv as the final preserve_old_ids staging mapping.","Locked from rgb_mapping_draft.csv for final preserve_old_ids staging. Original draft note: Draft only. Review before applying to provinces_birlesim.png or final definition outputs."
"72","9,105,215","9,105,215","48,48,16","orijinal","modlu","modlu_kalan","9975","Cona","F:\Storage\Codding\git\Crusader Kings III\Leviathonlx MoreBookmarks-Plus\BookmarksGit\analysis\generated\rgb_conflict_previews\rgb_9_105_215_modlu.png","9975","Cona","9949","Goryeo_Jeolla_Hampyeong","locked_from_existing_draft","locked_from_existing_draft","Promoted from rgb_mapping_draft.csv as the final preserve_old_ids staging mapping.","Locked from rgb_mapping_draft.csv for final preserve_old_ids staging. Original draft note: Draft only. Review before applying to provinces_birlesim.png or final definition outputs."
"73","51,108,88","51,108,88","48,48,48","orijinal","modlu","modlu_kalan","9976","Zigetangcuo Lake","F:\Storage\Codding\git\Crusader Kings III\Leviathonlx MoreBookmarks-Plus\BookmarksGit\analysis\generated\rgb_conflict_previews\rgb_51_108_88_modlu.png","9976","Zigetangcuo Lake","9951","Goryeo_Jeolla_Yeonggwang","locked_from_existing_draft","locked_from_existing_draft","Promoted from rgb_mapping_draft.csv as the final preserve_old_ids staging mapping.","Locked from rgb_mapping_draft.csv for final preserve_old_ids staging. Original draft note: Draft only. Review before applying to provinces_birlesim.png or final definition outputs."
"74","93,111,216","93,111,216","48,48,80","orijinal","modlu","modlu_kalan","9977","Ringco Kongma","F:\Storage\Codding\git\Crusader Kings III\Leviathonlx MoreBookmarks-Plus\BookmarksGit\analysis\generated\rgb_conflict_previews\rgb_93_111_216_modlu.png","9977","Ringco Kongma","9952","Goryeo_Jeolla_Gangseong","locked_from_existing_draft","locked_from_existing_draft","Promoted from rgb_mapping_draft.csv as the final preserve_old_ids staging mapping.","Locked from rgb_mapping_draft.csv for final preserve_old_ids staging. Original draft note: Draft only. Review before applying to provinces_birlesim.png or final definition outputs."
"75","135,114,89","135,114,89","48,48,112","orijinal","modlu","modlu_kalan","9978","Gomang Co","F:\Storage\Codding\git\Crusader Kings III\Leviathonlx MoreBookmarks-Plus\BookmarksGit\analysis\generated\rgb_conflict_previews\rgb_135_114_89_modlu.png","9978","Gomang Co","9953","Goryeo_Jeolla_Jeonju","locked_from_existing_draft","locked_from_existing_draft","Promoted from rgb_mapping_draft.csv as the final preserve_old_ids staging mapping.","Locked from rgb_mapping_draft.csv for final preserve_old_ids staging. Original draft note: Draft only. Review before applying to provinces_birlesim.png or final definition outputs."
"76","51,123,218","51,123,218","48,48,144","orijinal","modlu","modlu_kalan","9981","Angda'er Co","F:\Storage\Codding\git\Crusader Kings III\Leviathonlx MoreBookmarks-Plus\BookmarksGit\analysis\generated\rgb_conflict_previews\rgb_51_123_218_modlu.png","9981","Angda'er Co","9954","Goryeo_Jeolla_Jangheung","locked_from_existing_draft","locked_from_existing_draft","Promoted from rgb_mapping_draft.csv as the final preserve_old_ids staging mapping.","Locked from rgb_mapping_draft.csv for final preserve_old_ids staging. Original draft note: Draft only. Review before applying to provinces_birlesim.png or final definition outputs."
"77","93,126,91","93,126,91","48,48,176","orijinal","modlu","modlu_kalan","9982","Gyaring Co","F:\Storage\Codding\git\Crusader Kings III\Leviathonlx MoreBookmarks-Plus\BookmarksGit\analysis\generated\rgb_conflict_previews\rgb_93_126_91_modlu.png","9982","Gyaring Co","9955","Goryeo_Jeolla_Donggang","locked_from_existing_draft","locked_from_existing_draft","Promoted from rgb_mapping_draft.csv as the final preserve_old_ids staging mapping.","Locked from rgb_mapping_draft.csv for final preserve_old_ids staging. Original draft note: Draft only. Review before applying to provinces_birlesim.png or final definition outputs."
"78","177,132,92","177,132,92","48,48,240","orijinal","modlu","modlu_kalan","9984","Urru Co","F:\Storage\Codding\git\Crusader Kings III\Leviathonlx MoreBookmarks-Plus\BookmarksGit\analysis\generated\rgb_conflict_previews\rgb_177_132_92_modlu.png","9984","Urru Co","9957","Goryeo_Jeolla_Jindong","locked_from_existing_draft","locked_from_existing_draft","Promoted from rgb_mapping_draft.csv as the final preserve_old_ids staging mapping.","Locked from rgb_mapping_draft.csv for final preserve_old_ids staging. Original draft note: Draft only. Review before applying to provinces_birlesim.png or final definition outputs."
"79","9,135,220","9,135,220","48,80,16","orijinal","modlu","modlu_kalan","9985","Norma Co","F:\Storage\Codding\git\Crusader Kings III\Leviathonlx MoreBookmarks-Plus\BookmarksGit\analysis\generated\rgb_conflict_previews\rgb_9_135_220_modlu.png","9985","Norma Co","9958","Goryeo_Jeolla_Jillye","locked_from_existing_draft","locked_from_existing_draft","Promoted from rgb_mapping_draft.csv as the final preserve_old_ids staging mapping.","Locked from rgb_mapping_draft.csv for final preserve_old_ids staging. Original draft note: Draft only. Review before applying to provinces_birlesim.png or final definition outputs."
"80","51,138,93","51,138,93","48,80,48","orijinal","modlu","modlu_kalan","9986","DagzÃª Co","F:\Storage\Codding\git\Crusader Kings III\Leviathonlx MoreBookmarks-Plus\BookmarksGit\analysis\generated\rgb_conflict_previews\rgb_51_138_93_modlu.png","9986","DagzÃª Co","9959","Goryeo_Jeolla_Mupung","locked_from_existing_draft","locked_from_existing_draft","Promoted from rgb_mapping_draft.csv as the final preserve_old_ids staging mapping.","Locked from rgb_mapping_draft.csv for final preserve_old_ids staging. Original draft note: Draft only. Review before applying to provinces_birlesim.png or final definition outputs."
"81","9,150,95","9,150,95","48,80,80","orijinal","modlu","modlu_kalan","9990","Mucuobingni","F:\Storage\Codding\git\Crusader Kings III\Leviathonlx MoreBookmarks-Plus\BookmarksGit\analysis\generated\rgb_conflict_previews\rgb_9_150_95_modlu.png","9990","Mucuobingni","9960","Goryeo_Jeolla_Jinan","locked_from_existing_draft","locked_from_existing_draft","Promoted from rgb_mapping_draft.csv as the final preserve_old_ids staging mapping.","Locked from rgb_mapping_draft.csv for final preserve_old_ids staging. Original draft note: Draft only. Review before applying to provinces_birlesim.png or final definition outputs."
"82","93,156,96","93,156,96","48,80,112","orijinal","modlu","modlu_kalan","9992","Paiku Co","F:\Storage\Codding\git\Crusader Kings III\Leviathonlx MoreBookmarks-Plus\BookmarksGit\analysis\generated\rgb_conflict_previews\rgb_93_156_96_modlu.png","9992","Paiku Co","9961","Goryeo_Jeolla_Namwon","locked_from_existing_draft","locked_from_existing_draft","Promoted from rgb_mapping_draft.csv as the final preserve_old_ids staging mapping.","Locked from rgb_mapping_draft.csv for final preserve_old_ids staging. Original draft note: Draft only. Review before applying to provinces_birlesim.png or final definition outputs."
"83","135,159,224","135,159,224","48,80,144","orijinal","modlu","modlu_kalan","9993","Dawa Lake","F:\Storage\Codding\git\Crusader Kings III\Leviathonlx MoreBookmarks-Plus\BookmarksGit\analysis\generated\rgb_conflict_previews\rgb_135_159_224_modlu.png","9993","Dawa Lake","9962","Goryeo_Jeolla_Imsil","locked_from_existing_draft","locked_from_existing_draft","Promoted from rgb_mapping_draft.csv as the final preserve_old_ids staging mapping.","Locked from rgb_mapping_draft.csv for final preserve_old_ids staging. Original draft note: Draft only. Review before applying to provinces_birlesim.png or final definition outputs."
"84","9,165,225","9,165,225","48,80,176","orijinal","modlu","modlu_kalan","9995","Taro Tso","F:\Storage\Codding\git\Crusader Kings III\Leviathonlx MoreBookmarks-Plus\BookmarksGit\analysis\generated\rgb_conflict_previews\rgb_9_165_225_modlu.png","9995","Taro Tso","9963","Goryeo_Jeolla_Seungpyeong","locked_from_existing_draft","locked_from_existing_draft","Promoted from rgb_mapping_draft.csv as the final preserve_old_ids staging mapping.","Locked from rgb_mapping_draft.csv for final preserve_old_ids staging. Original draft note: Draft only. Review before applying to provinces_birlesim.png or final definition outputs."
"85","93,171,226","93,171,226","48,80,208","orijinal","modlu","modlu_kalan","9997","Rinchen Shuptso","F:\Storage\Codding\git\Crusader Kings III\Leviathonlx MoreBookmarks-Plus\BookmarksGit\analysis\generated\rgb_conflict_previews\rgb_93_171_226_modlu.png","9997","Rinchen Shuptso","9964","Goryeo_Jeolla_Boseong","locked_from_existing_draft","locked_from_existing_draft","Promoted from rgb_mapping_draft.csv as the final preserve_old_ids staging mapping.","Locked from rgb_mapping_draft.csv for final preserve_old_ids staging. Original draft note: Draft only. Review before applying to provinces_birlesim.png or final definition outputs."
"86","135,174,99","135,174,99","48,80,240","orijinal","modlu","modlu_kalan","9998","Ang Laren","F:\Storage\Codding\git\Crusader Kings III\Leviathonlx MoreBookmarks-Plus\BookmarksGit\analysis\generated\rgb_conflict_previews\rgb_135_174_99_modlu.png","9998","Ang Laren","9965","Goryeo_Jeolla_Heungyang","locked_from_existing_draft","locked_from_existing_draft","Promoted from rgb_mapping_draft.csv as the final preserve_old_ids staging mapping.","Locked from rgb_mapping_draft.csv for final preserve_old_ids staging. Original draft note: Draft only. Review before applying to provinces_birlesim.png or final definition outputs."
"87","177,177,227","177,177,227","48,112,16","orijinal","modlu","modlu_kalan","9999","Lagkor Co","F:\Storage\Codding\git\Crusader Kings III\Leviathonlx MoreBookmarks-Plus\BookmarksGit\analysis\generated\rgb_conflict_previews\rgb_177_177_227_modlu.png","9999","Lagkor Co","9966","Goryeo_Jeolla_Neungseong","locked_from_existing_draft","locked_from_existing_draft","Promoted from rgb_mapping_draft.csv as the final preserve_old_ids staging mapping.","Locked from rgb_mapping_draft.csv for final preserve_old_ids staging. Original draft note: Draft only. Review before applying to provinces_birlesim.png or final definition outputs."
"88","136,189,129","136,189,129","48,112,48","orijinal","modlu","modlu_kalan","10003","Dorsoidong Co","F:\Storage\Codding\git\Crusader Kings III\Leviathonlx MoreBookmarks-Plus\BookmarksGit\analysis\generated\rgb_conflict_previews\rgb_136_189_129_modlu.png","10003","Dorsoidong Co","9967","Goryeo_Jeolla_Haeyang","locked_from_existing_draft","locked_from_existing_draft","Promoted from rgb_mapping_draft.csv as the final preserve_old_ids staging mapping.","Locked from rgb_mapping_draft.csv for final preserve_old_ids staging. Original draft note: Draft only. Review before applying to provinces_birlesim.png or final definition outputs."
"89","178,192,2","178,192,2","48,112,80","orijinal","modlu","modlu_kalan","10004","Pongyin Co","F:\Storage\Codding\git\Crusader Kings III\Leviathonlx MoreBookmarks-Plus\BookmarksGit\analysis\generated\rgb_conflict_previews\rgb_178_192_2_modlu.png","10004","Pongyin Co","9968","GORYEO_TAEBAEK_MOUNTAINS","locked_from_existing_draft","locked_from_existing_draft","Promoted from rgb_mapping_draft.csv as the final preserve_old_ids staging mapping.","Locked from rgb_mapping_draft.csv for final preserve_old_ids staging. Original draft note: Draft only. Review before applying to provinces_birlesim.png or final definition outputs."
"90","10,195,130","10,195,130","48,112,112","orijinal","modlu","modlu_kalan","10005","Linggo Co","F:\Storage\Codding\git\Crusader Kings III\Leviathonlx MoreBookmarks-Plus\BookmarksGit\analysis\generated\rgb_conflict_previews\rgb_10_195_130_modlu.png","10005","Linggo Co","9969","Goryeo_Tamna_WestTamna","locked_from_existing_draft","locked_from_existing_draft","Promoted from rgb_mapping_draft.csv as the final preserve_old_ids staging mapping.","Locked from rgb_mapping_draft.csv for final preserve_old_ids staging. Original draft note: Draft only. Review before applying to provinces_birlesim.png or final definition outputs."
"91","52,198,3","52,198,3","48,112,144","orijinal","modlu","modlu_kalan","10006","Wulanwula Lake","F:\Storage\Codding\git\Crusader Kings III\Leviathonlx MoreBookmarks-Plus\BookmarksGit\analysis\generated\rgb_conflict_previews\rgb_52_198_3_modlu.png","10006","Wulanwula Lake","9970","Goryeo_Gyeongsang_Janggi","locked_from_existing_draft","locked_from_existing_draft","Promoted from rgb_mapping_draft.csv as the final preserve_old_ids staging mapping.","Locked from rgb_mapping_draft.csv for final preserve_old_ids staging. Original draft note: Draft only. Review before applying to provinces_birlesim.png or final definition outputs."
"92","94,201,131","94,201,131","48,112,176","orijinal","modlu","modlu_kalan","10007","Mingjing Lake","F:\Storage\Codding\git\Crusader Kings III\Leviathonlx MoreBookmarks-Plus\BookmarksGit\analysis\generated\rgb_conflict_previews\rgb_94_201_131_modlu.png","10007","Mingjing Lake","9971","Goryeo_Gyeongsang_Pyeonghae","locked_from_existing_draft","locked_from_existing_draft","Promoted from rgb_mapping_draft.csv as the final preserve_old_ids staging mapping.","Locked from rgb_mapping_draft.csv for final preserve_old_ids staging. Original draft note: Draft only. Review before applying to provinces_birlesim.png or final definition outputs."
"93","136,204,4","136,204,4","48,112,208","orijinal","modlu","modlu_kalan","10008","Xijir Ulan Lake","F:\Storage\Codding\git\Crusader Kings III\Leviathonlx MoreBookmarks-Plus\BookmarksGit\analysis\generated\rgb_conflict_previews\rgb_136_204_4_modlu.png","10008","Xijir Ulan Lake","9972","Goryeo_Gyeongsang_Yeju","locked_from_existing_draft","locked_from_existing_draft","Promoted from rgb_mapping_draft.csv as the final preserve_old_ids staging mapping.","Locked from rgb_mapping_draft.csv for final preserve_old_ids staging. Original draft note: Draft only. Review before applying to provinces_birlesim.png or final definition outputs."
"94","178,207,132","178,207,132","48,112,240","orijinal","modlu","modlu_kalan","10009","Hoh Xil Lake","F:\Storage\Codding\git\Crusader Kings III\Leviathonlx MoreBookmarks-Plus\BookmarksGit\analysis\generated\rgb_conflict_previews\rgb_178_207_132_modlu.png","10009","Hoh Xil Lake","9973","Goryeo_Gyeongsang_Gyeongju","locked_from_existing_draft","locked_from_existing_draft","Promoted from rgb_mapping_draft.csv as the final preserve_old_ids staging mapping.","Locked from rgb_mapping_draft.csv for final preserve_old_ids staging. Original draft note: Draft only. Review before applying to provinces_birlesim.png or final definition outputs."
"95","10,210,5","10,210,5","48,144,16","orijinal","modlu","modlu_kalan","10010","Zhuonai Lake","F:\Storage\Codding\git\Crusader Kings III\Leviathonlx MoreBookmarks-Plus\BookmarksGit\analysis\generated\rgb_conflict_previews\rgb_10_210_5_modlu.png","10010","Zhuonai Lake","9974","Goryeo_Gyeongsang_Ulju","locked_from_existing_draft","locked_from_existing_draft","Promoted from rgb_mapping_draft.csv as the final preserve_old_ids staging mapping.","Locked from rgb_mapping_draft.csv for final preserve_old_ids staging. Original draft note: Draft only. Review before applying to provinces_birlesim.png or final definition outputs."
"96","52,0,133","52,0,133","48,144,80","orijinal","modlu","modlu_kalan","10011","Kusai Lake","F:\Storage\Codding\git\Crusader Kings III\Leviathonlx MoreBookmarks-Plus\BookmarksGit\analysis\generated\rgb_conflict_previews\rgb_52_0_133_modlu.png","10011","Kusai Lake","9975","Goryeo_Gyeongsang_Gijang","locked_from_existing_draft","locked_from_existing_draft","Promoted from rgb_mapping_draft.csv as the final preserve_old_ids staging mapping.","Locked from rgb_mapping_draft.csv for final preserve_old_ids staging. Original draft note: Draft only. Review before applying to provinces_birlesim.png or final definition outputs."
"97","136,6,134","136,6,134","48,144,112","orijinal","modlu","modlu_kalan","10013","Lexie Wudan Lake","F:\Storage\Codding\git\Crusader Kings III\Leviathonlx MoreBookmarks-Plus\BookmarksGit\analysis\generated\rgb_conflict_previews\rgb_136_6_134_modlu.png","10013","Lexie Wudan Lake","9976","Goryeo_Gyeongsang_Cheongdo","locked_from_existing_draft","locked_from_existing_draft","Promoted from rgb_mapping_draft.csv as the final preserve_old_ids staging mapping.","Locked from rgb_mapping_draft.csv for final preserve_old_ids staging. Original draft note: Draft only. Review before applying to provinces_birlesim.png or final definition outputs."
"98","52,15,8","52,15,8","48,144,144","orijinal","modlu","modlu_kalan","10016","Xuemei Lake","F:\Storage\Codding\git\Crusader Kings III\Leviathonlx MoreBookmarks-Plus\BookmarksGit\analysis\generated\rgb_conflict_previews\rgb_52_15_8_modlu.png","10016","Xuemei Lake","9977","Goryeo_Gyeongsang_Jaesan","locked_from_existing_draft","locked_from_existing_draft","Promoted from rgb_mapping_draft.csv as the final preserve_old_ids staging mapping.","Locked from rgb_mapping_draft.csv for final preserve_old_ids staging. Original draft note: Draft only. Review before applying to provinces_birlesim.png or final definition outputs."
"99","178,24,137","178,24,137","48,144,176","orijinal","modlu","modlu_kalan","10019","Amtogor Lake","F:\Storage\Codding\git\Crusader Kings III\Leviathonlx MoreBookmarks-Plus\BookmarksGit\analysis\generated\rgb_conflict_previews\rgb_178_24_137_modlu.png","10019","Amtogor Lake","9978","Goryeo_Gyeongsang_Sunan","locked_from_existing_draft","locked_from_existing_draft","Promoted from rgb_mapping_draft.csv as the final preserve_old_ids staging mapping.","Locked from rgb_mapping_draft.csv for final preserve_old_ids staging. Original draft note: Draft only. Review before applying to provinces_birlesim.png or final definition outputs."
"100","10,27,10","10,27,10","48,144,208","orijinal","modlu","modlu_kalan","10020","Longmu Co","F:\Storage\Codding\git\Crusader Kings III\Leviathonlx MoreBookmarks-Plus\BookmarksGit\analysis\generated\rgb_conflict_previews\rgb_10_27_10_modlu.png","10020","Longmu Co","9979","Goryeo_Gyeongsang_Andong","locked_from_existing_draft","locked_from_existing_draft","Promoted from rgb_mapping_draft.csv as the final preserve_old_ids staging mapping.","Locked from rgb_mapping_draft.csv for final preserve_old_ids staging. Original draft note: Draft only. Review before applying to provinces_birlesim.png or final definition outputs."
"101","52,30,138","52,30,138","48,144,240","orijinal","modlu","modlu_kalan","10021","Chem Co","F:\Storage\Codding\git\Crusader Kings III\Leviathonlx MoreBookmarks-Plus\BookmarksGit\analysis\generated\rgb_conflict_previews\rgb_52_30_138_modlu.png","10021","Chem Co","9980","Goryeo_Gyeongsang_Hadong","locked_from_existing_draft","locked_from_existing_draft","Promoted from rgb_mapping_draft.csv as the final preserve_old_ids staging mapping.","Locked from rgb_mapping_draft.csv for final preserve_old_ids staging. Original draft note: Draft only. Review before applying to provinces_birlesim.png or final definition outputs."
"102","136,36,139","136,36,139","48,176,16","orijinal","modlu","modlu_kalan","10023","Lumajangdong Co","F:\Storage\Codding\git\Crusader Kings III\Leviathonlx MoreBookmarks-Plus\BookmarksGit\analysis\generated\rgb_conflict_previews\rgb_136_36_139_modlu.png","10023","Lumajangdong Co","9981","Goryeo_Gyeongsang_Jinju","locked_from_existing_draft","locked_from_existing_draft","Promoted from rgb_mapping_draft.csv as the final preserve_old_ids staging mapping.","Locked from rgb_mapping_draft.csv for final preserve_old_ids staging. Original draft note: Draft only. Review before applying to provinces_birlesim.png or final definition outputs."
"103","178,39,12","178,39,12","48,176,48","orijinal","modlu","modlu_kalan","10024","Aru Co","F:\Storage\Codding\git\Crusader Kings III\Leviathonlx MoreBookmarks-Plus\BookmarksGit\analysis\generated\rgb_conflict_previews\rgb_178_39_12_modlu.png","10024","Aru Co","9982","Goryeo_Gyeongsang_Geoje","locked_from_existing_draft","locked_from_existing_draft","Promoted from rgb_mapping_draft.csv as the final preserve_old_ids staging mapping.","Locked from rgb_mapping_draft.csv for final preserve_old_ids staging. Original draft note: Draft only. Review before applying to provinces_birlesim.png or final definition outputs."
"104","52,45,13","52,45,13","48,176,80","orijinal","modlu","modlu_kalan","10026","Luotuo Co","F:\Storage\Codding\git\Crusader Kings III\Leviathonlx MoreBookmarks-Plus\BookmarksGit\analysis\generated\rgb_conflict_previews\rgb_52_45_13_modlu.png","10026","Luotuo Co","9983","Goryeo_Gyeongsang_Boryeong","locked_from_existing_draft","locked_from_existing_draft","Promoted from rgb_mapping_draft.csv as the final preserve_old_ids staging mapping.","Locked from rgb_mapping_draft.csv for final preserve_old_ids staging. Original draft note: Draft only. Review before applying to provinces_birlesim.png or final definition outputs."
"105","10,57,15","10,57,15","48,176,112","orijinal","modlu","modlu_kalan","10030","Maharloo Lake","F:\Storage\Codding\git\Crusader Kings III\Leviathonlx MoreBookmarks-Plus\BookmarksGit\analysis\generated\rgb_conflict_previews\rgb_10_57_15_modlu.png","10030","Maharloo Lake","9984","Goryeo_Gyeongsang_Sangju","locked_from_existing_draft","locked_from_existing_draft","Promoted from rgb_mapping_draft.csv as the final preserve_old_ids staging mapping.","Locked from rgb_mapping_draft.csv for final preserve_old_ids staging. Original draft note: Draft only. Review before applying to provinces_birlesim.png or final definition outputs."
"106","94,63,16","94,63,16","48,176,144","modlu","orijinal","orijinal_dogu","9985","Goryeo_Gyeongsang_Dian","F:\Storage\Codding\git\Crusader Kings III\Leviathonlx MoreBookmarks-Plus\BookmarksGit\analysis\generated\rgb_conflict_previews\rgb_94_63_16_orijinal.png","10032","Lake Urmia","9985","Goryeo_Gyeongsang_Dian","locked_from_existing_draft","locked_from_existing_draft","Promoted from rgb_mapping_draft.csv as the final preserve_old_ids staging mapping.","Locked from rgb_mapping_draft.csv for final preserve_old_ids staging. Original draft note: Draft only. Review before applying to provinces_birlesim.png or final definition outputs."
"107","136,66,144","136,66,144","48,176,176","modlu","orijinal","orijinal_dogu","9986","Goryeo_Gyeongsang_Giju","F:\Storage\Codding\git\Crusader Kings III\Leviathonlx MoreBookmarks-Plus\BookmarksGit\analysis\generated\rgb_conflict_previews\rgb_136_66_144_orijinal.png","10033","Lake Van","9986","Goryeo_Gyeongsang_Giju","locked_from_existing_draft","locked_from_existing_draft","Promoted from rgb_mapping_draft.csv as the final preserve_old_ids staging mapping.","Locked from rgb_mapping_draft.csv for final preserve_old_ids staging. Original draft note: Draft only. Review before applying to provinces_birlesim.png or final definition outputs."
"108","178,69,17","178,69,17","48,176,208","orijinal","modlu","modlu_kalan","10034","Lake ErÃ§ek","F:\Storage\Codding\git\Crusader Kings III\Leviathonlx MoreBookmarks-Plus\BookmarksGit\analysis\generated\rgb_conflict_previews\rgb_178_69_17_modlu.png","10034","Lake ErÃ§ek","9987","Goryeo_Gyeongsang_Hamyang","locked_from_existing_draft","locked_from_existing_draft","Promoted from rgb_mapping_draft.csv as the final preserve_old_ids staging mapping.","Locked from rgb_mapping_draft.csv for final preserve_old_ids staging. Original draft note: Draft only. Review before applying to provinces_birlesim.png or final definition outputs."
"109","10,72,145","10,72,145","48,176,240","orijinal","modlu","modlu_kalan","10035","Lake Sevan","F:\Storage\Codding\git\Crusader Kings III\Leviathonlx MoreBookmarks-Plus\BookmarksGit\analysis\generated\rgb_conflict_previews\rgb_10_72_145_modlu.png","10035","Lake Sevan","9988","Goryeo_Gyeongsang_Geochang","locked_from_existing_draft","locked_from_existing_draft","Promoted from rgb_mapping_draft.csv as the final preserve_old_ids staging mapping.","Locked from rgb_mapping_draft.csv for final preserve_old_ids staging. Original draft note: Draft only. Review before applying to provinces_birlesim.png or final definition outputs."
"110","52,75,18","52,75,18","48,208,16","orijinal","modlu","modlu_kalan","10036","Lake Ã‡Ä±ldÄ±r","F:\Storage\Codding\git\Crusader Kings III\Leviathonlx MoreBookmarks-Plus\BookmarksGit\analysis\generated\rgb_conflict_previews\rgb_52_75_18_modlu.png","10036","Lake Ã‡Ä±ldÄ±r","9989","Goryeo_Gyeongsang_Gyeongsanbu","locked_from_existing_draft","locked_from_existing_draft","Promoted from rgb_mapping_draft.csv as the final preserve_old_ids staging mapping.","Locked from rgb_mapping_draft.csv for final preserve_old_ids staging. Original draft note: Draft only. Review before applying to provinces_birlesim.png or final definition outputs."
"111","94,78,146","94,78,146","48,208,48","orijinal","modlu","modlu_kalan","10037","Lake Yay","F:\Storage\Codding\git\Crusader Kings III\Leviathonlx MoreBookmarks-Plus\BookmarksGit\analysis\generated\rgb_conflict_previews\rgb_94_78_146_modlu.png","10037","Lake Yay","9990","Goryeo_Gyeongsang_Hapcheon","locked_from_existing_draft","locked_from_existing_draft","Promoted from rgb_mapping_draft.csv as the final preserve_old_ids staging mapping.","Locked from rgb_mapping_draft.csv for final preserve_old_ids staging. Original draft note: Draft only. Review before applying to provinces_birlesim.png or final definition outputs."
"112","136,81,19","136,81,19","48,208,80","modlu","orijinal","orijinal_dogu","9991","Goryeo_Gyeongsang_Ilseon","F:\Storage\Codding\git\Crusader Kings III\Leviathonlx MoreBookmarks-Plus\BookmarksGit\analysis\generated\rgb_conflict_previews\rgb_136_81_19_orijinal.png","10038","Lake Tatta","9991","Goryeo_Gyeongsang_Ilseon","locked_from_existing_draft","locked_from_existing_draft","Promoted from rgb_mapping_draft.csv as the final preserve_old_ids staging mapping.","Locked from rgb_mapping_draft.csv for final preserve_old_ids staging. Original draft note: Draft only. Review before applying to provinces_birlesim.png or final definition outputs."
"113","178,84,147","178,84,147","48,208,112","orijinal","modlu","modlu_kalan","10039","Lake Philomelion","F:\Storage\Codding\git\Crusader Kings III\Leviathonlx MoreBookmarks-Plus\BookmarksGit\analysis\generated\rgb_conflict_previews\rgb_178_84_147_modlu.png","10039","Lake Philomelion","9992","Goryeo_Gyeongsang_Gaeryeong","locked_from_existing_draft","locked_from_existing_draft","Promoted from rgb_mapping_draft.csv as the final preserve_old_ids staging mapping.","Locked from rgb_mapping_draft.csv for final preserve_old_ids staging. Original draft note: Draft only. Review before applying to provinces_birlesim.png or final definition outputs."
"114","52,90,148","52,90,148","48,208,144","orijinal","modlu","modlu_kalan","10041","Lake Akrotori","F:\Storage\Codding\git\Crusader Kings III\Leviathonlx MoreBookmarks-Plus\BookmarksGit\analysis\generated\rgb_conflict_previews\rgb_52_90_148_modlu.png","10041","Lake Akrotori","9993","Goryeo_Gyeongsang_Yeongju","locked_from_existing_draft","locked_from_existing_draft","Promoted from rgb_mapping_draft.csv as the final preserve_old_ids staging mapping.","Locked from rgb_mapping_draft.csv for final preserve_old_ids staging. Original draft note: Draft only. Review before applying to provinces_birlesim.png or final definition outputs."
"115","136,96,149","136,96,149","48,208,176","orijinal","modlu","modlu_kalan","10043","Lake Polydorion","F:\Storage\Codding\git\Crusader Kings III\Leviathonlx MoreBookmarks-Plus\BookmarksGit\analysis\generated\rgb_conflict_previews\rgb_136_96_149_modlu.png","10043","Lake Polydorion","9994","Goryeo_Gyeongsang_Yeongsan","locked_from_existing_draft","locked_from_existing_draft","Promoted from rgb_mapping_draft.csv as the final preserve_old_ids staging mapping.","Locked from rgb_mapping_draft.csv for final preserve_old_ids staging. Original draft note: Draft only. Review before applying to provinces_birlesim.png or final definition outputs."
"116","178,99,22","178,99,22","48,208,208","orijinal","modlu","modlu_kalan","10044","Lake Anaua","F:\Storage\Codding\git\Crusader Kings III\Leviathonlx MoreBookmarks-Plus\BookmarksGit\analysis\generated\rgb_conflict_previews\rgb_178_99_22_modlu.png","10044","Lake Anaua","9995","Goryeo_Gyeongsang_Chirwon","locked_from_existing_draft","locked_from_existing_draft","Promoted from rgb_mapping_draft.csv as the final preserve_old_ids staging mapping.","Locked from rgb_mapping_draft.csv for final preserve_old_ids staging. Original draft note: Draft only. Review before applying to provinces_birlesim.png or final definition outputs."
"117","52,105,23","52,105,23","48,208,240","orijinal","modlu","modlu_kalan","10046","Lake Yansli","F:\Storage\Codding\git\Crusader Kings III\Leviathonlx MoreBookmarks-Plus\BookmarksGit\analysis\generated\rgb_conflict_previews\rgb_52_105_23_modlu.png","10046","Lake Yansli","9869","Goryeo_Donggye_Ulleung","locked_from_existing_draft","locked_from_existing_draft","Promoted from rgb_mapping_draft.csv as the final preserve_old_ids staging mapping.","Locked from rgb_mapping_draft.csv for final preserve_old_ids staging. Original draft note: Draft only. Review before applying to provinces_birlesim.png or final definition outputs."
"118","94,108,151","94,108,151","48,240,16","orijinal","modlu","modlu_kalan","10047","Lake Kaunos","F:\Storage\Codding\git\Crusader Kings III\Leviathonlx MoreBookmarks-Plus\BookmarksGit\analysis\generated\rgb_conflict_previews\rgb_94_108_151_modlu.png","10047","Lake Kaunos","9868","Goryeo_Donggye_Yeju","locked_from_existing_draft","locked_from_existing_draft","Promoted from rgb_mapping_draft.csv as the final preserve_old_ids staging mapping.","Locked from rgb_mapping_draft.csv for final preserve_old_ids staging. Original draft note: Draft only. Review before applying to provinces_birlesim.png or final definition outputs."
