"target_path","source_province_id","target_province_id","source_file","status","message"
"","8606","8606","","missing_source_block","No source history block found in backup history/provinces."
"","8607","8607","","missing_source_block","No source history block found in backup history/provinces."
"","8608","8608","","missing_source_block","No source history block found in backup history/provinces."
"","8609","8609","","missing_source_block","No source history block found in backup history/provinces."
"","8610","8610","","missing_source_block","No source history block found in backup history/provinces."
"","8611","8611","","missing_source_block","No source history block found in backup history/provinces."
"","10134","1408","","missing_source_block","No source history block found in backup history/provinces."
"","11838","402","","missing_source_block","No source history block found in backup history/provinces."
"","11845","11502","","missing_source_block","No source history block found in backup history/provinces."
"F:\Storage\Codding\git\Crusader Kings III\Leviathonlx MoreBookmarks-Plus\BookmarksGit\history\provinces\00_MB_PROVINCES.txt","808","808","00_MB_PROVINCES.txt","applied","Exact source history block applied to target province ID."
"F:\Storage\Codding\git\Crusader Kings III\Leviathonlx MoreBookmarks-Plus\BookmarksGit\history\provinces\00_MB_PROVINCES.txt","811","811","00_MB_PROVINCES.txt","applied","Exact source history block applied to target province ID."
"F:\Storage\Codding\git\Crusader Kings III\Leviathonlx MoreBookmarks-Plus\BookmarksGit\history\provinces\00_MB_PROVINCES.txt","826","826","00_MB_PROVINCES.txt","applied","Exact source history block applied to target province ID."
"F:\Storage\Codding\git\Crusader Kings III\Leviathonlx MoreBookmarks-Plus\BookmarksGit\history\provinces\00_MB_PROVINCES.txt","827","827","00_MB_PROVINCES.txt","applied","Exact source history block applied to target province ID."
"F:\Storage\Codding\git\Crusader Kings III\Leviathonlx MoreBookmarks-Plus\BookmarksGit\history\provinces\00_MB_PROVINCES.txt","828","828","00_MB_PROVINCES.txt","applied","Exact source history block applied to target province ID."
"F:\Storage\Codding\git\Crusader Kings III\Leviathonlx MoreBookmarks-Plus\BookmarksGit\history\provinces\00_MB_PROVINCES.txt","829","829","00_MB_PROVINCES.txt","applied","Exact source history block applied to target province ID."
"F:\Storage\Codding\git\Crusader Kings III\Leviathonlx MoreBookmarks-Plus\BookmarksGit\history\provinces\00_MB_PROVINCES.txt","830","830","00_MB_PROVINCES.txt","applied","Exact source history block applied to target province ID."
"F:\Storage\Codding\git\Crusader Kings III\Leviathonlx MoreBookmarks-Plus\BookmarksGit\history\provinces\00_MB_PROVINCES.txt","854","854","00_MB_PROVINCES.txt","applied","Exact source history block applied to target province ID."
"F:\Storage\Codding\git\Crusader Kings III\Leviathonlx MoreBookmarks-Plus\BookmarksGit\history\provinces\00_MB_PROVINCES.txt","8606","8606","","missing_source_block","No source history block found."
"F:\Storage\Codding\git\Crusader Kings III\Leviathonlx MoreBookmarks-Plus\BookmarksGit\history\provinces\00_MB_PROVINCES.txt","8607","8607","","missing_source_block","No source history block found."
"F:\Storage\Codding\git\Crusader Kings III\Leviathonlx MoreBookmarks-Plus\BookmarksGit\history\provinces\00_MB_PROVINCES.txt","8608","8608","","missing_source_block","No source history block found."
"F:\Storage\Codding\git\Crusader Kings III\Leviathonlx MoreBookmarks-Plus\BookmarksGit\history\provinces\00_MB_PROVINCES.txt","8609","8609","","missing_source_block","No source history block found."
"F:\Storage\Codding\git\Crusader Kings III\Leviathonlx MoreBookmarks-Plus\BookmarksGit\history\provinces\00_MB_PROVINCES.txt","8610","8610","","missing_source_block","No source history block found."
"F:\Storage\Codding\git\Crusader Kings III\Leviathonlx MoreBookmarks-Plus\BookmarksGit\history\provinces\00_MB_PROVINCES.txt","8611","8611","","missing_source_block","No source history block found."
"F:\Storage\Codding\git\Crusader Kings III\Leviathonlx MoreBookmarks-Plus\BookmarksGit\history\provinces\00_MB_PROVINCES.txt","8722","8722","00_MB_PROVINCES.txt","applied","Exact source history block applied to target province ID."
"F:\Storage\Codding\git\Crusader Kings III\Leviathonlx MoreBookmarks-Plus\BookmarksGit\history\provinces\00_MB_PROVINCES.txt","9168","9168","00_MB_PROVINCES.txt","applied","Exact source history block applied to target province ID."
"F:\Storage\Codding\git\Crusader Kings III\Leviathonlx MoreBookmarks-Plus\BookmarksGit\history\provinces\00_MB_PROVINCES.txt","9174","9174","00_MB_PROVINCES.txt","applied","Exact source history block applied to target province ID."
"F:\Storage\Codding\git\Crusader Kings III\Leviathonlx MoreBookmarks-Plus\BookmarksGit\history\provinces\00_MB_PROVINCES.txt","9175","9175","00_MB_PROVINCES.txt","applied","Exact source history block applied to target province ID."
"F:\Storage\Codding\git\Crusader Kings III\Leviathonlx MoreBookmarks-Plus\BookmarksGit\history\provinces\00_MB_PROVINCES.txt","9177","9177","00_MB_PROVINCES.txt","applied","Exact source history block applied to target province ID."
"F:\Storage\Codding\git\Crusader Kings III\Leviathonlx MoreBookmarks-Plus\BookmarksGit\history\provinces\00_MB_PROVINCES.txt","9281","9281","00_MB_PROVINCES.txt","applied","Exact source history block applied to target province ID."
"F:\Storage\Codding\git\Crusader Kings III\Leviathonlx MoreBookmarks-Plus\BookmarksGit\history\provinces\00_MB_PROVINCES.txt","9282","9282","00_MB_PROVINCES.txt","applied","Exact source history block applied to target province ID."
"F:\Storage\Codding\git\Crusader Kings III\Leviathonlx MoreBookmarks-Plus\BookmarksGit\history\provinces\00_MB_PROVINCES.txt","9283","9283","00_MB_PROVINCES.txt","applied","Exact source history block applied to target province ID."
"F:\Storage\Codding\git\Crusader Kings III\Leviathonlx MoreBookmarks-Plus\BookmarksGit\history\provinces\00_MB_PROVINCES.txt","9315","9315","00_MB_PROVINCES.txt","applied","Exact source history block applied to target province ID."
"F:\Storage\Codding\git\Crusader Kings III\Leviathonlx MoreBookmarks-Plus\BookmarksGit\history\provinces\00_MB_PROVINCES.txt","9316","9316","00_MB_PROVINCES.txt","applied","Exact source history block applied to target province ID."
"F:\Storage\Codding\git\Crusader Kings III\Leviathonlx MoreBookmarks-Plus\BookmarksGit\history\provinces\00_MB_PROVINCES.txt","9317","9317","00_MB_PROVINCES.txt","applied","Exact source history block applied to target province ID."
"F:\Storage\Codding\git\Crusader Kings III\Leviathonlx MoreBookmarks-Plus\BookmarksGit\history\provinces\00_MB_PROVINCES.txt","9318","9318","00_MB_PROVINCES.txt","applied","Exact source history block applied to target province ID."
"F:\Storage\Codding\git\Crusader Kings III\Leviathonlx MoreBookmarks-Plus\BookmarksGit\history\provinces\00_MB_PROVINCES.txt","9319","9319","00_MB_PROVINCES.txt","applied","Exact source history block applied to target province ID."
"F:\Storage\Codding\git\Crusader Kings III\Leviathonlx MoreBookmarks-Plus\BookmarksGit\history\provinces\00_MB_PROVINCES.txt","9320","9320","00_MB_PROVINCES.txt","applied","Exact source history block applied to target province ID."
"F:\Storage\Codding\git\Crusader Kings III\Leviathonlx MoreBookmarks-Plus\BookmarksGit\history\provinces\00_MB_PROVINCES.txt","9321","9321","00_MB_PROVINCES.txt","applied","Exact source history block applied to target province ID."
"F:\Storage\Codding\git\Crusader Kings III\Leviathonlx MoreBookmarks-Plus\BookmarksGit\history\provinces\00_MB_PROVINCES.txt","9322","9322","00_MB_PROVINCES.txt","applied","Exact source history block applied to target province ID."
"F:\Storage\Codding\git\Crusader Kings III\Leviathonlx MoreBookmarks-Plus\BookmarksGit\history\provinces\00_MB_PROVINCES.txt","9324","9324","00_MB_PROVINCES.txt","applied","Exact source history block applied to target province ID."
"F:\Storage\Codding\git\Crusader Kings III\Leviathonlx MoreBookmarks-Plus\BookmarksGit\history\provinces\00_MB_PROVINCES.txt","9328","9328","00_MB_PROVINCES.txt","applied","Exact source history block applied to target province ID."
"F:\Storage\Codding\git\Crusader Kings III\Leviathonlx MoreBookmarks-Plus\BookmarksGit\history\provinces\00_MB_PROVINCES.txt","9330","9330","00_MB_PROVINCES.txt","applied","Exact source history block applied to target province ID."
"F:\Storage\Codding\git\Crusader Kings III\Leviathonlx MoreBookmarks-Plus\BookmarksGit\history\provinces\00_MB_PROVINCES.txt","9331","9331","00_MB_PROVINCES.txt","applied","Exact source history block applied to target province ID."
"F:\Storage\Codding\git\Crusader Kings III\Leviathonlx MoreBookmarks-Plus\BookmarksGit\history\provinces\00_MB_PROVINCES.txt","9332","9332","00_MB_PROVINCES.txt","applied","Exact source history block applied to target province ID."
"F:\Storage\Codding\git\Crusader Kings III\Leviathonlx MoreBookmarks-Plus\BookmarksGit\history\provinces\00_MB_PROVINCES.txt","9333","9333","00_MB_PROVINCES.txt","applied","Exact source history block applied to target province ID."
"F:\Storage\Codding\git\Crusader Kings III\Leviathonlx MoreBookmarks-Plus\BookmarksGit\history\provinces\00_MB_PROVINCES.txt","9334","9334","00_MB_PROVINCES.txt","applied","Exact source history block applied to target province ID."
"F:\Storage\Codding\git\Crusader Kings III\Leviathonlx MoreBookmarks-Plus\BookmarksGit\history\provinces\00_MB_PROVINCES.txt","9353","9353","00_MB_PROVINCES.txt","applied","Exact source history block applied to target province ID."
"F:\Storage\Codding\git\Crusader Kings III\Leviathonlx MoreBookmarks-Plus\BookmarksGit\history\provinces\00_MB_PROVINCES.txt","9442","9442","00_MB_PROVINCES.txt","applied","Exact source history block applied to target province ID."
"F:\Storage\Codding\git\Crusader Kings III\Leviathonlx MoreBookmarks-Plus\BookmarksGit\history\provinces\00_MB_PROVINCES.txt","9443","9443","00_MB_PROVINCES.txt","applied","Exact source history block applied to target province ID."
"F:\Storage\Codding\git\Crusader Kings III\Leviathonlx MoreBookmarks-Plus\BookmarksGit\history\provinces\00_MB_PROVINCES.txt","9444","9444","00_MB_PROVINCES.txt","applied","Exact source history block applied to target province ID."
"F:\Storage\Codding\git\Crusader Kings III\Leviathonlx MoreBookmarks-Plus\BookmarksGit\history\provinces\00_MB_PROVINCES.txt","9445","9445","00_MB_PROVINCES.txt","applied","Exact source history block applied to target province ID."
"F:\Storage\Codding\git\Crusader Kings III\Leviathonlx MoreBookmarks-Plus\BookmarksGit\history\provinces\00_MB_PROVINCES.txt","9451","9451","00_MB_PROVINCES.txt","applied","Exact source history block applied to target province ID."
"F:\Storage\Codding\git\Crusader Kings III\Leviathonlx MoreBookmarks-Plus\BookmarksGit\history\provinces\00_MB_PROVINCES.txt","9453","9453","00_MB_PROVINCES.txt","applied","Exact source history block applied to target province ID."
"F:\Storage\Codding\git\Crusader Kings III\Leviathonlx MoreBookmarks-Plus\BookmarksGit\history\provinces\00_MB_PROVINCES.txt","9454","9454","00_MB_PROVINCES.txt","applied","Exact source history block applied to target province ID."
"F:\Storage\Codding\git\Crusader Kings III\Leviathonlx MoreBookmarks-Plus\BookmarksGit\history\provinces\00_MB_PROVINCES.txt","9455","9455","00_MB_PROVINCES.txt","applied","Exact source history block applied to target province ID."
"F:\Storage\Codding\git\Crusader Kings III\Leviathonlx MoreBookmarks-Plus\BookmarksGit\history\provinces\00_MB_PROVINCES.txt","9456","9456","00_MB_PROVINCES.txt","applied","Exact source history block applied to target province ID."
"F:\Storage\Codding\git\Crusader Kings III\Leviathonlx MoreBookmarks-Plus\BookmarksGit\history\provinces\00_MB_PROVINCES.txt","9457","9457","00_MB_PROVINCES.txt","applied","Exact source history block applied to target province ID."
"F:\Storage\Codding\git\Crusader Kings III\Leviathonlx MoreBookmarks-Plus\BookmarksGit\history\provinces\00_MB_PROVINCES.txt","9462","9462","00_MB_PROVINCES.txt","applied","Exact source history block applied to target province ID."
"F:\Storage\Codding\git\Crusader Kings III\Leviathonlx MoreBookmarks-Plus\BookmarksGit\history\provinces\00_MB_PROVINCES.txt","9463","9463","00_MB_PROVINCES.txt","applied","Exact source history block applied to target province ID."
"F:\Storage\Codding\git\Crusader Kings III\Leviathonlx MoreBookmarks-Plus\BookmarksGit\history\provinces\00_MB_PROVINCES.txt","9464","9464","00_MB_PROVINCES.txt","applied","Exact source history block applied to target province ID."
"F:\Storage\Codding\git\Crusader Kings III\Leviathonlx MoreBookmarks-Plus\BookmarksGit\history\provinces\00_MB_PROVINCES.txt","9466","9466","00_MB_PROVINCES.txt","applied","Exact source history block applied to target province ID."
"F:\Storage\Codding\git\Crusader Kings III\Leviathonlx MoreBookmarks-Plus\BookmarksGit\history\provinces\00_MB_PROVINCES.txt","9467","9467","00_MB_PROVINCES.txt","applied","Exact source history block applied to target province ID."
"F:\Storage\Codding\git\Crusader Kings III\Leviathonlx MoreBookmarks-Plus\BookmarksGit\history\provinces\00_MB_PROVINCES.txt","9525","9525","00_MB_PROVINCES.txt","applied","Exact source history block applied to target province ID."
"F:\Storage\Codding\git\Crusader Kings III\Leviathonlx MoreBookmarks-Plus\BookmarksGit\history\provinces\00_MB_PROVINCES.txt","9527","9527","00_MB_PROVINCES.txt","applied","Exact source history block applied to target province ID."
"F:\Storage\Codding\git\Crusader Kings III\Leviathonlx MoreBookmarks-Plus\BookmarksGit\history\provinces\00_MB_PROVINCES.txt","9528","9528","00_MB_PROVINCES.txt","applied","Exact source history block applied to target province ID."
"F:\Storage\Codding\git\Crusader Kings III\Leviathonlx MoreBookmarks-Plus\BookmarksGit\history\provinces\00_MB_PROVINCES.txt","9529","9529","00_MB_PROVINCES.txt","applied","Exact source history block applied to target province ID."
"F:\Storage\Codding\git\Crusader Kings III\Leviathonlx MoreBookmarks-Plus\BookmarksGit\history\provinces\00_MB_PROVINCES.txt","9530","9530","00_MB_PROVINCES.txt","applied","Exact source history block applied to target province ID."
"F:\Storage\Codding\git\Crusader Kings III\Leviathonlx MoreBookmarks-Plus\BookmarksGit\history\provinces\00_MB_PROVINCES.txt","9531","9531","00_MB_PROVINCES.txt","applied","Exact source history block applied to target province ID."
"F:\Storage\Codding\git\Crusader Kings III\Leviathonlx MoreBookmarks-Plus\BookmarksGit\history\provinces\00_MB_PROVINCES.txt","9537","9537","00_MB_PROVINCES.txt","applied","Exact source history block applied to target province ID."
"F:\Storage\Codding\git\Crusader Kings III\Leviathonlx MoreBookmarks-Plus\BookmarksGit\history\provinces\00_MB_PROVINCES.txt","9539","9539","00_MB_PROVINCES.txt","applied","Exact source history block applied to target province ID."
"F:\Storage\Codding\git\Crusader Kings III\Leviathonlx MoreBookmarks-Plus\BookmarksGit\history\provinces\00_MB_PROVINCES.txt","9551","9551","00_MB_PROVINCES.txt","applied","Exact source history block applied to target province ID."
"F:\Storage\Codding\git\Crusader Kings III\Leviathonlx MoreBookmarks-Plus\BookmarksGit\history\provinces\00_MB_PROVINCES.txt","9552","9552","00_MB_PROVINCES.txt","applied","Exact source history block applied to target province ID."
"F:\Storage\Codding\git\Crusader Kings III\Leviathonlx MoreBookmarks-Plus\BookmarksGit\history\provinces\00_MB_PROVINCES.txt","9556","9556","00_MB_PROVINCES.txt","applied","Exact source history block applied to target province ID."
"F:\Storage\Codding\git\Crusader Kings III\Leviathonlx MoreBookmarks-Plus\BookmarksGit\history\provinces\00_MB_PROVINCES.txt","9557","9557","00_MB_PROVINCES.txt","applied","Exact source history block applied to target province ID."
"F:\Storage\Codding\git\Crusader Kings III\Leviathonlx MoreBookmarks-Plus\BookmarksGit\history\provinces\00_MB_PROVINCES.txt","9558","9558","00_MB_PROVINCES.txt","applied","Exact source history block applied to target province ID."
"F:\Storage\Codding\git\Crusader Kings III\Leviathonlx MoreBookmarks-Plus\BookmarksGit\history\provinces\00_MB_PROVINCES.txt","9560","9560","00_MB_PROVINCES.txt","applied","Exact source history block applied to target province ID."
"F:\Storage\Codding\git\Crusader Kings III\Leviathonlx MoreBookmarks-Plus\BookmarksGit\history\provinces\00_MB_PROVINCES.txt","9561","9561","00_MB_PROVINCES.txt","applied","Exact source history block applied to target province ID."
"F:\Storage\Codding\git\Crusader Kings III\Leviathonlx MoreBookmarks-Plus\BookmarksGit\history\provinces\00_MB_PROVINCES.txt","9562","9562","00_MB_PROVINCES.txt","applied","Exact source history block applied to target province ID."
"F:\Storage\Codding\git\Crusader Kings III\Leviathonlx MoreBookmarks-Plus\BookmarksGit\history\provinces\00_MB_PROVINCES.txt","9564","9564","00_MB_PROVINCES.txt","applied","Exact source history block applied to target province ID."
"F:\Storage\Codding\git\Crusader Kings III\Leviathonlx MoreBookmarks-Plus\BookmarksGit\history\provinces\00_MB_PROVINCES.txt","9568","9568","00_MB_PROVINCES.txt","applied","Exact source history block applied to target province ID."
"F:\Storage\Codding\git\Crusader Kings III\Leviathonlx MoreBookmarks-Plus\BookmarksGit\history\provinces\00_MB_PROVINCES.txt","9571","9571","00_MB_PROVINCES.txt","applied","Exact source history block applied to target province ID."
"F:\Storage\Codding\git\Crusader Kings III\Leviathonlx MoreBookmarks-Plus\BookmarksGit\history\provinces\00_MB_PROVINCES.txt","9572","9572","00_MB_PROVINCES.txt","applied","Exact source history block applied to target province ID."
"F:\Storage\Codding\git\Crusader Kings III\Leviathonlx MoreBookmarks-Plus\BookmarksGit\history\provinces\00_MB_PROVINCES.txt","9573","9573","00_MB_PROVINCES.txt","applied","Exact source history block applied to target province ID."
"F:\Storage\Codding\git\Crusader Kings III\Leviathonlx MoreBookmarks-Plus\BookmarksGit\history\provinces\00_MB_PROVINCES.txt","9575","9575","00_MB_PROVINCES.txt","applied","Exact source history block applied to target province ID."
"F:\Storage\Codding\git\Crusader Kings III\Leviathonlx MoreBookmarks-Plus\BookmarksGit\history\provinces\00_MB_PROVINCES.txt","9576","9576","00_MB_PROVINCES.txt","applied","Exact source history block applied to target province ID."
"F:\Storage\Codding\git\Crusader Kings III\Leviathonlx MoreBookmarks-Plus\BookmarksGit\history\provinces\00_MB_PROVINCES.txt","9577","9577","00_MB_PROVINCES.txt","applied","Exact source history block applied to target province ID."
"F:\Storage\Codding\git\Crusader Kings III\Leviathonlx MoreBookmarks-Plus\BookmarksGit\history\provinces\00_MB_PROVINCES.txt","9578","9578","00_MB_PROVINCES.txt","applied","Exact source history block applied to target province ID."
"F:\Storage\Codding\git\Crusader Kings III\Leviathonlx MoreBookmarks-Plus\BookmarksGit\history\provinces\00_MB_PROVINCES.txt","9579","9579","00_MB_PROVINCES.txt","applied","Exact source history block applied to target province ID."
"F:\Storage\Codding\git\Crusader Kings III\Leviathonlx MoreBookmarks-Plus\BookmarksGit\history\provinces\00_MB_PROVINCES.txt","9580","9580","00_MB_PROVINCES.txt","applied","Exact source history block applied to target province ID."
"F:\Storage\Codding\git\Crusader Kings III\Leviathonlx MoreBookmarks-Plus\BookmarksGit\history\provinces\00_MB_PROVINCES.txt","9582","9582","00_MB_PROVINCES.txt","applied","Exact source history block applied to target province ID."
"F:\Storage\Codding\git\Crusader Kings III\Leviathonlx MoreBookmarks-Plus\BookmarksGit\history\provinces\00_MB_PROVINCES.txt","9586","9586","00_MB_PROVINCES.txt","applied","Exact source history block applied to target province ID."
"F:\Storage\Codding\git\Crusader Kings III\Leviathonlx MoreBookmarks-Plus\BookmarksGit\history\provinces\00_MB_PROVINCES.txt","9589","9589","00_MB_PROVINCES.txt","applied","Exact source history block applied to target province ID."
"F:\Storage\Codding\git\Crusader Kings III\Leviathonlx MoreBookmarks-Plus\BookmarksGit\history\provinces\00_MB_PROVINCES.txt","9590","9590","00_MB_PROVINCES.txt","applied","Exact source history block applied to target province ID."
"F:\Storage\Codding\git\Crusader Kings III\Leviathonlx MoreBookmarks-Plus\BookmarksGit\history\provinces\00_MB_PROVINCES.txt","9597","9597","00_MB_PROVINCES.txt","applied","Exact source history block applied to target province ID."
"F:\Storage\Codding\git\Crusader Kings III\Leviathonlx MoreBookmarks-Plus\BookmarksGit\history\provinces\00_MB_PROVINCES.txt","9599","9599","00_MB_PROVINCES.txt","applied","Exact source history block applied to target province ID."
"F:\Storage\Codding\git\Crusader Kings III\Leviathonlx MoreBookmarks-Plus\BookmarksGit\history\provinces\00_MB_PROVINCES.txt","9622","9622","00_MB_PROVINCES.txt","applied","Exact source history block applied to target province ID."
"F:\Storage\Codding\git\Crusader Kings III\Leviathonlx MoreBookmarks-Plus\BookmarksGit\history\provinces\00_MB_PROVINCES.txt","9623","9623","00_MB_PROVINCES.txt","applied","Exact source history block applied to target province ID."
"F:\Storage\Codding\git\Crusader Kings III\Leviathonlx MoreBookmarks-Plus\BookmarksGit\history\provinces\00_MB_PROVINCES.txt","9624","9624","00_MB_PROVINCES.txt","applied","Exact source history block applied to target province ID."
"F:\Storage\Codding\git\Crusader Kings III\Leviathonlx MoreBookmarks-Plus\BookmarksGit\history\provinces\00_MB_PROVINCES.txt","9625","9625","00_MB_PROVINCES.txt","applied","Exact source history block applied to target province ID."
"F:\Storage\Codding\git\Crusader Kings III\Leviathonlx MoreBookmarks-Plus\BookmarksGit\history\provinces\00_MB_PROVINCES.txt","9627","9627","00_MB_PROVINCES.txt","applied","Exact source history block applied to target province ID."
"F:\Storage\Codding\git\Crusader Kings III\Leviathonlx MoreBookmarks-Plus\BookmarksGit\history\provinces\00_MB_PROVINCES.txt","9628","9628","00_MB_PROVINCES.txt","applied","Exact source history block applied to target province ID."
"F:\Storage\Codding\git\Crusader Kings III\Leviathonlx MoreBookmarks-Plus\BookmarksGit\history\provinces\00_MB_PROVINCES.txt","9631","9631","00_MB_PROVINCES.txt","applied","Exact source history block applied to target province ID."
"F:\Storage\Codding\git\Crusader Kings III\Leviathonlx MoreBookmarks-Plus\BookmarksGit\history\provinces\00_MB_PROVINCES.txt","9634","9634","00_MB_PROVINCES.txt","applied","Exact source history block applied to target province ID."
"F:\Storage\Codding\git\Crusader Kings III\Leviathonlx MoreBookmarks-Plus\BookmarksGit\history\provinces\00_MB_PROVINCES.txt","9638","9638","00_MB_PROVINCES.txt","applied","Exact source history block applied to target province ID."
"F:\Storage\Codding\git\Crusader Kings III\Leviathonlx MoreBookmarks-Plus\BookmarksGit\history\provinces\00_MB_PROVINCES.txt","9639","9639","00_MB_PROVINCES.txt","applied","Exact source history block applied to target province ID."
"F:\Storage\Codding\git\Crusader Kings III\Leviathonlx MoreBookmarks-Plus\BookmarksGit\history\provinces\00_MB_PROVINCES.txt","9641","9641","00_MB_PROVINCES.txt","applied","Exact source history block applied to target province ID."
"F:\Storage\Codding\git\Crusader Kings III\Leviathonlx MoreBookmarks-Plus\BookmarksGit\history\provinces\00_MB_PROVINCES.txt","9643","9643","00_MB_PROVINCES.txt","applied","Exact source history block applied to target province ID."
"F:\Storage\Codding\git\Crusader Kings III\Leviathonlx MoreBookmarks-Plus\BookmarksGit\history\provinces\00_MB_PROVINCES.txt","9647","9647","00_MB_PROVINCES.txt","applied","Exact source history block applied to target province ID."
"F:\Storage\Codding\git\Crusader Kings III\Leviathonlx MoreBookmarks-Plus\BookmarksGit\history\provinces\00_MB_PROVINCES.txt","9657","9657","00_MB_PROVINCES.txt","applied","Exact source history block applied to target province ID."
"F:\Storage\Codding\git\Crusader Kings III\Leviathonlx MoreBookmarks-Plus\BookmarksGit\history\provinces\00_MB_PROVINCES.txt","9658","9658","00_MB_PROVINCES.txt","applied","Exact source history block applied to target province ID."
"F:\Storage\Codding\git\Crusader Kings III\Leviathonlx MoreBookmarks-Plus\BookmarksGit\history\provinces\00_MB_PROVINCES.txt","10134","1408","","missing_source_block","No source history block found."
"F:\Storage\Codding\git\Crusader Kings III\Leviathonlx MoreBookmarks-Plus\BookmarksGit\history\provinces\00_MB_PROVINCES.txt","10397","1468","00_MB_PROVINCES.txt","applied","Exact source history block applied to target province ID."
"F:\Storage\Codding\git\Crusader Kings III\Leviathonlx MoreBookmarks-Plus\BookmarksGit\history\provinces\00_MB_PROVINCES.txt","10399","12848","00_MB_PROVINCES.txt","applied","Exact source history block applied to target province ID."
"F:\Storage\Codding\git\Crusader Kings III\Leviathonlx MoreBookmarks-Plus\BookmarksGit\history\provinces\00_MB_PROVINCES.txt","10401","12849","00_MB_PROVINCES.txt","applied","Exact source history block applied to target province ID."
"F:\Storage\Codding\git\Crusader Kings III\Leviathonlx MoreBookmarks-Plus\BookmarksGit\history\provinces\00_MB_PROVINCES.txt","11061","9598","00_MB_PROVINCES.txt","applied","Exact source history block applied to target province ID."
"F:\Storage\Codding\git\Crusader Kings III\Leviathonlx MoreBookmarks-Plus\BookmarksGit\history\provinces\00_MB_PROVINCES.txt","11515","10986","00_MB_PROVINCES.txt","applied","Exact source history block applied to target province ID."
"F:\Storage\Codding\git\Crusader Kings III\Leviathonlx MoreBookmarks-Plus\BookmarksGit\history\provinces\00_MB_PROVINCES.txt","11535","9630","00_MB_PROVINCES.txt","applied","Exact source history block applied to target province ID."
"F:\Storage\Codding\git\Crusader Kings III\Leviathonlx MoreBookmarks-Plus\BookmarksGit\history\provinces\00_MB_PROVINCES.txt","11838","402","","missing_source_block","No source history block found."
"F:\Storage\Codding\git\Crusader Kings III\Leviathonlx MoreBookmarks-Plus\BookmarksGit\history\provinces\00_MB_PROVINCES.txt","11845","11502","","missing_source_block","No source history block found."
"F:\Storage\Codding\git\Crusader Kings III\Leviathonlx MoreBookmarks-Plus\BookmarksGit\history\provinces\00_MB_PROVINCES.txt","11961","12562","00_MB_PROVINCES.txt","applied","Exact source history block applied to target province ID."
"F:\Storage\Codding\git\Crusader Kings III\Leviathonlx MoreBookmarks-Plus\BookmarksGit\history\provinces\00_MB_PROVINCES.txt","11968","12561","00_MB_PROVINCES.txt","applied","Exact source history block applied to target province ID."
"F:\Storage\Codding\git\Crusader Kings III\Leviathonlx MoreBookmarks-Plus\BookmarksGit\history\provinces\00_MB_PROVINCES.txt","13011","10974","00_MB_PROVINCES.txt","applied","Exact source history block applied to target province ID."
"F:\Storage\Codding\git\Crusader Kings III\Leviathonlx MoreBookmarks-Plus\BookmarksGit\history\provinces\00_MB_PROVINCES.txt","13115","11454","00_MB_PROVINCES.txt","applied","Exact source history block applied to target province ID."
"F:\Storage\Codding\git\Crusader Kings III\Leviathonlx MoreBookmarks-Plus\BookmarksGit\history\provinces\00_MB_PROVINCES.txt","14327","12432","00_MB_PROVINCES.txt","applied","Exact source history block applied to target province ID."
"F:\Storage\Codding\git\Crusader Kings III\Leviathonlx MoreBookmarks-Plus\BookmarksGit\history\provinces\00_MB_PROVINCES.txt","14509","11529","00_MB_PROVINCES.txt","applied","Exact source history block applied to target province ID."
"F:\Storage\Codding\git\Crusader Kings III\Leviathonlx MoreBookmarks-Plus\BookmarksGit\history\provinces\00_MB_PROVINCES.txt","14510","11530","00_MB_PROVINCES.txt","applied","Exact source history block applied to target province ID."
"F:\Storage\Codding\git\Crusader Kings III\Leviathonlx MoreBookmarks-Plus\BookmarksGit\history\provinces\00_MB_PROVINCES.txt","14511","11531","00_MB_PROVINCES.txt","applied","Exact source history block applied to target province ID."
"F:\Storage\Codding\git\Crusader Kings III\Leviathonlx MoreBookmarks-Plus\BookmarksGit\history\provinces\00_MB_PROVINCES.txt","14512","11532","00_MB_PROVINCES.txt","applied","Exact source history block applied to target province ID."
"F:\Storage\Codding\git\Crusader Kings III\Leviathonlx MoreBookmarks-Plus\BookmarksGit\history\provinces\00_MB_PROVINCES.txt","14513","11533","00_MB_PROVINCES.txt","applied","Exact source history block applied to target province ID."
"F:\Storage\Codding\git\Crusader Kings III\Leviathonlx MoreBookmarks-Plus\BookmarksGit\history\provinces\00_MB_PROVINCES.txt","14514","11534","00_MB_PROVINCES.txt","applied","Exact source history block applied to target province ID."
"F:\Storage\Codding\git\Crusader Kings III\Leviathonlx MoreBookmarks-Plus\BookmarksGit\history\provinces\00_MB_PROVINCES.txt","14515","11535","00_MB_PROVINCES.txt","applied","Exact source history block applied to target province ID."
"F:\Storage\Codding\git\Crusader Kings III\Leviathonlx MoreBookmarks-Plus\BookmarksGit\history\provinces\00_MB_PROVINCES.txt","14516","11536","00_MB_PROVINCES.txt","applied","Exact source history block applied to target province ID."
"F:\Storage\Codding\git\Crusader Kings III\Leviathonlx MoreBookmarks-Plus\BookmarksGit\history\provinces\00_MB_PROVINCES.txt","14517","11539","00_MB_PROVINCES.txt","applied","Exact source history block applied to target province ID."
"F:\Storage\Codding\git\Crusader Kings III\Leviathonlx MoreBookmarks-Plus\BookmarksGit\history\provinces\00_MB_PROVINCES.txt","14518","11540","00_MB_PROVINCES.txt","applied","Exact source history block applied to target province ID."
"F:\Storage\Codding\git\Crusader Kings III\Leviathonlx MoreBookmarks-Plus\BookmarksGit\history\provinces\00_MB_PROVINCES.txt","14519","11541","00_MB_PROVINCES.txt","applied","Exact source history block applied to target province ID."
"F:\Storage\Codding\git\Crusader Kings III\Leviathonlx MoreBookmarks-Plus\BookmarksGit\history\provinces\00_MB_PROVINCES.txt","14520","11542","00_MB_PROVINCES.txt","applied","Exact source history block applied to target province ID."
"F:\Storage\Codding\git\Crusader Kings III\Leviathonlx MoreBookmarks-Plus\BookmarksGit\history\provinces\00_MB_PROVINCES.txt","14521","11543","00_MB_PROVINCES.txt","applied","Exact source history block applied to target province ID."
"F:\Storage\Codding\git\Crusader Kings III\Leviathonlx MoreBookmarks-Plus\BookmarksGit\history\provinces\00_MB_PROVINCES.txt","14539","12552","00_MB_PROVINCES.txt","applied","Exact source history block applied to target province ID."
"F:\Storage\Codding\git\Crusader Kings III\Leviathonlx MoreBookmarks-Plus\BookmarksGit\history\provinces\00_MB_PROVINCES.txt","14540","12553","00_MB_PROVINCES.txt","applied","Exact source history block applied to target province ID."
"F:\Storage\Codding\git\Crusader Kings III\Leviathonlx MoreBookmarks-Plus\BookmarksGit\history\provinces\00_MB_PROVINCES.txt","14541","12554","00_MB_PROVINCES.txt","applied","Exact source history block applied to target province ID."
"F:\Storage\Codding\git\Crusader Kings III\Leviathonlx MoreBookmarks-Plus\BookmarksGit\history\provinces\00_MB_PROVINCES.txt","14543","12556","00_MB_PROVINCES.txt","applied","Exact source history block applied to target province ID."
"F:\Storage\Codding\git\Crusader Kings III\Leviathonlx MoreBookmarks-Plus\BookmarksGit\history\provinces\00_MB_PROVINCES.txt","14545","12558","00_MB_PROVINCES.txt","applied","Exact source history block applied to target province ID."
"F:\Storage\Codding\git\Crusader Kings III\Leviathonlx MoreBookmarks-Plus\BookmarksGit\history\provinces\00_MB_PROVINCES.txt","14546","12559","00_MB_PROVINCES.txt","applied","Exact source history block applied to target province ID."
"F:\Storage\Codding\git\Crusader Kings III\Leviathonlx MoreBookmarks-Plus\BookmarksGit\history\provinces\00_MB_PROVINCES.txt","14547","12560","00_MB_PROVINCES.txt","applied","Exact source history block applied to target province ID."
"F:\Storage\Codding\git\Crusader Kings III\Leviathonlx MoreBookmarks-Plus\BookmarksGit\history\provinces\00_MB_PROVINCES.txt","14548","12564","00_MB_PROVINCES.txt","applied","Exact source history block applied to target province ID."
"F:\Storage\Codding\git\Crusader Kings III\Leviathonlx MoreBookmarks-Plus\BookmarksGit\history\provinces\00_MB_PROVINCES.txt","14549","12565","00_MB_PROVINCES.txt","applied","Exact source history block applied to target province ID."
"F:\Storage\Codding\git\Crusader Kings III\Leviathonlx MoreBookmarks-Plus\BookmarksGit\history\provinces\00_MB_PROVINCES.txt","14551","12567","00_MB_PROVINCES.txt","applied","Exact source history block applied to target province ID."
"F:\Storage\Codding\git\Crusader Kings III\Leviathonlx MoreBookmarks-Plus\BookmarksGit\history\provinces\00_MB_PROVINCES.txt","14553","12569","00_MB_PROVINCES.txt","applied","Exact source history block applied to target province ID."
"F:\Storage\Codding\git\Crusader Kings III\Leviathonlx MoreBookmarks-Plus\BookmarksGit\history\provinces\00_MB_PROVINCES.txt","14562","11548","00_MB_PROVINCES.txt","applied","Exact source history block applied to target province ID."
"F:\Storage\Codding\git\Crusader Kings III\Leviathonlx MoreBookmarks-Plus\BookmarksGit\test_files\history\provinces\00_MB_PROVINCES.txt","808","808","00_MB_PROVINCES.txt","applied","Exact source history block applied to target province ID."
"F:\Storage\Codding\git\Crusader Kings III\Leviathonlx MoreBookmarks-Plus\BookmarksGit\test_files\history\provinces\00_MB_PROVINCES.txt","811","811","00_MB_PROVINCES.txt","applied","Exact source history block applied to target province ID."
"F:\Storage\Codding\git\Crusader Kings III\Leviathonlx MoreBookmarks-Plus\BookmarksGit\test_files\history\provinces\00_MB_PROVINCES.txt","826","826","00_MB_PROVINCES.txt","applied","Exact source history block applied to target province ID."
"F:\Storage\Codding\git\Crusader Kings III\Leviathonlx MoreBookmarks-Plus\BookmarksGit\test_files\history\provinces\00_MB_PROVINCES.txt","827","827","00_MB_PROVINCES.txt","applied","Exact source history block applied to target province ID."
"F:\Storage\Codding\git\Crusader Kings III\Leviathonlx MoreBookmarks-Plus\BookmarksGit\test_files\history\provinces\00_MB_PROVINCES.txt","828","828","00_MB_PROVINCES.txt","applied","Exact source history block applied to target province ID."
"F:\Storage\Codding\git\Crusader Kings III\Leviathonlx MoreBookmarks-Plus\BookmarksGit\test_files\history\provinces\00_MB_PROVINCES.txt","829","829","00_MB_PROVINCES.txt","applied","Exact source history block applied to target province ID."
"F:\Storage\Codding\git\Crusader Kings III\Leviathonlx MoreBookmarks-Plus\BookmarksGit\test_files\history\provinces\00_MB_PROVINCES.txt","830","830","00_MB_PROVINCES.txt","applied","Exact source history block applied to target province ID."
"F:\Storage\Codding\git\Crusader Kings III\Leviathonlx MoreBookmarks-Plus\BookmarksGit\test_files\history\provinces\00_MB_PROVINCES.txt","854","854","00_MB_PROVINCES.txt","applied","Exact source history block applied to target province ID."
"F:\Storage\Codding\git\Crusader Kings III\Leviathonlx MoreBookmarks-Plus\BookmarksGit\test_files\history\provinces\00_MB_PROVINCES.txt","8606","8606","","missing_source_block","No source history block found."
"F:\Storage\Codding\git\Crusader Kings III\Leviathonlx MoreBookmarks-Plus\BookmarksGit\test_files\history\provinces\00_MB_PROVINCES.txt","8607","8607","","missing_source_block","No source history block found."
"F:\Storage\Codding\git\Crusader Kings III\Leviathonlx MoreBookmarks-Plus\BookmarksGit\test_files\history\provinces\00_MB_PROVINCES.txt","8608","8608","","missing_source_block","No source history block found."
"F:\Storage\Codding\git\Crusader Kings III\Leviathonlx MoreBookmarks-Plus\BookmarksGit\test_files\history\provinces\00_MB_PROVINCES.txt","8609","8609","","missing_source_block","No source history block found."
"F:\Storage\Codding\git\Crusader Kings III\Leviathonlx MoreBookmarks-Plus\BookmarksGit\test_files\history\provinces\00_MB_PROVINCES.txt","8610","8610","","missing_source_block","No source history block found."
"F:\Storage\Codding\git\Crusader Kings III\Leviathonlx MoreBookmarks-Plus\BookmarksGit\test_files\history\provinces\00_MB_PROVINCES.txt","8611","8611","","missing_source_block","No source history block found."
"F:\Storage\Codding\git\Crusader Kings III\Leviathonlx MoreBookmarks-Plus\BookmarksGit\test_files\history\provinces\00_MB_PROVINCES.txt","8722","8722","00_MB_PROVINCES.txt","applied","Exact source history block applied to target province ID."
"F:\Storage\Codding\git\Crusader Kings III\Leviathonlx MoreBookmarks-Plus\BookmarksGit\test_files\history\provinces\00_MB_PROVINCES.txt","9168","9168","00_MB_PROVINCES.txt","applied","Exact source history block applied to target province ID."
"F:\Storage\Codding\git\Crusader Kings III\Leviathonlx MoreBookmarks-Plus\BookmarksGit\test_files\history\provinces\00_MB_PROVINCES.txt","9174","9174","00_MB_PROVINCES.txt","applied","Exact source history block applied to target province ID."
"F:\Storage\Codding\git\Crusader Kings III\Leviathonlx MoreBookmarks-Plus\BookmarksGit\test_files\history\provinces\00_MB_PROVINCES.txt","9175","9175","00_MB_PROVINCES.txt","applied","Exact source history block applied to target province ID."
"F:\Storage\Codding\git\Crusader Kings III\Leviathonlx MoreBookmarks-Plus\BookmarksGit\test_files\history\provinces\00_MB_PROVINCES.txt","9177","9177","00_MB_PROVINCES.txt","applied","Exact source history block applied to target province ID."
"F:\Storage\Codding\git\Crusader Kings III\Leviathonlx MoreBookmarks-Plus\BookmarksGit\test_files\history\provinces\00_MB_PROVINCES.txt","9281","9281","00_MB_PROVINCES.txt","applied","Exact source history block applied to target province ID."
"F:\Storage\Codding\git\Crusader Kings III\Leviathonlx MoreBookmarks-Plus\BookmarksGit\test_files\history\provinces\00_MB_PROVINCES.txt","9282","9282","00_MB_PROVINCES.txt","applied","Exact source history block applied to target province ID."
"F:\Storage\Codding\git\Crusader Kings III\Leviathonlx MoreBookmarks-Plus\BookmarksGit\test_files\history\provinces\00_MB_PROVINCES.txt","9283","9283","00_MB_PROVINCES.txt","applied","Exact source history block applied to target province ID."
"F:\Storage\Codding\git\Crusader Kings III\Leviathonlx MoreBookmarks-Plus\BookmarksGit\test_files\history\provinces\00_MB_PROVINCES.txt","9315","9315","00_MB_PROVINCES.txt","applied","Exact source history block applied to target province ID."
"F:\Storage\Codding\git\Crusader Kings III\Leviathonlx MoreBookmarks-Plus\BookmarksGit\test_files\history\provinces\00_MB_PROVINCES.txt","9316","9316","00_MB_PROVINCES.txt","applied","Exact source history block applied to target province ID."
"F:\Storage\Codding\git\Crusader Kings III\Leviathonlx MoreBookmarks-Plus\BookmarksGit\test_files\history\provinces\00_MB_PROVINCES.txt","9317","9317","00_MB_PROVINCES.txt","applied","Exact source history block applied to target province ID."
"F:\Storage\Codding\git\Crusader Kings III\Leviathonlx MoreBookmarks-Plus\BookmarksGit\test_files\history\provinces\00_MB_PROVINCES.txt","9318","9318","00_MB_PROVINCES.txt","applied","Exact source history block applied to target province ID."
"F:\Storage\Codding\git\Crusader Kings III\Leviathonlx MoreBookmarks-Plus\BookmarksGit\test_files\history\provinces\00_MB_PROVINCES.txt","9319","9319","00_MB_PROVINCES.txt","applied","Exact source history block applied to target province ID."
"F:\Storage\Codding\git\Crusader Kings III\Leviathonlx MoreBookmarks-Plus\BookmarksGit\test_files\history\provinces\00_MB_PROVINCES.txt","9320","9320","00_MB_PROVINCES.txt","applied","Exact source history block applied to target province ID."
"F:\Storage\Codding\git\Crusader Kings III\Leviathonlx MoreBookmarks-Plus\BookmarksGit\test_files\history\provinces\00_MB_PROVINCES.txt","9321","9321","00_MB_PROVINCES.txt","applied","Exact source history block applied to target province ID."
"F:\Storage\Codding\git\Crusader Kings III\Leviathonlx MoreBookmarks-Plus\BookmarksGit\test_files\history\provinces\00_MB_PROVINCES.txt","9322","9322","00_MB_PROVINCES.txt","applied","Exact source history block applied to target province ID."
"F:\Storage\Codding\git\Crusader Kings III\Leviathonlx MoreBookmarks-Plus\BookmarksGit\test_files\history\provinces\00_MB_PROVINCES.txt","9324","9324","00_MB_PROVINCES.txt","applied","Exact source history block applied to target province ID."
"F:\Storage\Codding\git\Crusader Kings III\Leviathonlx MoreBookmarks-Plus\BookmarksGit\test_files\history\provinces\00_MB_PROVINCES.txt","9328","9328","00_MB_PROVINCES.txt","applied","Exact source history block applied to target province ID."
"F:\Storage\Codding\git\Crusader Kings III\Leviathonlx MoreBookmarks-Plus\BookmarksGit\test_files\history\provinces\00_MB_PROVINCES.txt","9330","9330","00_MB_PROVINCES.txt","applied","Exact source history block applied to target province ID."
"F:\Storage\Codding\git\Crusader Kings III\Leviathonlx MoreBookmarks-Plus\BookmarksGit\test_files\history\provinces\00_MB_PROVINCES.txt","9331","9331","00_MB_PROVINCES.txt","applied","Exact source history block applied to target province ID."
"F:\Storage\Codding\git\Crusader Kings III\Leviathonlx MoreBookmarks-Plus\BookmarksGit\test_files\history\provinces\00_MB_PROVINCES.txt","9332","9332","00_MB_PROVINCES.txt","applied","Exact source history block applied to target province ID."
"F:\Storage\Codding\git\Crusader Kings III\Leviathonlx MoreBookmarks-Plus\BookmarksGit\test_files\history\provinces\00_MB_PROVINCES.txt","9333","9333","00_MB_PROVINCES.txt","applied","Exact source history block applied to target province ID."
"F:\Storage\Codding\git\Crusader Kings III\Leviathonlx MoreBookmarks-Plus\BookmarksGit\test_files\history\provinces\00_MB_PROVINCES.txt","9334","9334","00_MB_PROVINCES.txt","applied","Exact source history block applied to target province ID."
"F:\Storage\Codding\git\Crusader Kings III\Leviathonlx MoreBookmarks-Plus\BookmarksGit\test_files\history\provinces\00_MB_PROVINCES.txt","9353","9353","00_MB_PROVINCES.txt","applied","Exact source history block applied to target province ID."
"F:\Storage\Codding\git\Crusader Kings III\Leviathonlx MoreBookmarks-Plus\BookmarksGit\test_files\history\provinces\00_MB_PROVINCES.txt","9442","9442","00_MB_PROVINCES.txt","applied","Exact source history block applied to target province ID."
"F:\Storage\Codding\git\Crusader Kings III\Leviathonlx MoreBookmarks-Plus\BookmarksGit\test_files\history\provinces\00_MB_PROVINCES.txt","9443","9443","00_MB_PROVINCES.txt","applied","Exact source history block applied to target province ID."
"F:\Storage\Codding\git\Crusader Kings III\Leviathonlx MoreBookmarks-Plus\BookmarksGit\test_files\history\provinces\00_MB_PROVINCES.txt","9444","9444","00_MB_PROVINCES.txt","applied","Exact source history block applied to target province ID."
"F:\Storage\Codding\git\Crusader Kings III\Leviathonlx MoreBookmarks-Plus\BookmarksGit\test_files\history\provinces\00_MB_PROVINCES.txt","9445","9445","00_MB_PROVINCES.txt","applied","Exact source history block applied to target province ID."
"F:\Storage\Codding\git\Crusader Kings III\Leviathonlx MoreBookmarks-Plus\BookmarksGit\test_files\history\provinces\00_MB_PROVINCES.txt","9451","9451","00_MB_PROVINCES.txt","applied","Exact source history block applied to target province ID."
"F:\Storage\Codding\git\Crusader Kings III\Leviathonlx MoreBookmarks-Plus\BookmarksGit\test_files\history\provinces\00_MB_PROVINCES.txt","9453","9453","00_MB_PROVINCES.txt","applied","Exact source history block applied to target province ID."
"F:\Storage\Codding\git\Crusader Kings III\Leviathonlx MoreBookmarks-Plus\BookmarksGit\test_files\history\provinces\00_MB_PROVINCES.txt","9454","9454","00_MB_PROVINCES.txt","applied","Exact source history block applied to target province ID."
"F:\Storage\Codding\git\Crusader Kings III\Leviathonlx MoreBookmarks-Plus\BookmarksGit\test_files\history\provinces\00_MB_PROVINCES.txt","9455","9455","00_MB_PROVINCES.txt","applied","Exact source history block applied to target province ID."
"F:\Storage\Codding\git\Crusader Kings III\Leviathonlx MoreBookmarks-Plus\BookmarksGit\test_files\history\provinces\00_MB_PROVINCES.txt","9456","9456","00_MB_PROVINCES.txt","applied","Exact source history block applied to target province ID."
"F:\Storage\Codding\git\Crusader Kings III\Leviathonlx MoreBookmarks-Plus\BookmarksGit\test_files\history\provinces\00_MB_PROVINCES.txt","9457","9457","00_MB_PROVINCES.txt","applied","Exact source history block applied to target province ID."
"F:\Storage\Codding\git\Crusader Kings III\Leviathonlx MoreBookmarks-Plus\BookmarksGit\test_files\history\provinces\00_MB_PROVINCES.txt","9462","9462","00_MB_PROVINCES.txt","applied","Exact source history block applied to target province ID."
"F:\Storage\Codding\git\Crusader Kings III\Leviathonlx MoreBookmarks-Plus\BookmarksGit\test_files\history\provinces\00_MB_PROVINCES.txt","9463","9463","00_MB_PROVINCES.txt","applied","Exact source history block applied to target province ID."
"F:\Storage\Codding\git\Crusader Kings III\Leviathonlx MoreBookmarks-Plus\BookmarksGit\test_files\history\provinces\00_MB_PROVINCES.txt","9464","9464","00_MB_PROVINCES.txt","applied","Exact source history block applied to target province ID."
"F:\Storage\Codding\git\Crusader Kings III\Leviathonlx MoreBookmarks-Plus\BookmarksGit\test_files\history\provinces\00_MB_PROVINCES.txt","9466","9466","00_MB_PROVINCES.txt","applied","Exact source history block applied to target province ID."
"F:\Storage\Codding\git\Crusader Kings III\Leviathonlx MoreBookmarks-Plus\BookmarksGit\test_files\history\provinces\00_MB_PROVINCES.txt","9467","9467","00_MB_PROVINCES.txt","applied","Exact source history block applied to target province ID."
"F:\Storage\Codding\git\Crusader Kings III\Leviathonlx MoreBookmarks-Plus\BookmarksGit\test_files\history\provinces\00_MB_PROVINCES.txt","9525","9525","00_MB_PROVINCES.txt","applied","Exact source history block applied to target province ID."
"F:\Storage\Codding\git\Crusader Kings III\Leviathonlx MoreBookmarks-Plus\BookmarksGit\test_files\history\provinces\00_MB_PROVINCES.txt","9527","9527","00_MB_PROVINCES.txt","applied","Exact source history block applied to target province ID."
"F:\Storage\Codding\git\Crusader Kings III\Leviathonlx MoreBookmarks-Plus\BookmarksGit\test_files\history\provinces\00_MB_PROVINCES.txt","9528","9528","00_MB_PROVINCES.txt","applied","Exact source history block applied to target province ID."
"F:\Storage\Codding\git\Crusader Kings III\Leviathonlx MoreBookmarks-Plus\BookmarksGit\test_files\history\provinces\00_MB_PROVINCES.txt","9529","9529","00_MB_PROVINCES.txt","applied","Exact source history block applied to target province ID."
"F:\Storage\Codding\git\Crusader Kings III\Leviathonlx MoreBookmarks-Plus\BookmarksGit\test_files\history\provinces\00_MB_PROVINCES.txt","9530","9530","00_MB_PROVINCES.txt","applied","Exact source history block applied to target province ID."
"F:\Storage\Codding\git\Crusader Kings III\Leviathonlx MoreBookmarks-Plus\BookmarksGit\test_files\history\provinces\00_MB_PROVINCES.txt","9531","9531","00_MB_PROVINCES.txt","applied","Exact source history block applied to target province ID."
"F:\Storage\Codding\git\Crusader Kings III\Leviathonlx MoreBookmarks-Plus\BookmarksGit\test_files\history\provinces\00_MB_PROVINCES.txt","9537","9537","00_MB_PROVINCES.txt","applied","Exact source history block applied to target province ID."
"F:\Storage\Codding\git\Crusader Kings III\Leviathonlx MoreBookmarks-Plus\BookmarksGit\test_files\history\provinces\00_MB_PROVINCES.txt","9539","9539","00_MB_PROVINCES.txt","applied","Exact source history block applied to target province ID."
"F:\Storage\Codding\git\Crusader Kings III\Leviathonlx MoreBookmarks-Plus\BookmarksGit\test_files\history\provinces\00_MB_PROVINCES.txt","9551","9551","00_MB_PROVINCES.txt","applied","Exact source history block applied to target province ID."
"F:\Storage\Codding\git\Crusader Kings III\Leviathonlx MoreBookmarks-Plus\BookmarksGit\test_files\history\provinces\00_MB_PROVINCES.txt","9552","9552","00_MB_PROVINCES.txt","applied","Exact source history block applied to target province ID."
"F:\Storage\Codding\git\Crusader Kings III\Leviathonlx MoreBookmarks-Plus\BookmarksGit\test_files\history\provinces\00_MB_PROVINCES.txt","9556","9556","00_MB_PROVINCES.txt","applied","Exact source history block applied to target province ID."
"F:\Storage\Codding\git\Crusader Kings III\Leviathonlx MoreBookmarks-Plus\BookmarksGit\test_files\history\provinces\00_MB_PROVINCES.txt","9557","9557","00_MB_PROVINCES.txt","applied","Exact source history block applied to target province ID."
"F:\Storage\Codding\git\Crusader Kings III\Leviathonlx MoreBookmarks-Plus\BookmarksGit\test_files\history\provinces\00_MB_PROVINCES.txt","9558","9558","00_MB_PROVINCES.txt","applied","Exact source history block applied to target province ID."
"F:\Storage\Codding\git\Crusader Kings III\Leviathonlx MoreBookmarks-Plus\BookmarksGit\test_files\history\provinces\00_MB_PROVINCES.txt","9560","9560","00_MB_PROVINCES.txt","applied","Exact source history block applied to target province ID."
"F:\Storage\Codding\git\Crusader Kings III\Leviathonlx MoreBookmarks-Plus\BookmarksGit\test_files\history\provinces\00_MB_PROVINCES.txt","9561","9561","00_MB_PROVINCES.txt","applied","Exact source history block applied to target province ID."
"F:\Storage\Codding\git\Crusader Kings III\Leviathonlx MoreBookmarks-Plus\BookmarksGit\test_files\history\provinces\00_MB_PROVINCES.txt","9562","9562","00_MB_PROVINCES.txt","applied","Exact source history block applied to target province ID."
"F:\Storage\Codding\git\Crusader Kings III\Leviathonlx MoreBookmarks-Plus\BookmarksGit\test_files\history\provinces\00_MB_PROVINCES.txt","9564","9564","00_MB_PROVINCES.txt","applied","Exact source history block applied to target province ID."
"F:\Storage\Codding\git\Crusader Kings III\Leviathonlx MoreBookmarks-Plus\BookmarksGit\test_files\history\provinces\00_MB_PROVINCES.txt","9568","9568","00_MB_PROVINCES.txt","applied","Exact source history block applied to target province ID."
"F:\Storage\Codding\git\Crusader Kings III\Leviathonlx MoreBookmarks-Plus\BookmarksGit\test_files\history\provinces\00_MB_PROVINCES.txt","9571","9571","00_MB_PROVINCES.txt","applied","Exact source history block applied to target province ID."
"F:\Storage\Codding\git\Crusader Kings III\Leviathonlx MoreBookmarks-Plus\BookmarksGit\test_files\history\provinces\00_MB_PROVINCES.txt","9572","9572","00_MB_PROVINCES.txt","applied","Exact source history block applied to target province ID."
"F:\Storage\Codding\git\Crusader Kings III\Leviathonlx MoreBookmarks-Plus\BookmarksGit\test_files\history\provinces\00_MB_PROVINCES.txt","9573","9573","00_MB_PROVINCES.txt","applied","Exact source history block applied to target province ID."
"F:\Storage\Codding\git\Crusader Kings III\Leviathonlx MoreBookmarks-Plus\BookmarksGit\test_files\history\provinces\00_MB_PROVINCES.txt","9575","9575","00_MB_PROVINCES.txt","applied","Exact source history block applied to target province ID."
"F:\Storage\Codding\git\Crusader Kings III\Leviathonlx MoreBookmarks-Plus\BookmarksGit\test_files\history\provinces\00_MB_PROVINCES.txt","9576","9576","00_MB_PROVINCES.txt","applied","Exact source history block applied to target province ID."
"F:\Storage\Codding\git\Crusader Kings III\Leviathonlx MoreBookmarks-Plus\BookmarksGit\test_files\history\provinces\00_MB_PROVINCES.txt","9577","9577","00_MB_PROVINCES.txt","applied","Exact source history block applied to target province ID."
"F:\Storage\Codding\git\Crusader Kings III\Leviathonlx MoreBookmarks-Plus\BookmarksGit\test_files\history\provinces\00_MB_PROVINCES.txt","9578","9578","00_MB_PROVINCES.txt","applied","Exact source history block applied to target province ID."
"F:\Storage\Codding\git\Crusader Kings III\Leviathonlx MoreBookmarks-Plus\BookmarksGit\test_files\history\provinces\00_MB_PROVINCES.txt","9579","9579","00_MB_PROVINCES.txt","applied","Exact source history block applied to target province ID."
"F:\Storage\Codding\git\Crusader Kings III\Leviathonlx MoreBookmarks-Plus\BookmarksGit\test_files\history\provinces\00_MB_PROVINCES.txt","9580","9580","00_MB_PROVINCES.txt","applied","Exact source history block applied to target province ID."
"F:\Storage\Codding\git\Crusader Kings III\Leviathonlx MoreBookmarks-Plus\BookmarksGit\test_files\history\provinces\00_MB_PROVINCES.txt","9582","9582","00_MB_PROVINCES.txt","applied","Exact source history block applied to target province ID."
"F:\Storage\Codding\git\Crusader Kings III\Leviathonlx MoreBookmarks-Plus\BookmarksGit\test_files\history\provinces\00_MB_PROVINCES.txt","9586","9586","00_MB_PROVINCES.txt","applied","Exact source history block applied to target province ID."
"F:\Storage\Codding\git\Crusader Kings III\Leviathonlx MoreBookmarks-Plus\BookmarksGit\test_files\history\provinces\00_MB_PROVINCES.txt","9589","9589","00_MB_PROVINCES.txt","applied","Exact source history block applied to target province ID."
"F:\Storage\Codding\git\Crusader Kings III\Leviathonlx MoreBookmarks-Plus\BookmarksGit\test_files\history\provinces\00_MB_PROVINCES.txt","9590","9590","00_MB_PROVINCES.txt","applied","Exact source history block applied to target province ID."
"F:\Storage\Codding\git\Crusader Kings III\Leviathonlx MoreBookmarks-Plus\BookmarksGit\test_files\history\provinces\00_MB_PROVINCES.txt","9597","9597","00_MB_PROVINCES.txt","applied","Exact source history block applied to target province ID."
"F:\Storage\Codding\git\Crusader Kings III\Leviathonlx MoreBookmarks-Plus\BookmarksGit\test_files\history\provinces\00_MB_PROVINCES.txt","9599","9599","00_MB_PROVINCES.txt","applied","Exact source history block applied to target province ID."
"F:\Storage\Codding\git\Crusader Kings III\Leviathonlx MoreBookmarks-Plus\BookmarksGit\test_files\history\provinces\00_MB_PROVINCES.txt","9622","9622","00_MB_PROVINCES.txt","applied","Exact source history block applied to target province ID."
"F:\Storage\Codding\git\Crusader Kings III\Leviathonlx MoreBookmarks-Plus\BookmarksGit\test_files\history\provinces\00_MB_PROVINCES.txt","9623","9623","00_MB_PROVINCES.txt","applied","Exact source history block applied to target province ID."
"F:\Storage\Codding\git\Crusader Kings III\Leviathonlx MoreBookmarks-Plus\BookmarksGit\test_files\history\provinces\00_MB_PROVINCES.txt","9624","9624","00_MB_PROVINCES.txt","applied","Exact source history block applied to target province ID."
"F:\Storage\Codding\git\Crusader Kings III\Leviathonlx MoreBookmarks-Plus\BookmarksGit\test_files\history\provinces\00_MB_PROVINCES.txt","9625","9625","00_MB_PROVINCES.txt","applied","Exact source history block applied to target province ID."
"F:\Storage\Codding\git\Crusader Kings III\Leviathonlx MoreBookmarks-Plus\BookmarksGit\test_files\history\provinces\00_MB_PROVINCES.txt","9627","9627","00_MB_PROVINCES.txt","applied","Exact source history block applied to target province ID."
"F:\Storage\Codding\git\Crusader Kings III\Leviathonlx MoreBookmarks-Plus\BookmarksGit\test_files\history\provinces\00_MB_PROVINCES.txt","9628","9628","00_MB_PROVINCES.txt","applied","Exact source history block applied to target province ID."
"F:\Storage\Codding\git\Crusader Kings III\Leviathonlx MoreBookmarks-Plus\BookmarksGit\test_files\history\provinces\00_MB_PROVINCES.txt","9631","9631","00_MB_PROVINCES.txt","applied","Exact source history block applied to target province ID."
"F:\Storage\Codding\git\Crusader Kings III\Leviathonlx MoreBookmarks-Plus\BookmarksGit\test_files\history\provinces\00_MB_PROVINCES.txt","9634","9634","00_MB_PROVINCES.txt","applied","Exact source history block applied to target province ID."
"F:\Storage\Codding\git\Crusader Kings III\Leviathonlx MoreBookmarks-Plus\BookmarksGit\test_files\history\provinces\00_MB_PROVINCES.txt","9638","9638","00_MB_PROVINCES.txt","applied","Exact source history block applied to target province ID."
"F:\Storage\Codding\git\Crusader Kings III\Leviathonlx MoreBookmarks-Plus\BookmarksGit\test_files\history\provinces\00_MB_PROVINCES.txt","9639","9639","00_MB_PROVINCES.txt","applied","Exact source history block applied to target province ID."
"F:\Storage\Codding\git\Crusader Kings III\Leviathonlx MoreBookmarks-Plus\BookmarksGit\test_files\history\provinces\00_MB_PROVINCES.txt","9641","9641","00_MB_PROVINCES.txt","applied","Exact source history block applied to target province ID."
"F:\Storage\Codding\git\Crusader Kings III\Leviathonlx MoreBookmarks-Plus\BookmarksGit\test_files\history\provinces\00_MB_PROVINCES.txt","9643","9643","00_MB_PROVINCES.txt","applied","Exact source history block applied to target province ID."
"F:\Storage\Codding\git\Crusader Kings III\Leviathonlx MoreBookmarks-Plus\BookmarksGit\test_files\history\provinces\00_MB_PROVINCES.txt","9647","9647","00_MB_PROVINCES.txt","applied","Exact source history block applied to target province ID."
"F:\Storage\Codding\git\Crusader Kings III\Leviathonlx MoreBookmarks-Plus\BookmarksGit\test_files\history\provinces\00_MB_PROVINCES.txt","9657","9657","00_MB_PROVINCES.txt","applied","Exact source history block applied to target province ID."
"F:\Storage\Codding\git\Crusader Kings III\Leviathonlx MoreBookmarks-Plus\BookmarksGit\test_files\history\provinces\00_MB_PROVINCES.txt","9658","9658","00_MB_PROVINCES.txt","applied","Exact source history block applied to target province ID."
"F:\Storage\Codding\git\Crusader Kings III\Leviathonlx MoreBookmarks-Plus\BookmarksGit\test_files\history\provinces\00_MB_PROVINCES.txt","10134","1408","","missing_source_block","No source history block found."
"F:\Storage\Codding\git\Crusader Kings III\Leviathonlx MoreBookmarks-Plus\BookmarksGit\test_files\history\provinces\00_MB_PROVINCES.txt","10397","1468","00_MB_PROVINCES.txt","applied","Exact source history block applied to target province ID."
"F:\Storage\Codding\git\Crusader Kings III\Leviathonlx MoreBookmarks-Plus\BookmarksGit\test_files\history\provinces\00_MB_PROVINCES.txt","10399","12848","00_MB_PROVINCES.txt","applied","Exact source history block applied to target province ID."
"F:\Storage\Codding\git\Crusader Kings III\Leviathonlx MoreBookmarks-Plus\BookmarksGit\test_files\history\provinces\00_MB_PROVINCES.txt","10401","12849","00_MB_PROVINCES.txt","applied","Exact source history block applied to target province ID."
"F:\Storage\Codding\git\Crusader Kings III\Leviathonlx MoreBookmarks-Plus\BookmarksGit\test_files\history\provinces\00_MB_PROVINCES.txt","11061","9598","00_MB_PROVINCES.txt","applied","Exact source history block applied to target province ID."
"F:\Storage\Codding\git\Crusader Kings III\Leviathonlx MoreBookmarks-Plus\BookmarksGit\test_files\history\provinces\00_MB_PROVINCES.txt","11515","10986","00_MB_PROVINCES.txt","applied","Exact source history block applied to target province ID."
"F:\Storage\Codding\git\Crusader Kings III\Leviathonlx MoreBookmarks-Plus\BookmarksGit\test_files\history\provinces\00_MB_PROVINCES.txt","11535","9630","00_MB_PROVINCES.txt","applied","Exact source history block applied to target province ID."
"F:\Storage\Codding\git\Crusader Kings III\Leviathonlx MoreBookmarks-Plus\BookmarksGit\test_files\history\provinces\00_MB_PROVINCES.txt","11838","402","","missing_source_block","No source history block found."
"F:\Storage\Codding\git\Crusader Kings III\Leviathonlx MoreBookmarks-Plus\BookmarksGit\test_files\history\provinces\00_MB_PROVINCES.txt","11845","11502","","missing_source_block","No source history block found."
"F:\Storage\Codding\git\Crusader Kings III\Leviathonlx MoreBookmarks-Plus\BookmarksGit\test_files\history\provinces\00_MB_PROVINCES.txt","11961","12562","00_MB_PROVINCES.txt","applied","Exact source history block applied to target province ID."
"F:\Storage\Codding\git\Crusader Kings III\Leviathonlx MoreBookmarks-Plus\BookmarksGit\test_files\history\provinces\00_MB_PROVINCES.txt","11968","12561","00_MB_PROVINCES.txt","applied","Exact source history block applied to target province ID."
"F:\Storage\Codding\git\Crusader Kings III\Leviathonlx MoreBookmarks-Plus\BookmarksGit\test_files\history\provinces\00_MB_PROVINCES.txt","13011","10974","00_MB_PROVINCES.txt","applied","Exact source history block applied to target province ID."
"F:\Storage\Codding\git\Crusader Kings III\Leviathonlx MoreBookmarks-Plus\BookmarksGit\test_files\history\provinces\00_MB_PROVINCES.txt","13115","11454","00_MB_PROVINCES.txt","applied","Exact source history block applied to target province ID."
"F:\Storage\Codding\git\Crusader Kings III\Leviathonlx MoreBookmarks-Plus\BookmarksGit\test_files\history\provinces\00_MB_PROVINCES.txt","14327","12432","00_MB_PROVINCES.txt","applied","Exact source history block applied to target province ID."
"F:\Storage\Codding\git\Crusader Kings III\Leviathonlx MoreBookmarks-Plus\BookmarksGit\test_files\history\provinces\00_MB_PROVINCES.txt","14509","11529","00_MB_PROVINCES.txt","applied","Exact source history block applied to target province ID."
"F:\Storage\Codding\git\Crusader Kings III\Leviathonlx MoreBookmarks-Plus\BookmarksGit\test_files\history\provinces\00_MB_PROVINCES.txt","14510","11530","00_MB_PROVINCES.txt","applied","Exact source history block applied to target province ID."
"F:\Storage\Codding\git\Crusader Kings III\Leviathonlx MoreBookmarks-Plus\BookmarksGit\test_files\history\provinces\00_MB_PROVINCES.txt","14511","11531","00_MB_PROVINCES.txt","applied","Exact source history block applied to target province ID."
"F:\Storage\Codding\git\Crusader Kings III\Leviathonlx MoreBookmarks-Plus\BookmarksGit\test_files\history\provinces\00_MB_PROVINCES.txt","14512","11532","00_MB_PROVINCES.txt","applied","Exact source history block applied to target province ID."
"F:\Storage\Codding\git\Crusader Kings III\Leviathonlx MoreBookmarks-Plus\BookmarksGit\test_files\history\provinces\00_MB_PROVINCES.txt","14513","11533","00_MB_PROVINCES.txt","applied","Exact source history block applied to target province ID."
"F:\Storage\Codding\git\Crusader Kings III\Leviathonlx MoreBookmarks-Plus\BookmarksGit\test_files\history\provinces\00_MB_PROVINCES.txt","14514","11534","00_MB_PROVINCES.txt","applied","Exact source history block applied to target province ID."
"F:\Storage\Codding\git\Crusader Kings III\Leviathonlx MoreBookmarks-Plus\BookmarksGit\test_files\history\provinces\00_MB_PROVINCES.txt","14515","11535","00_MB_PROVINCES.txt","applied","Exact source history block applied to target province ID."
"F:\Storage\Codding\git\Crusader Kings III\Leviathonlx MoreBookmarks-Plus\BookmarksGit\test_files\history\provinces\00_MB_PROVINCES.txt","14516","11536","00_MB_PROVINCES.txt","applied","Exact source history block applied to target province ID."
"F:\Storage\Codding\git\Crusader Kings III\Leviathonlx MoreBookmarks-Plus\BookmarksGit\test_files\history\provinces\00_MB_PROVINCES.txt","14517","11539","00_MB_PROVINCES.txt","applied","Exact source history block applied to target province ID."
"F:\Storage\Codding\git\Crusader Kings III\Leviathonlx MoreBookmarks-Plus\BookmarksGit\test_files\history\provinces\00_MB_PROVINCES.txt","14518","11540","00_MB_PROVINCES.txt","applied","Exact source history block applied to target province ID."
"F:\Storage\Codding\git\Crusader Kings III\Leviathonlx MoreBookmarks-Plus\BookmarksGit\test_files\history\provinces\00_MB_PROVINCES.txt","14519","11541","00_MB_PROVINCES.txt","applied","Exact source history block applied to target province ID."
"F:\Storage\Codding\git\Crusader Kings III\Leviathonlx MoreBookmarks-Plus\BookmarksGit\test_files\history\provinces\00_MB_PROVINCES.txt","14520","11542","00_MB_PROVINCES.txt","applied","Exact source history block applied to target province ID."
"F:\Storage\Codding\git\Crusader Kings III\Leviathonlx MoreBookmarks-Plus\BookmarksGit\test_files\history\provinces\00_MB_PROVINCES.txt","14521","11543","00_MB_PROVINCES.txt","applied","Exact source history block applied to target province ID."
"F:\Storage\Codding\git\Crusader Kings III\Leviathonlx MoreBookmarks-Plus\BookmarksGit\test_files\history\provinces\00_MB_PROVINCES.txt","14539","12552","00_MB_PROVINCES.txt","applied","Exact source history block applied to target province ID."
"F:\Storage\Codding\git\Crusader Kings III\Leviathonlx MoreBookmarks-Plus\BookmarksGit\test_files\history\provinces\00_MB_PROVINCES.txt","14540","12553","00_MB_PROVINCES.txt","applied","Exact source history block applied to target province ID."
"F:\Storage\Codding\git\Crusader Kings III\Leviathonlx MoreBookmarks-Plus\BookmarksGit\test_files\history\provinces\00_MB_PROVINCES.txt","14541","12554","00_MB_PROVINCES.txt","applied","Exact source history block applied to target province ID."
"F:\Storage\Codding\git\Crusader Kings III\Leviathonlx MoreBookmarks-Plus\BookmarksGit\test_files\history\provinces\00_MB_PROVINCES.txt","14543","12556","00_MB_PROVINCES.txt","applied","Exact source history block applied to target province ID."
"F:\Storage\Codding\git\Crusader Kings III\Leviathonlx MoreBookmarks-Plus\BookmarksGit\test_files\history\provinces\00_MB_PROVINCES.txt","14545","12558","00_MB_PROVINCES.txt","applied","Exact source history block applied to target province ID."
"F:\Storage\Codding\git\Crusader Kings III\Leviathonlx MoreBookmarks-Plus\BookmarksGit\test_files\history\provinces\00_MB_PROVINCES.txt","14546","12559","00_MB_PROVINCES.txt","applied","Exact source history block applied to target province ID."
"F:\Storage\Codding\git\Crusader Kings III\Leviathonlx MoreBookmarks-Plus\BookmarksGit\test_files\history\provinces\00_MB_PROVINCES.txt","14547","12560","00_MB_PROVINCES.txt","applied","Exact source history block applied to target province ID."
"F:\Storage\Codding\git\Crusader Kings III\Leviathonlx MoreBookmarks-Plus\BookmarksGit\test_files\history\provinces\00_MB_PROVINCES.txt","14548","12564","00_MB_PROVINCES.txt","applied","Exact source history block applied to target province ID."
"F:\Storage\Codding\git\Crusader Kings III\Leviathonlx MoreBookmarks-Plus\BookmarksGit\test_files\history\provinces\00_MB_PROVINCES.txt","14549","12565","00_MB_PROVINCES.txt","applied","Exact source history block applied to target province ID."
"F:\Storage\Codding\git\Crusader Kings III\Leviathonlx MoreBookmarks-Plus\BookmarksGit\test_files\history\provinces\00_MB_PROVINCES.txt","14551","12567","00_MB_PROVINCES.txt","applied","Exact source history block applied to target province ID."
"F:\Storage\Codding\git\Crusader Kings III\Leviathonlx MoreBookmarks-Plus\BookmarksGit\test_files\history\provinces\00_MB_PROVINCES.txt","14553","12569","00_MB_PROVINCES.txt","applied","Exact source history block applied to target province ID."
"F:\Storage\Codding\git\Crusader Kings III\Leviathonlx MoreBookmarks-Plus\BookmarksGit\test_files\history\provinces\00_MB_PROVINCES.txt","14562","11548","00_MB_PROVINCES.txt","applied","Exact source history block applied to target province ID."
